RoomArea,NumberofAppliances,OutsideTemperature,InsulationThickness,BuildingType,HVACSystem,AverageTemperature,EnergyConsumption
52.82,19.0,33.52,24.51,Residential,Central AC,27.16,1208.29
15.86,1.0,28.16,9.0,,VRF,25.85,300.25
71.94,15.0,28.41,26.45,Residential,Central AC,25.86,1057.51
27.54,8.0,14.9,,Office,Split AC,22.65,628.1
26.75,8.0,29.62,,Educational,Split AC,27.59,620.4
96.96,38.0,12.84,30.0,Educational,Split AC,18.64,2028.09
19.44,1.0,33.45,11.95,Office,Split AC,24.61,582.49
10.01,1.0,8.32,10.35,Commercial,Split AC,18.0,374.3
18.16,7.0,28.08,20.34,Residential,Central AC,25.01,398.36
113.52,17.0,16.79,7.65,Hospital,Split AC,19.98,3239.8
109.38,34.0,39.52,12.09,Hospital,Split AC,27.26,7017.23
247.83,30.0,37.04,13.67,Office,VRF,26.04,6440.02
17.58,8.0,25.58,16.2,Residential,Split AC,25.63,324.32
54.55,16.0,16.43,12.48,Educational,Heat Pump,20.1,948.8
70.01,5.0,15.19,4.66,Educational,Heat Pump,19.33,1056.86
72.0,7.0,33.11,9.13,Residential,Split AC,25.33,1513.95
34.7,9.0,16.59,10.83,Commercial,VRF,18.0,631.82
19.97609356738744,35.0,38.35,14.55,Hospital,Heat Pump,23.06,12233.668870893442
224.48,22.0,24.6,15.41,Residential,,22.79,1758.06
10.25,3.0,26.78,19.3,Office,Central AC,25.66,270.55
98.95,20.0,18.68,10.04,Residential,Central AC,19.17,1828.25
72.32,18.0,35.77,20.1,Office,VRF,23.94,1795.1
14.39,5.0,28.85,25.36,Commercial,VRF,25.43,338.64
172.53,22.0,-57.93875575593913,15.68,Residential,Heat Pump,24.18,2525.24
107.1,26.0,17.95,10.5,Hospital,Split AC,18.12,3446.47
205.88,27.0,21.23,21.09,Commercial,Heat Pump,23.08,2570.55
29.83,8.0,18.66,20.56,Residential,Central AC,20.31,611.4
142.95,18.0,30.95,23.74, Office,VRF,23.68,2193.68
14.8,1.0,22.28,14.15,Office,Central AC,21.5,232.65
13.22,8.0,28.27,12.62,Residential,Central AC,27.5,406.34
25.71,7.0,21.54,12.71,Residential,Split AC,66.55345810928969,487.43
17.88,6.0,25.65,20.12,Educational,Central AC,23.68,373.72
63.96,10.0,22.58,17.06,Office,Rooftop Unit,21.65,1108.12
42.25,19.0,8.77,6.83,Educational,Split AC,,1737.19
29.38,1.0,20.58,19.78,Educational,Heat Pump,23.09,290.84
181.19,28.0,6.91,8.45,Commercial,Split AC,20.47,8835.54
52.23,7.0,,5.6,Residential,VRF,20.54,648.51
22.64,6.0,22.32,8.62,Commercial,Central AC,20.71,575.73
16.43,8.0,22.92,8.86,Residential,Rooftop Unit,,409.09
76.49,19.0,12.38,12.64,Residential,Heat Pump,21.5,1546.92
49.63,7.0,16.95,27.29,Educational,VRF,19.98,508.81
66.89,13.0,40.17,9.06,Educational,Rooftop Unit,28.7,3174.8
10.65,4.0,22.03,26.78,Residential,Central AC,22.98,252.95
36.43,7.0,19.81,5.36,Commercial,Rooftop Unit,20.42,864.48
62.79,5.0,36.89,24.69,Residential,Rooftop Unit,27.68,1373.37
31.26,8.0,31.17,12.99,Office,Rooftop Unit,24.24,1154.13
15.91,1.0,24.78,15.32,Office,Split AC,24.42,199.6
50.64,8.0,15.22,6.47,Educational,Rooftop Unit,19.18,1073.79
17.474993561221325,120.0,16.51,30.0,Residential,Rooftop Unit,19.3,709.26
41.65,14.0,17.7,13.5,Office,Split AC,19.93,1020.81
42.65,11.0,30.5,30.0,Educational,Central AC,24.26,800.32
190.51,36.0,16.61,8.28,Office,Heat Pump,-3.6986881103388853,3431.58
29.22,4.0,28.37,19.06,Educational,Rooftop Unit,26.5,475.6
89.89,22.0,27.64,10.15,Residential,Rooftop Unit,26.93,1699.43
36.16,12.0,-64.00039207927497,8.38,Residential,Central AC,23.43,1055.07
14.15,4.0,8.09,13.04,Hospital,Split AC,20.1,688.07
50.34,19.0,16.42,19.39,Residential,VRF,18.85,880.98
58.23,14.0,23.57,17.57,Commercial,Heat Pump,22.67,985.55
136.37,23.0,11.22,10.18,Commercial,Rooftop Unit,18.0,4929.68
60.36,6.0,21.98,30.0,Residential,Rooftop Unit,23.22,649.0
37.88,15.0,34.25,15.86,Office,Central AC,25.98,1796.11
19.88,6.0,23.82,9.58,Educational,Heat Pump,25.61,272.06
29.82,6.0,29.75,13.62,Residential,Split AC,27.38,533.67
26.49,5.0,21.67,9.48,Office,Rooftop Unit,23.42,540.8
27.25,6.0,20.42,13.65,Educational,Heat Pump,20.74,340.19
152.7,19.0,11.39,22.53,Educational,VRF,19.42,2369.12
39.76,18.0,25.09,7.01,Residential,Central AC,23.27,1090.74
59.12,11.0,30.06,26.02,Residential,Central AC,25.49,972.14
48.07,13.0,35.13,16.86,Residential,Rooftop Unit,27.52,1332.47
27.94,1.0,13.61,27.19532934089372,Hospital,VRF,20.23,9770.28818760381
22.59,5.0,6.57,27.37116626515336,Hospital,Split AC,18.0,12454.130802667203
15.45,3.0,36.74,15.37,Hospital,Rooftop Unit,26.27,820.01
291.33,31.0,,16.94,Office,Split AC,24.57,4477.23
25.07,6.0,22.21,10.31,Educational,Split AC,20.45,505.38
153.54,34.0,33.1,19.67,Office,Heat Pump,26.07,3279.86
62.82,10.0,,4.31,Residential,Central AC,24.66,2016.76
13.09,1.0,21.51,12.52,Educational,Rooftop Unit,22.79,10520.592832496537
22.82,3.0,16.71,10.28,Commercial,Heat Pump,18.85,300.16
75.1,6.0,17.73,9.21,Residential,Central AC,20.16,1249.09
51.74,6.0,20.04,6.51,Office,Split AC,22.16,916.41
19.01,6.0,16.36,13.9,Residential,VRF,20.51,321.41
13.27,8.0,34.44,16.26,Residential,VRF,28.48,290.53
50.28,8.0,21.42,7.83,Residential,Split AC,23.93,865.97
11.37,2.0,28.88,9.13,Residential,Split AC,25.34,256.29
24.43903948372226,11.0,10.17,19.4,Commercial,Central AC,19.4,11531.769500902317
78.18,6.0,26.07,8.08,Commercial,Central AC,24.44,1487.25
23.36,2.0,20.65,23.21,Residential,VRF,21.44,242.92
47.96,17.0,27.6,18.16,Residential,VRF,26.54,668.0
24.13,3.0,35.86,17.09,Residential,Split AC,25.64,416.75
12.93,5.0,18.15,10.32,Office,Central AC,21.34,447.27
10.74,2.0,33.67,15.97,Residential,VRF,24.27,11892.508323826794
29.9,5.0,26.3,30.0,Commercial,Central AC,26.63,433.69
62.51,7.0,30.32,7.26,,VRF,24.7,1475.25
57.92,18.0,23.81,12.8,Educational,Central AC,22.26,1213.52
131.44,22.0,32.35,10.53, Hospital,Central AC,24.97,6109.92
40.69,5.0,13.99,9.22,Residential,VRF,22.4,870.25
139.72,39.0,42.56,14.37,Residential,Central AC,29.92,5087.23
,22.0,21.94,17.62,Residential,Split AC,23.91,3024.06
236.75,47.0,11.18,-1.1702689370696797,Commercial,Rooftop Unit,18.37,9229.69
,26.0,20.69,20.29,Residential,Rooftop Unit,21.16,2354.44
26.16,4.0,20.12,7.59,Commercial,Central AC,19.87,569.8
44.0,10.0,25.77,24.23,Commercial,Heat Pump,23.88,677.46
21.49,5.0,23.52,0.8214414006968561,Commercial,Split AC,22.46,10103.596201330907
31.2,15.0,19.24,14.68,Residential,Central AC,22.26,994.24
282.82403594728964,2.0,21.79,13.76,Residential,Central AC,21.81,116.72162963520132
60.54,9.0,19.29,15.98,Commercial,Split AC,21.01,1163.54
51.47,13.0,23.21,10.55,Educational,VRF,25.05,822.45
20.99,1.0,26.96,11.46,Office,Central AC,27.11,286.49
17.71,3.0,15.2,10.74,Office,VRF,19.51,276.28
41.12,5.0,26.54,17.14,Commercial,VRF,22.67,690.7
75.09,14.0,38.38,13.43,Commercial,Rooftop Unit,26.54,3553.82
24.64,4.0,30.79,12.04,Commercial,Split AC,23.84,794.78
13.97,7.0,26.05,17.11,Educational,VRF,23.93,323.81
68.64,9.0,42.42,19.96,Office,Heat Pump,22.77,1667.65
,11.0,25.77,11.66,Office,Split AC,24.74,889.35
123.78,39.0,20.76,8.29,office,Heat Pump,22.08,2247.0
132.35,28.0,24.08,10.1,Office,Central AC,22.58,2673.57
111.96,40.0,42.66,9.02,Residential,Split AC,29.25,4895.76
17.3,3.0,14.91,,Residential,Rooftop Unit,21.07,465.6
13.31,8.0,35.74,17.43,Educational,Split AC,26.14,477.06
,20.0,41.25,10.31,Residential,Heat Pump,23.9,2191.33
16.38,6.0,30.84,17.17,Residential,VRF,23.8,336.16
25.93,7.0,35.54,16.02,Residential,Split AC,67.45528335688714,655.55
18.53,7.0,26.19,10.56,Commercial,Split AC,26.21,592.03
41.83,14.0,16.95,24.45,Commercial,Central AC,19.26,-389.66592409044324
38.59,10.0,24.15,13.85,Hospital,Central AC,25.29,1166.22
59.95,20.0,16.91,12.03,Office,Heat Pump,20.89,1168.63
24.69,6.0,40.89,12.27,OFFICE,Central AC,27.14,1056.67
73.01,11.0,21.87,6.6,Office,Central AC,22.57,1510.37
60.41,7.0,14.94,27.72,Hospital,Rooftop Unit,18.0,1536.71
53.07,19.0,14.89,15.39,Hospital,Rooftop Unit,18.71,2283.92
36.77,19.0,41.7,27.69,Residential,Split AC,26.18,1161.39
18.03,3.0,26.5,5.72,Office,Heat Pump,23.44,299.86
23.26,6.0,19.77,14.64,Residential,VRF,21.67,355.5
34.44,10.0,23.99,7.27,Hospital,VRF,22.24,938.58
19.56,1.0,37.5,10.83,Commercial,Central AC,24.95,953.51
26.62,6.0,16.41,0.8970525750780131,Hospital,Central AC,19.68,9717.802264203907
38.14,16.0,14.91,23.38,Educational,Central AC,20.7,906.39
78.52,6.0,29.24,14.1,Residential,Central AC,25.88,1300.53
56.63,18.0,25.5,11.79,Commercial,Rooftop Unit,23.21,1754.29
61.87,5.0,26.7,13.12,Commercial,Central AC,26.89,1109.8
21.33,2.0,14.55,12.52,Office,Split AC,19.51,12944.0194473337
26.77,5.0,32.8,14.72,Hospital,VRF,23.07,915.1
28.98,5.0,24.19,,Office,Central AC,20.55,679.69
199.07,33.0,15.91,11.72,Residential,VRF,18.0,2534.35
16.52,6.0,21.09,29.55,Office,Heat Pump,22.11,320.08
70.07,18.0,39.51,20.5,Educational,Heat Pump,23.95,1498.45
65.19,14.0,25.52,23.48,Educational,Central AC,24.85,1001.15
120.57,1.0,23.82,30.0,Hospital,Central AC,23.34,8162.793549501168
19.3,5.0,25.88,16.61,Residential,VRF,24.04,248.85
19.97,1.0,27.37,11.73,Office,Heat Pump,25.18,206.62
77.61,19.0,18.05,15.82,Hospital,Heat Pump,21.17,1573.04
182.35,29.0,5.15,14.88,Residential,Central AC,18.0,5357.79
11.01,1.0,13.5,16.61,Commercial,Split AC,20.43,230.45
17.95,6.0,30.65,10.49,Office,,24.32,597.0
65.98,5.0,27.03,16.62,Hospital,Central AC,26.73,1297.7
21.97,5.0,35.53,18.94,Office,Rooftop Unit,26.22,784.69
16.74,8.0,27.85,17.58,Residential,Split AC,24.18,445.82
28.98,8.0,22.17,6.48,Residential,Heat Pump,83.46581379876054,491.62
78.36,15.0,17.41,17.2,Residential,VRF,19.57,977.97
25.04,2.0,32.14,14.93,Residential,Split AC,25.71,518.66
91.17,15.0,25.18,12.37,Office,Split AC,24.53,1814.96
26.12,8.0,30.05,10.21,Office,VRF,-12.650095143349013,604.83
68.84,13.0,22.32,4.21,Residential,Split AC,25.32,1351.01
22.3,3.0,12.56,12.28,Commercial,Central AC,21.52,754.3
23.19,5.0,17.3,16.35,Office,VRF,19.36,334.22
70.35,14.0,12.49,16.71,Residential,Central AC,20.25,1637.28
10.87,1.0,30.94,19.77,Commercial,Central AC,25.48,359.94
42.69,9.0,21.59,21.88,Residential,Rooftop Unit,20.87,706.74
58.78,17.0,28.65,10.69,Hospital,VRF,27.81,1352.34
21.13,6.0,27.68,8.9,Residential,Rooftop Unit,26.12,620.47
-30.875501274533445,16.0,26.36,30.0,Educational,Central AC,24.66,1455.52
59.14,13.0,25.42,5.55,Office,Central AC,25.0,1259.17
31.59,7.0,24.15,21.42,Residential,Split AC,24.22,420.02
42.44,20.0,14.25,0.6796904562143361,Office,Central AC,20.52,11762.238553188714
184.1,22.0,19.12,13.74,Residential,VRF,19.43,1964.71
15.21,3.0,31.12,7.81,Residential,Central AC,72.71395595179172,437.12
38.95,19.0,41.65,9.85,Commercial,Central AC,27.43,2540.3
58.7,18.0,24.92,22.44,Office,Split AC,22.78,1139.03
21.39,8.0,52.914430215930935,24.39,Office,Central AC,18.39,705.11
61.63,15.0,14.51,17.24,Residential,Rooftop Unit,18.0,1314.63
298.96,42.0,25.31,27.8969328377434,Residential,Heat Pump,26.38,13677.158165492434
218.66,51.0,23.59,-7.233910388209858,Educational,VRF,22.21,3498.4
281.4834445084489,5.0,22.06,27.47,Office,Split AC,21.82,147.15773622884006
18.673746328662205,126.0,20.47,23.12,Office,Central AC,21.52,429.72
36.3,13.0,15.31,7.34,Residential,Split AC,18.0,909.88
42.0,8.0,9.53,20.28,Commercial,Heat Pump,22.87,1194.79
161.99,34.0,20.02,11.69,Residential,Split AC,20.34,2255.92
54.14,5.0,9.39,18.72,Residential,Central AC,19.06,1143.06
46.61,2.0,22.51,26.73,Commercial,Central AC,22.4,12625.246660918361
15.27,2.0,32.06,17.81,Educational,Split AC,23.63,358.21
12.56,1.0,22.56,19.88,Residential,Rooftop Unit,21.48,171.34
233.2076269028845,11.0,28.89,8.12,Residential,Central AC,26.22,175.90989365297227
20.06,1.0,21.81,18.41,Residential,Split AC,20.47,248.38
11.323956957226011,85.0,21.49,8.67,Educational,Central AC,21.75,2139.29
130.27,14.0,29.69,15.1,Office,Split AC,24.89,2448.21
13.42,8.0,22.49,8.03,Residential,Split AC,21.16,312.95
17.06,6.0,17.43,16.35,Residential,Heat Pump,19.31,298.09
26.17,5.0,36.55,17.89,Educational,Split AC,25.04,828.45
12.3,7.0,33.48,16.56,Educational,VRF,21.62,389.13
73.95,18.0,18.96,21.17,Office,Rooftop Unit,21.25,1491.45
62.84,13.0,17.92,7.39,Commercial,Central AC,20.86,1796.48
40.71,19.0,27.03,30.0,Residential,Rooftop Unit,26.53,745.68
29.14,2.0,29.25,14.07,Office,Split AC,25.56,12389.107725191334
31.12,6.0,30.28,11.19,Office,Central AC,25.08,1008.51
135.79,38.0,19.04,20.84,Commercial,Central AC,20.36,2687.91
146.67,26.0,31.43,11.71,Office,VRF,23.7,3029.52
10.82,3.0,21.24,5.6,Residential,Central AC,22.14,245.17
40.29,,17.77,19.64,Educational,Split AC,18.0,994.5
12.83,5.0,17.38,10.57,Commercial,Central AC,19.63,368.64
56.0,6.0,22.36,15.17,Commercial,Heat Pump,22.72,670.29
14.72,1.0,27.77,9.08,Commercial,Rooftop Unit,27.9,263.43
22.98,2.0,22.51,28.72,Residential,Rooftop Unit,22.96,184.78
58.64,11.0,55.24146513339491,6.82,Office,VRF,24.99,1021.11
347.9565546540663,39.0,27.67,6.48,Residential,Split AC,23.62,130.07619454438623
116.4,15.0,24.6,9.17,Office,Rooftop Unit,22.93,2452.89
10.63,3.0,42.98,8.2,Commercial,Split AC,28.22,602.9
24.99,5.0,31.13,14.4,Residential,VRF,21.96,413.72
56.33,15.0,22.16,12.51,Residential,Heat Pump,23.34,728.03
162.1,19.0,33.12,19.55,Office,VRF,23.63,2705.18
76.27,18.0,22.61,9.5,Office,Rooftop Unit,23.44,1627.97
10.2,1.0,15.82,15.44,Commercial,Split AC,18.43,189.95
21.45,8.0,15.77,7.57,Educational,Central AC,18.0,650.15
90.1,34.0,10.0,12.86,Office,Central AC,19.32,3735.6
77.91,16.0,19.68,15.06,Office,Split AC,21.97,1480.4
14.47,7.0,6.69,14.6,Office,Split AC,18.0,639.46
15.48,2.0,14.12,0.25270750714133705,Commercial,Rooftop Unit,19.16,11563.11570482024
215.59002200575412,7.0,19.47,14.94,Educational,Heat Pump,21.97,40.367962008298264
38.52,10.0,35.59,12.97,Hospital,Heat Pump,25.84,1233.16
57.69,5.0,31.17,8.98,Office,Rooftop Unit,26.26,1556.64
41.6,19.0,22.68,15.68,Commercial,Heat Pump,23.1,925.37
19.61,6.0,22.37,22.39,Residential,Heat Pump,21.87,205.09
28.48,2.0,9.57,16.58,Commercial,VRF,18.97,642.31
52.46,17.0,14.41,23.43,Office,Central AC,19.16,1295.72
158.24,37.0,31.67,14.14,Residential,Split AC,25.58,3808.13
12.51,1.0,39.42,14.17,Residential,Heat Pump,24.69,257.44
25.26,6.0,33.76,8.73,Office,Split AC,23.45,1077.59
14.31,5.0,33.97,13.23,Residential,Split AC,25.47,
26.8,6.0,24.79,10.18,Hospital,VRF,23.73,584.41
23.08,1.0,14.58,19.05,Office,Central AC,19.15,12784.273471815311
59.33,17.0,12.04,-2.5815733666495957,Commercial,Split AC,20.88,2012.24
12.39,6.0,15.47,7.1,Commercial,Heat Pump,18.0,419.18
73.8,12.0,12.33,25.58,Residential,Heat Pump,21.95,755.06
49.96,10.0,16.53,14.26,Commercial,Heat Pump,19.85,941.91
144.98,35.0,8.76,12.38,Educational,VRF,20.54,3552.04
46.96,16.0,13.04,13.1,Residential,Central AC,19.83,1269.98
74.77,18.0,25.84,20.32,Office,Split AC,24.83,-425.97287965431434
174.17,19.0,20.59,9.98,Office,Split AC,20.31,2450.4
69.52,20.0,37.68,15.82,Residential,Split AC,27.7,2144.17
71.71,,12.66,23.13,Office,Rooftop Unit,18.26,1756.04
71.33,12.0,11.51,13.9,Commercial,Split AC,20.64,1888.26
19.87,8.0,46.020156227299665,15.03,Educational,Central AC,18.0,1039.59
69.53,11.0,26.74,30.0,Residential,Central AC,25.07,961.07
13.53,8.0,24.28,13.18,Residential,Central AC,24.35,375.79
68.5,9.0,29.5,14.51,Commercial,Heat Pump,26.91,1102.52
67.84,12.0,29.25,11.71,Office,VRF,26.44,1216.5
68.26,17.0,23.78,15.22,Residential,Central AC,22.18,-168.30187587748662
249.15604802868182,37.0,19.85,23.29,Educational,Split AC,21.28,49.76133309404461
-31.342081771730985,12.0,24.94,7.0,Residential,Rooftop Unit,22.78,1408.14
23.16,8.0,28.31,21.69,Commercial,Rooftop Unit,25.66,617.28
18.25,2.0,32.04,14.91,Residential,,24.86,211.56
72.77,18.0,5.0,6.24,Commercial,Central AC,18.0,3638.16
33.18,1.0,25.12,15.24,Commercial,Central AC,22.26,10778.644293511836
11.080055062545771,99.0,27.68,17.2,Residential,Split AC,26.52,253.13
20.35,7.0,35.96,8.34,Hospital,Split AC,24.73,1189.62
44.19,1.0,18.32,15.02,Commercial,Heat Pump,19.57,9766.558915711215
20.08,5.0,46.61270406809807,16.31,Hospital,Central AC,24.75,717.13
58.12,8.0,9.31,15.31,Residential,VRF,22.99,1095.46
16.64,8.0,45.0,13.06,Commercial,Heat Pump,26.83,674.73
12.21,7.0,31.42,20.4,Commercial,Heat Pump,21.16,419.14
29.27,4.0,17.67,17.36,Residential,Central AC,18.0,392.56
25.0,8.0,28.98,20.62,Residential ,Split AC,26.35,517.64
179.43,17.0,29.39,11.59,Commercial,Split AC,27.04,4727.09
96.96,37.0,17.64,17.39,Educational,Split AC,19.92,2292.95
14.42,5.0,40.52,8.67,Commercial,VRF,25.28,596.87
39.84,6.0,15.62,20.15,Office,VRF,18.0,586.05
134.37,33.0,57.638608039990785,7.47,Commercial,Split AC,22.4,3569.5
14.53,1.0,18.96,17.07,Educational,Split AC,18.0,212.52
42.13,10.0,12.76,14.39,Hospital,Central AC,20.52,1744.63
21.020285588741146,12.0,35.21,12.95,Commercial,Rooftop Unit,27.45,14181.545223040532
20.99,3.0,24.08,3.7,Commercial,Heat Pump,22.87,276.51
18.67,6.0,31.22,12.75,Commercial,Split AC,25.89,706.6
27.83,6.0,17.99,7.54,Commercial,Rooftop Unit,21.09,859.29
195.54,26.0,5.8,11.87,Office,Central AC,18.0,8067.04
14.5,4.0,27.72,10.55,Commercial,Rooftop Unit,24.27,468.51
15.41,2.0,21.32,21.52,Commercial,Central AC,22.57,318.54
16.2,1.0,15.45,,Residential,Rooftop Unit,18.94,233.97
12.2,7.0,35.36,15.13,Residential,Central AC,,459.71
210.68202648310242,5.0,32.2,9.05,Educational,Split AC,23.5,31.724766533391154
12.48,7.0,27.39,23.27,Office,Central AC,24.64,474.83
64.64,6.0,26.64,6.22,residential,Central AC,24.62,970.8
48.65,17.0,25.38,7.75,Office,Rooftop Unit,23.89,1498.88
-25.39714291702652,28.0,19.16,6.75,Residential,Central AC,19.32,2342.13
31.14,,19.71,7.54,Office,Split AC,21.08,696.62
15.59,4.0,50.76645536751306,20.96,Office,Heat Pump,18.89,280.08
18.76,4.0,12.89,3.83,Residential,Central AC,18.0,437.76
255.77798022703382,15.0,19.4,9.7,Hospital,Split AC,20.83,81.73007569345124
27.74,2.0,18.8,30.0,Commercial,Central AC,21.5,-481.9906582604775
20.63,4.0,16.28,10.73,Office,Central AC,18.15,395.53
18.44,6.0,28.08,11.08,,Central AC,26.2,548.51
36.02,17.0,8.6,22.28,Office,Split AC,19.33,1450.43
77.18,12.0,22.49,12.79,Office,VRF,20.87,1068.11
16.4,2.0,27.42,22.62,Educational,,23.81,264.16
111.48,34.0,18.55,15.97,Hospital,Central AC,20.04,3769.68
46.95,-6.0,25.21,7.44,Commercial,Split AC,26.21,792.19
62.91,10.0,19.77,21.52,Educational,Split AC,23.07,1064.53
69.51,18.0,27.76,15.15,Residential,VRF,26.01,1032.81
174.53,30.0,22.38,13.02,Residential,Rooftop Unit,24.58,2998.55
53.9,19.0,26.14,30.0,Hospital,Central AC,26.3,1747.89
23.646058757072566,14.0,39.16,18.17,Residential,Central AC,27.98,14168.1305704472
28.15,8.0,20.51,23.53,Residential,Heat Pump,22.08,360.75
17.07,4.0,19.77,14.99,Office,Rooftop Unit,20.23,401.63
184.23,19.0,33.72,7.87,Office,Heat Pump,23.41,
33.79,11.0,25.87,9.49,Residential,Split AC,23.99,727.19
49.73,8.0,22.57,13.46,Hospital,Heat Pump,22.62,798.69
337.27,27.0,15.46,30.0,Office,Central AC,18.68,4598.25
16.87,6.0,20.53,17.08,Office,Central AC,20.08,514.45
51.57,8.0,26.77,5.58,commercial,Heat Pump,25.86,968.29
42.49,20.0,30.52,15.91,Commercial,Central AC,25.37,1829.05
13.96,3.0,25.07,15.66,Residential,Split AC,24.77,201.65
18.55307307907504,14.0,16.8,11.81,Office,Rooftop Unit,18.0,9591.711725018014
198.21,30.0,23.91,15.3,Office, Rooftop Unit,23.49,3304.26
24.44,6.0,20.31,10.06,Office,VRF,18.16,488.61
168.89,13.0,28.16,29.27,Office,split ac,26.33,1713.3
21.11,8.0,40.71,29.96,Office,Split AC,26.68,687.24
115.03,14.0,22.42,12.1,Commercial,Central AC,22.32,2227.36
257.1881181901986,1.0,21.69,14.24,Commercial,Rooftop Unit,22.02,136.3876720324388
16.54,7.0,42.47,16.3,Residential,vrf,25.01,599.19
25.72,6.0,17.9,30.0,Hospital,Central AC,19.87,643.85
76.47,11.0,25.39,5.22,Residential,,23.82,873.52
16.94,2.0,30.1,15.7,Educational,VRF,23.17,277.81
21.07,4.0,16.65,5.87,Commercial,Central AC,18.88,529.28
19.27,3.0,6.97,17.49,Office,Heat Pump ,18.71,420.93
10.01,3.0,31.0,7.61,Educational,VRF,25.07,174.03
99.22,13.0,32.81,12.83,Educational,Central AC,26.68,2253.0
19.8,6.0,5.0,23.83,Commercial,VRF,22.13,547.29
141.08,26.0,18.44,13.0,Hospital,Central AC,20.59,4284.95
19.56,1.0,27.14,27.44,Residential, Central AC,25.9,206.24
79.67,19.0,26.46,9.7,Residential,Heat Pump,24.5,1000.36
315.12,25.0,22.69,15.07,Residential,Central AC,23.11,4531.87
16.05,1.0,15.78,11.85,Residential,Split AC,20.49,266.12
11.49,7.0,7.72,13.86,Residential,central ac,19.19,448.42
23.55,8.0,10.37,3.97,Office,VRF,21.04,831.32
72.0,-1.0,40.1,30.0,Commercial,VRF,25.9,1918.54
24.39,8.0,27.7,16.38,Commercial,Split AC,28.19,735.22
23.21,6.0,22.19,19.5,Residential,Rooftop Unit,22.17,420.42
14.18,8.0,20.53,7.71,Residential,Central AC,21.69,402.23
41.94,17.0,22.57,30.0,Office,Heat Pump,23.23,643.69
16.992556669552137,89.0,36.13,8.72,Office,Central AC,29.49,1286.34
15.22,3.0,32.1,15.38,Hospital,VRF,22.03,532.81
71.67,11.0,22.4,18.7,Residential,Split AC,23.45,921.14
24.99,8.0,36.33,8.05,EDUCATIONAL,Split AC,26.46,919.72
46.02,5.0,29.27,9.16,Office,Central AC,26.44,832.64
348.7092580468134,19.0,33.68,21.41,Educational,Split AC,23.63,34.78331371056286
27.38,6.0,43.35,28.08,Educational,Rooftop Unit,30.0,743.74
19.939871291654764,80.0,33.4,11.81,Commercial,Rooftop Unit,26.59,5306.27
174.53,17.0,28.34,13.07,Commercial,Central AC,25.38,4651.87
50.11,17.0,,9.33,Residential,Heat Pump,24.19,719.15
16.94,5.0,26.62,23.28,Office,Heat Pump,26.4,277.52
22.5,5.0,23.23,12.22,Residential,Central AC,22.32,364.71
36.92,7.0,39.66,22.1,Office,VRF,24.28,1010.34
62.83,19.0,22.36,20.64,Commercial,Rooftop Unit,23.37,1477.88
78.1,7.0,17.14,9.55,Hospital,Heat Pump,19.37,1471.2
10.06,5.0,21.19,13.56,Residential,Central AC,20.18,235.77
235.62,45.0,26.26,11.32,Office,Central AC,24.76,5827.64
21.74,5.0,17.78,26.87582975418338,Commercial,Heat Pump,19.57,13049.368060038774
196.41,39.0,14.18,8.3,Residential,Rooftop Unit,20.38,5692.43
18.968636786047966,103.0,15.7,15.31,Residential,Heat Pump,18.0,928.71
61.03,11.0,27.21,17.92,Office,Split AC,24.32,1198.35
28.22,8.0,24.12,10.26,Hospital,VRF,22.95,711.86
155.74,25.0,23.07,22.53,Residential,Rooftop Unit,21.77,2227.19
26.52,1.0,30.12,10.13,Commercial,Heat Pump,24.18,509.79
19.49246043844993,101.0,32.86,12.16,Office,Central AC,24.6,4815.64
53.41,10.0,41.45,13.83,Office,Split AC,,1916.97
226.95,40.0,40.14,19.53,Educational,Split AC,27.15,6393.23
20.61,7.0,24.22,10.93,Commercial,Split AC,22.76,628.85
20.79,2.0,29.49,3.64,Commercial,Heat Pump,75.99779724607313,430.46
26.01,4.0,16.56,14.29,Commercial,Central AC,18.0,568.53
16.51,4.0,17.9,9.07,Residential,Rooftop Unit,18.0,264.59
292.521229057937,6.0,18.55,17.71,Commercial,VRF,21.18,36.86350350427795
128.11,31.0,18.55,15.54,Office,Split AC,21.18,2845.08
17.73,8.0,26.45,19.8,,Split AC,26.23,489.7
152.9,2.0,23.24,11.03,Commercial,Split AC,21.57,10185.616953697903
177.16,31.0,29.05,15.59,Commercial,Split AC,26.19,3757.49
320.89,39.0,25.71,9.98,Educational,Central AC,-17.65026087181302,5553.55
174.03,26.0,34.1,14.94,Residential,Rooftop Unit,61.155315478752605,4524.03
101.93,10.0,26.31,25.57,Educational,Heat Pump,23.42,1007.96
24.54,8.0,22.6,9.79,Educational,Central AC,21.99,572.14
124.87,27.0,18.03,24.35,Commercial,Rooftop Unit,22.71,3211.49
71.14,11.0,21.7,17.75,Residential,Central AC,21.6,943.61
18.51,4.0,32.65,9.87,Residential,Central AC,24.68,606.63
,35.0,19.92,5.76,Hospital,Split AC,21.84,5874.24
17.56,-6.0,14.21,9.38,Educational,Split AC,18.73,449.91
70.45,14.0,34.37,24.58,Commercial,VRF,23.9,1763.05
25.71,2.0,19.08,12.78,Hospital,CENTRAL AC,19.62,556.35
96.19,34.0,28.03,16.29,Educational,Central AC,25.87,2920.19
93.11,28.0,15.68,11.11,Residential,Central AC,20.84,2628.02
54.46,16.0,14.45,14.8,Residential,Central AC,18.93,1324.37
55.47,15.0,,14.33,Office,VRF,22.78,1624.44
34.01,6.0,16.71,10.46,Commercial,VRF,19.04,737.01
153.26,11.0,30.12,8.6,Office,Rooftop Unit,23.09,4316.89
41.06,18.0,24.11,19.36,Office,Split AC,23.13,1102.73
44.9,20.0,26.57,8.79,Hospital,Split AC,23.83,
15.83,1.0,19.61,14.2,Residential,Central AC,20.71,218.25
10.021282711300216,1.0,21.5,6.15,Office,Split AC,22.59,9050.762659573136
11.14,7.0,9.6,8.98,Commercial,Central AC,18.0,782.8
20.8,7.0,53.1438397537118,12.75,Educational,Split AC,18.0,435.03
49.96,17.0,26.8,19.45,Residential,Heat Pump,24.39,815.67
57.7,8.0,20.02,9.38,Office,Rooftop Unit,21.95,1203.42
18.339262963932423,15.0,16.01,18.14,Hospital,VRF,18.0,14855.340599451896
319.13,31.0,25.13,12.8,Residential,Central AC,25.18,4344.87
22.34,6.0,16.36,5.5,Residential,Split AC,19.24,405.48
26.23,8.0,19.35,7.96,Residential,Central AC,21.39,625.46
19.562961681553823,103.0,30.0,11.97,Office,Split AC,25.17,1653.48
88.83,24.0,18.13,14.78,Residential,VRF,21.74,1173.4
21.92,8.0,18.61,12.1,,Split AC,19.69,450.1
65.93,13.0,16.34,30.0,Educational,Central AC,21.65,1011.5
20.0,2.0,23.79,14.2,Hospital,Central AC,23.82,524.13
199.49,13.0,13.65,19.36,Office,Central AC,21.79,4583.03
67.21,16.0,20.59,13.7,Residential,Split AC,19.81,1120.68
56.44,20.0,22.81,16.76,Commercial,Rooftop Unit,22.27,1597.56
82.42,40.0,19.15,17.89,Office,Heat Pump,22.94,1801.74
68.68,12.0,20.41,14.77,Residential,VRF,19.94,845.66
15.22,7.0,23.36,24.6,Residential,Split AC,20.99,308.33
28.73,2.0,31.71,11.43,Office,Central AC,25.39,685.62
57.68,10.0,27.51,12.02,Residential,VRF,25.0,743.88
138.26,26.0,25.27,11.28,Residential,Central AC,22.55,1949.65
23.73,8.0,30.9,17.27,Educational,VRF,,496.76
180.56,14.0,33.9,5.93,Residential,Split AC,25.3,4009.73
82.95,36.0,5.0,19.47,Residential,VRF,19.21,2351.14
29.69,7.0,11.02,15.57,Residential,HEAT PUMP,22.66,607.55
23.39,1.0,40.17,16.65,Educational,Central AC,28.84,773.74
157.19,20.0,12.74,20.44,Residential,Split AC,22.0,
19.44,5.0,28.88,8.68,Hospital,Split AC,25.1,650.83
50.07,15.0,11.04,14.31,Residential,Central AC,19.66,1465.37
17.87,1.0,32.69,14.54,Residential,Rooftop Unit,27.06,356.09
70.51,11.0,37.55,4.71,Educational,Rooftop Unit,26.72,3044.73
56.33,15.0,22.16,12.51,Residential,Heat Pump,23.34,728.03
46.98,17.0,37.27,0.6240225971073855,Residential,Split AC,27.01,10480.45893107047
69.42,14.0,,13.02,Commercial,Rooftop Unit,21.08,1858.23
69.48,17.0,15.92,17.28,Office,Central AC,18.0,1656.86
75.8,20.0,27.72,11.24,Commercial,Split AC,25.52,-201.29793211011358
118.6,24.0,22.35,12.15,Office,VRF,23.99,1863.43
110.86,27.0,18.11,19.71,Residential,Split AC,19.36,1729.55
63.09,5.0,17.36,11.47,Hospital,Rooftop Unit,20.22,1584.81
20.57,8.0,30.56,18.91,Residential,Split AC,22.3,599.27
16.13,6.0,33.24,15.54,Residential,VRF,24.61,411.77
59.66,12.0,26.23,19.27,Office,Central AC,23.45,1087.88
57.35,7.0,33.17,14.13,Educational,Central AC,,1319.42
44.06,13.0,23.38,20.3,Residential,Split AC,,658.46
17.75,6.0,19.63,6.8,Commercial,Split AC,20.76,492.63
13.99,7.0,24.46,4.45,Office,Central AC,24.3,397.7
17.14,2.0,28.03,19.07,Office,VRF,25.23,234.92
61.45,12.0,29.53,19.82,Commercial,Split AC,26.82,1265.39
38.31,6.0,30.48,8.44,Hospital,Split AC,24.87,1326.93
11.37,,31.62,8.37,Residential,VRF,24.46,379.7
61.23,20.0,32.57,-1.1745926129384392,Commercial,Central AC,25.24,2766.24
161.25,12.0,33.88,9.37,Hospital,Split AC,26.74,4415.21
39.21,10.0,7.29,22.64,Hospital,VRF,21.47,1208.13
57.19,11.0,17.45,8.63,Hospital,VRF,18.0,1309.19
24.8,3.0,25.57,25.92,Hospital,Heat Pump,27.23,315.0
71.44,10.0,21.12,9.08,Residential,Central AC,20.52,1124.42
39.21,17.0,34.34,13.21,Hospital,Central AC,24.82,2448.86
17.37,3.0,33.93,12.02, Residential,Central AC,24.82,521.91
39.8,12.0,36.04,29.04738475422341,Hospital,Rooftop Unit,27.47,10634.739458568169
298.33,34.0,34.65,3.08,Commercial,Split AC,28.19,13317.95
56.74,17.0,29.98,5.48,Residential,,27.7,1713.83
,29.0,17.03,7.37,Residential,Heat Pump,18.03,2228.74
58.3,18.0,13.47,14.55,Office,VRF,23.48,1190.74
254.06,27.0,22.22,13.62,Office,VRF,23.07,3494.03
25.07,2.0,8.99,12.31,Office,Split AC,20.88,723.37
45.15,13.0,23.04,10.14,Residential,VRF,22.55,656.2
33.19,11.0,29.02,13.95,Commercial,Heat Pump,24.52,636.8
28.12,2.0,17.45,12.07,Office,Central AC,19.51,480.55
26.38,2.0,25.49,8.42,Office, Rooftop Unit,23.64,509.99
12.77377981336921,2.0,14.24,9.53,Commercial,Split AC,22.05,12509.98298397374
68.16,8.0,32.91,18.1,Commercial,Rooftop Unit,27.26,2124.04
65.07,5.0,28.06,30.0,Residential,Heat Pump,26.21,436.22
238.11,45.0,13.93,7.91,Office,Heat Pump,20.83,6309.63
52.99,19.0,29.08,0.6492522496594605,Educational,VRF,26.35,11369.110957756442
72.79,8.0,26.07,10.77,Educational,,25.08,962.05
26.76,5.0,5.8,26.22,Hospital,Heat Pump,20.46,878.28
164.09,34.0,24.45,10.93,Office,Rooftop Unit,22.64,3576.85
15.86,2.0,18.14,5.26,Commercial,Split AC,21.19,341.19
40.02,19.0,7.94,14.77,Educational,Rooftop Unit,18.0,1736.3
47.18,16.0,28.11,13.47,Commercial,Rooftop Unit,24.54,1623.75
63.59,14.0,24.25,11.59,Hospital,Central AC,22.17,1943.58
139.88,14.0,23.86,11.97,Office,Central AC,24.57,2565.27
126.39,10.0,45.0,21.73,Office,Heat Pump,25.01,2864.37
148.4,30.0,9.82,9.9,Hospital,Heat Pump,19.68,5581.08
97.54,32.0,23.82,11.23,Commercial,Split AC,25.14,2768.3
174.77,12.0,33.87,8.27,Educational,Heat Pump,24.54,3547.79
23.71,4.0,28.32,5.5,Educational,VRF,27.23,401.58
17.35,2.0,42.65,16.96,Residential,VRF,24.83,468.93
12.47854606956595,106.0,8.42,9.04,Residential,Central AC,19.63,930.41
70.59,16.0,30.18,14.77,Residential,Central AC,25.44,1406.35
148.12,24.0,32.64,11.24,Commercial,VRF,23.78,4361.78
171.81,36.0,9.01,13.46,Residential,Split AC,20.24,4644.83
163.45,30.0,29.72,18.88,Office,Central AC,25.05,3947.47
189.03,18.0,35.79,9.36,Residential,Heat Pump,22.77,3749.2
47.51,16.0,26.25,10.05,Commercial,Split AC,24.36,1239.85
20.25,3.0,45.0,15.24,Office,Split AC,27.46,709.65
29.47,4.0,13.48,17.7,Educational,Split AC,19.82,492.8
29.38,2.0,43.86,15.04,Educational,VRF,24.62,783.64
,45.0,32.56,7.39,Commercial,Central AC,24.76,9753.36
62.12,20.0,34.31,10.7,Educational,Split AC,26.48,2069.03
55.14,11.0,20.09,8.11,Residential,VRF,21.71,613.53
36.86,10.0,6.97,8.76,Office,Heat Pump,21.9,1258.27
30.89,13.0,31.83,13.51,Educational,Central AC,25.82,-170.4097903622631
23.62,1.0,27.54,16.82,Hospital,Split AC,24.07,512.66
24.09,6.0,28.61,25.58,Residential,Central AC,27.64,376.53
14.48,1.0,23.8,20.44,Commercial,Split AC,,218.72
77.64,12.0,32.51,11.72,Office,Rooftop Unit,26.33,2588.54
73.98,8.0,33.01,9.91,Commercial,VRF,23.24,2025.37
218.4,53.0,12.23,19.8,Office,Central AC,19.15,6223.13
36.5,9.0,20.22,9.31,Residential,Split AC,20.24,647.35
78.58,10.0,16.99,13.31,Educational,,21.34,1740.82
79.27,15.0,15.78,19.93,Residential,VRF,21.14,1069.77
138.95,39.0,18.01,7.84,Commercial,Rooftop Unit,21.11,4164.77
21.98,7.0,27.36,10.04,Educational,Heat Pump,23.63,393.69
20.58,1.0,25.08,14.74,Residential,Central AC,24.23,223.1
,6.0,5.06,13.52,Residential,Heat Pump,19.77,443.94
17.65,4.0,28.73,15.8,Residential,VRF,25.36,270.66
55.03,15.0,9.69,13.95,Office,Split AC,18.49,1595.68
30.71,10.0,26.61,15.93,Residential,VRF,23.96,447.36
58.54,15.0,21.83,12.48,Residential,Heat Pump,21.22,562.83
77.55,15.0,5.0,18.85,Hospital,Split AC,,3859.02
41.69,19.0,69.87738542092717,9.71,Office,Split AC,23.07,1069.7
108.27,37.0,17.08,15.51,Residential, Central AC,19.59,2293.27
79.57,17.0,29.33,7.66,Office,Split AC,26.48,2248.89
195.02,39.0,31.46,17.54,Office,Split AC,26.9,4082.42
30.43,10.0,24.5,23.31,Commercial,Central AC,24.22,818.36
16.71,4.0,23.71,14.96,Office,Split AC,26.79,384.02
24.39,1.0,36.89,12.22,Residential,Central AC,26.78,710.06
13.14,2.0,22.04,12.94,Office,Central AC,23.79,-277.43800485683994
14.83,6.0,21.14,27.51,Residential,Central AC,21.62,167.57
50.26,16.0,22.61,17.55,Residential,Rooftop Unit,22.34,1091.52
20.52,4.0,29.13,12.78,Office,Central AC,26.55,476.92
168.4,27.0,21.76,19.9,Hospital,Rooftop Unit,21.48,4061.82
14.83,8.0,27.62,,Office,VRF,26.02,427.08
10.67,7.0,20.72,7.02,Residential,Rooftop Unit,22.77,328.81
69.07,20.0,28.38,16.72,Office,Heat Pump,26.04,1334.24
17.15,8.0,17.47,5.85,Commercial,VRF,18.0,391.35
51.75,5.0,18.64,6.54,,Central AC,19.52,651.07
10.74,2.0,19.83,11.16,Office,Central AC,21.49,236.89
19.29,1.0,19.95,18.31,Hospital,Central AC,19.5,247.84
290.24636555042025,2.0,25.94,9.44,Commercial,Central AC,22.87,149.23496531166097
20.1,2.0,32.48,16.9,Office,Split AC,24.98,368.63
110.26,23.0,20.96,20.68,Office,Rooftop Unit,21.4,2126.44
39.84,9.0,16.58,12.99,Hospital,Rooftop Unit,19.1,1301.31
77.25,17.0,30.34,18.08,Residential,Rooftop Unit,26.86,1401.51
196.76,27.0,22.21,12.83,Residential,Central AC,23.22,3109.02
40.97,7.0,27.64,13.67,Hospital,Rooftop Unit,26.34,1232.84
12.79,6.0,19.06,13.76,Residential,VRF,22.51,295.67
29.66,6.0,24.79,13.94,Commercial,Central AC,24.42,606.24
154.86,21.0,18.02,6.64,Office,VRF,21.08,2528.58
14.41,7.0,,9.43,Residential,Central AC,24.72,445.16
77.37,11.0,25.82,7.62,Hospital,Central AC,24.11,2380.73
13.51,1.0,20.58,9.39,Educational,Rooftop Unit,23.38,244.69
28.14,2.0,41.57,21.58,Commercial,Heat Pump,22.81,784.45
95.25,10.0,30.41,23.86,Hospital,Rooftop Unit,25.37,2704.0
24.86,4.0,16.7,7.37,Educational,Rooftop Unit,20.05,571.89
160.03,23.0,49.38763579124485,30.0,Hospital,Rooftop Unit,25.06,3405.2
19.86,5.0,21.08,11.52,Hospital,Split AC,20.49,595.23
18.97,1.0,12.13,9.15,Educational,Split AC,19.43,514.69
70.4,9.0,48.659034107345526,10.86,Commercial,Split AC,19.41,1539.24
12.91,4.0,25.31,19.72,Office,Split AC,25.35,305.42
59.9,15.0,19.22,11.72,Residential,Split AC,21.91,1133.66
15.25,6.0,24.12,21.72,Hospital,Central AC,23.22,622.83
113.9,30.0,22.8,7.16,Educational, Central AC,24.2,2586.49
64.66,16.0,24.86,30.0,Residential,Central AC,23.82,759.07
41.13,-7.0,29.44,13.04,Residential,Split AC,26.87,1044.96
11.09,7.0,27.71,4.61,Residential,Split AC,25.48,336.04
27.14,6.0,43.24,9.94,Office,Heat Pump,23.48,903.65
59.75,16.0,18.16,5.29,Commercial,Central AC,18.76,1514.86
54.64,18.0,21.8,28.47,Educational,Split AC,21.03,1029.67
20.83,1.0,36.33,14.36,Office,Central AC,26.53,10956.926477341593
165.15,13.0,24.24,30.0,Office,Split AC,24.0,1485.21
14.74,6.0,31.32,10.85,Educational,Central AC,26.19,506.75
253.65,35.0,39.24,20.51,Residential,Split AC,28.15,5733.07
27.28,8.0,28.73,21.36,Commercial,Central AC,25.47,724.35
64.9,10.0,28.97,14.05,Residential,Central AC,25.85,1498.43
27.79,2.0,24.84,14.64,Residential,Split AC,24.23,8217.832992435335
12.66,4.0,19.75,12.05,Hospital,Split AC,20.75,346.74
13.31,8.0,35.74,17.43,Educational,Split AC,26.14,477.06
18.29,3.0,13.71,15.74,Office,Heat Pump,20.72,-442.13735512620605
172.63,35.0,16.08,10.04,Office,Heat Pump,21.91,3485.61
123.85,23.0,23.39,11.65,Educational,Split AC,22.06,2429.95
28.16,1.0,35.99,14.83,Commercial,Central AC,25.42,916.91
20.16,1.0,37.24,20.59,Commercial,Rooftop Unit,28.15,702.5
29.48,7.0,34.83,21.9,Residential,Rooftop Unit,28.12,779.52
39.84,16.0,22.43,5.32,Residential,Central AC,22.18,915.83
27.84,3.0,30.2,8.68,Office,Split AC,25.6,625.87
52.82,19.0,33.52,24.51,Residential,Central AC,27.16,1208.29
95.78,18.0,24.68,8.93,Hospital,Central AC,23.87,3015.37
78.65,5.0,15.75,14.87,Educational,Rooftop Unit,20.09,1480.49
145.12,11.0,22.09,9.51,Hospital,Heat Pump,24.64,2378.83
208.7,43.0,26.29,10.37,Office,Heat Pump,23.95,3669.15
115.23,28.0,33.93,9.42,Commercial,Central AC,25.83,4147.64
17.97565732281166,75.0,7.14,8.76,Commercial,Split AC,18.85,1064.65
21.17,8.0,31.27,11.74,Residential,Split AC,25.49,650.41
221.94,54.0,,12.04,Office,Central AC,22.63,7551.09
43.01,8.0,21.38,20.49,Residential,Central AC,22.52,672.2
135.74,16.0,42.24,8.38,Hospital,VRF,25.76,6984.32
21.08,8.0,30.84,14.76,Educational,Central AC,23.96,639.86
78.22,15.0,27.85,8.25,residential,Rooftop Unit,26.22,1517.55
12.86,2.0,27.27,9.41,Hospital,Split AC,24.54,310.39
28.53,4.0,35.38,18.46,Office,Heat Pump,25.38,756.95
18.33,6.0,22.24,19.56,Office,Central AC,22.07,300.48
20.71,7.0,19.13,11.32,Commercial,Heat Pump,20.54,422.65
18.7,6.0,9.91,22.39,educational,Split AC,19.12,449.31
28.72,6.0,31.45,17.17,Office,Heat Pump,24.81,589.14
24.22,5.0,19.61,8.99,Commercial,Central AC,,676.6
66.54,17.0,16.85,21.3,Residential,VRF,18.96,693.09
51.1,10.0,28.34,30.0,Residential,Split AC,25.56,650.72
15.03,2.0,35.67,9.88,Hospital,Split AC,26.39,633.57
57.57,20.0,18.64,22.17,Residential,Rooftop Unit,20.3,981.26
16.18,1.0,13.11,12.96,Residential,Split AC,21.31,295.09
141.32,16.0,24.25,22.35,Office,Split AC,22.25,2015.31
10.19,7.0,23.13,8.24,Office,Heat Pump,22.04,331.84
137.38,22.0,19.12,17.89,Residential,VRF,18.0,1357.16
57.78,6.0,26.3,16.27,Residential,Central AC,25.36,762.66
62.48,8.0,26.39,6.94,Hospital,VRF,23.2,1321.26
24.76,7.0,10.33,0.3621085048262548,Office,VRF,18.87,11599.838993230424
56.57,6.0,11.57,11.9,Commercial,Split AC,18.64,1809.95
17.32,5.0,23.43,10.83,Educational,Rooftop Unit,25.4,497.09
65.52,10.0,22.86,14.35,Hospital,Central AC,20.81,1915.79
10.76,5.0,30.63,15.94,Residential,VRF,21.88,257.75
185.77,31.0,31.06,15.53,Residential,,23.73,3642.48
28.49,5.0,47.330728227635404,11.79,Educational,Rooftop Unit,25.22,654.12
53.96,7.0,18.98,12.47,Educational,central ac,20.27,912.71
30.48,11.0,26.96,16.24,Residential,Central AC,25.52,647.77
129.49,32.0,16.63,13.32,Educational,Split AC,18.0,
53.2,9.0,20.24,17.97,Residential,Split AC,21.82,867.84
166.6,10.0,39.31,9.58,Residential,Rooftop Unit,25.99,6330.85
189.59,24.0,29.32,7.61,Residential,Heat Pump,25.53,2408.78
15.0,2.0,22.92,9.43,Hospital,Heat Pump,21.32,299.79
17.72,3.0,21.01,16.69,Commercial,Split AC,22.95,387.42
43.67,10.0,26.94,13.12,Residential,Central AC,24.68,875.75
130.97,11.0,25.36,13.54,Residential, Split AC,23.11,1405.54
44.75,1.0,11.67,11.41,Office,Central AC,18.17,8806.581433802903
152.97,32.0,24.75,23.47,Office,Heat Pump,24.21,2161.6
111.78,36.0,20.92,19.08,Office,VRF,19.85,1811.76
112.85,21.0,34.96,8.42,Residential,Split AC,25.67,3315.84
233.28142499618576,12.0,15.39,24.58,Residential,VRF,18.0,33.22323978757349
15.77,8.0,27.66,13.23,Residential,Rooftop Unit,23.73,494.17
23.43,2.0,21.01,29.80866102148133,Residential,Central AC,21.25,13135.024241705389
138.95,15.0,19.41,4.77,Educational,Central AC,22.38,2172.51
57.0,16.0,24.78,12.29,Commercial,Split AC,23.5,1608.65
65.32,15.0,41.29,9.52,Residential,Split AC,26.85,1993.96
28.57,-2.0,21.71,11.34,Hospital,Heat Pump,23.91,559.51
70.76,17.0,29.64,10.76,Residential, Central AC,26.04,1785.23
76.93,9.0,15.93,15.67,Hospital,VRF,18.0,1654.14
11.57,6.0,22.43,12.59,,VRF,21.96,245.92
17.59,5.0,33.11,11.71,Residential,Central AC,26.42,542.58
49.68,9.0,20.59,24.01,Educational,Central AC,20.35,602.59
15.09,2.0,29.53,8.56,Commercial ,Rooftop Unit,26.92,394.67
156.39,26.0,28.37,11.31,Office,Central AC,26.33,3439.04
26.65,1.0,35.2,16.22,Residential,Split AC,23.56,604.28
229.3,30.0,30.81,-8.008477982742324,Residential,Central AC,24.84,4921.24
68.09,7.0,16.48,11.5,Educational,Central AC,20.29,1240.54
109.53,31.0,22.25,13.9,Hospital,Split AC,23.77,3752.54
26.61,5.0,38.35,8.93,Hospital,Central AC,27.69,1608.42
17.09,5.0,20.71,7.34,Residential,Central AC,21.54,338.81
35.95,20.0,26.32,13.32,Residential,VRF,25.54,631.01
76.74,9.0,30.33,3.44,Office,,27.0,1717.0
328.33586683152083,15.0,21.75,19.52,Educational,Split AC,21.07,104.23243561188752
78.57,2.0,18.26,19.44,Commercial,VRF,20.43,11558.109458618532
40.96,19.0,17.27,16.89,Residential,Rooftop Unit,19.0,965.84
67.62,17.0,34.7,14.93,Residential,Split AC,25.63,1947.41
-24.77461550895356,10.0,28.0,16.69,Educational,VRF,25.07,1140.65
89.38,38.0,5.0,6.28,Office,Heat Pump,19.97,3946.37
102.46,15.0,37.26,25.677563182131415,Residential,Split AC,27.06,12694.221061180528
22.68,8.0,25.07,18.7,Residential,Split AC,23.29,450.48
56.24,-5.0,23.34,8.64,Office,Central AC,22.34,1568.58
285.02,53.0,29.7,26.149992309000513,Commercial,Split AC,28.24,11415.489496506272
24.78,3.0,23.44,-7.262648436475083,Residential,Split AC,21.11,307.34
64.25,18.0,25.0,20.76,Hospital,Central AC,23.88,1813.83
26.76,6.0,5.8,26.22,Hospital,Heat Pump,20.46,878.28
15.61,2.0,38.83,5.45,Residential,Split AC,27.38,617.64
22.86,6.0,35.09,12.96,Commercial,Split AC,25.37,795.38
49.08,16.0,28.02,15.53,Educational,,27.25,1085.99
22.84,7.0,36.17,10.91,Commercial,Central AC,27.48,1080.57
19.2,7.0,18.92,13.13,Hospital,VRF,19.95,564.31
345.04,42.0,37.85,26.63,Educational,VRF,27.47,5432.7
69.87,20.0,24.01,13.03,Commercial,Rooftop Unit,25.19,2055.23
316.06,35.0,26.31,13.13,Residential,Heat Pump,26.28,2541.06
15.62,1.0,25.05,14.86,Residential,VRF,22.49,178.38
38.04,7.0,25.69,11.31,Residential,Heat Pump,23.79,420.62
41.53,19.0,20.64,20.1,Office,VRF,20.12,800.47
28.63,1.0,16.94,12.95,Residential,Central AC,20.15,394.64
65.48,11.0,19.64,9.01,Office,Rooftop Unit,20.88,1536.66
37.81,5.0,30.49,16.33,Commercial,Central AC,24.64,1233.7
23.53,2.0,22.53,20.4,Hospital,VRF,23.56,388.99
97.73,40.0,21.28,17.46,Residential,VRF,21.58,1665.34
28.2,2.0,41.75,15.35,Residential,Split AC,29.11,799.59
32.72,15.0,15.23,10.74,Educational,Split AC,20.54,1008.28
52.42,7.0,25.89,28.07,Commercial,Heat Pump,24.38,-412.3097232191852
49.14,11.0,27.88,12.35,Office, Split AC,26.41,1166.22
64.66,19.0,22.35,15.24,Commercial,Rooftop Unit,22.85,1897.8
41.75,12.0,18.36,15.28,Residential,Heat Pump,20.32,439.72
24.43,2.0,34.52,11.44,Commercial,Split AC,26.74,867.22
197.1,24.0,39.64,8.98,Office,Split AC,28.97,7354.51
22.33,3.0,5.36,8.16,Residential,VRF,22.25,697.73
158.23,15.0,30.04,10.27,Commercial,VRF,23.37,-223.9063404976228
236.38097723332604,5.0,32.67,15.47,Office,Split AC,24.61,56.94970839677225
28.84,6.0,26.28,21.31,Commercial,Central AC,23.04,626.83
186.77,19.0,14.97,11.23,Commercial,Split AC,19.86,4575.61
48.92,12.0,28.98,10.19,Educational,Split AC,25.12,1132.37
10.84,3.0,26.31,11.41,Educational,Rooftop Unit,23.96,306.43
90.63,31.0,30.28,13.09,Office,Split AC,22.58,2756.84
111.15,,31.88,17.14,Residential,Split AC,28.06,2283.68
21.3728240380726,93.0,43.68,30.0,Residential,Split AC,28.7,2616.81
14.87,5.0,28.07,15.1,Educational,Central AC,24.62,424.96
55.18,16.0,10.8,15.18,Office,Split AC,19.38,1717.51
52.46,14.0,26.04,8.63,Educational,Rooftop Unit,26.48,1199.92
18.52,8.0,19.72,11.01,Residential,Central AC,21.35,535.81
17.833996143680306,108.0,32.77,13.16,Residential,Central AC,27.64,856.99
79.51,19.0,27.44,5.68,Educational,Central AC,27.21,1811.59
29.3,2.0,18.47,15.87,Educational,Central AC,20.43,365.0
184.66,22.0,32.29,14.26,Residential,Split AC,24.93,4527.94
19.2,7.0,19.67,25.19,Educational,VRF,21.82,301.29
18.4,7.0,17.61,22.28,Educational,Central AC,19.34,484.4
57.27,6.0,15.3,15.56,Residential,Split AC,18.0,861.76
33.63,20.0,27.79,16.41,Residential,Split AC,25.34,1175.27
13.12,7.0,10.35,20.32,Office,Central AC,19.96,496.97
208.99,31.0,13.52,14.04,Residential,Central AC,20.91,4465.25
19.74,4.0,27.47,19.8,Office,Split AC,26.7,
31.91,8.0,22.61,5.49,Residential,,25.44,753.57
46.13,12.0,25.39,6.81,Office,Central AC,22.94,1159.3
10.26,2.0,22.11,19.19,Office,VRF,22.47,113.29
55.63,7.0,33.62,19.5,Residential,VRF,22.62,942.66
36.19,5.0,19.86,10.09,Hospital,VRF,21.18,788.5
28.86,7.0,7.45,23.45,Hospital,Split AC,18.0,1140.38
318.81681546122417,29.0,18.59,16.32,Residential,Central AC,20.51,80.836453079584
26.76,6.0,19.77,19.71,Educational,Split AC,21.02,364.8
19.465177828870786,106.0,39.04,24.25,Residential,Split AC,26.78,4235.16
-15.326393495700845,5.0,26.31,16.3,Hospital,Heat Pump,26.26,653.63
32.17,10.0,43.84,25.24,Educational, Heat Pump,24.88,836.56
34.76,7.0,13.45,8.59,Residential,Split AC,20.56,967.12
35.62,7.0,33.64,16.92,Residential,Central AC,27.59,865.0
27.87,2.0,31.47,6.85,Office,VRF,21.87,681.74
20.20092783506719,7.0,24.64,20.77,Residential,Central AC,25.14,12968.257445675026
150.94,16.0,17.91,8.6,Hospital,Split AC,19.63,4150.48
40.74,13.0,23.72,30.0,Educational,Split AC,25.0,705.77
230.36,20.0,6.75,9.74,Residential,VRF,21.4,6381.11
200.67,53.0,17.11,16.52,Residential,VRF,21.84,2632.47
23.05,6.0,24.09,7.76,Office,Central AC,22.43,532.04
25.7,8.0,6.94,8.62,Residential,Split AC,18.85,934.9
164.25,22.0,12.53,14.46,Commercial,Split AC,,4552.06
30.57,12.0,12.43,8.79,Commercial,Split AC,19.86,1027.04
28.14,2.0,41.57,21.58,Commercial,Heat Pump,22.81,784.45
13.04,7.0,,10.93,Office,VRF,21.32,439.94
80.29,13.0,16.18,19.13,Office,Central AC,18.19,1396.59
44.92,18.0,33.13,17.77,Educational,Central AC,25.7,1655.83
24.68848828315781,20.0,17.56,15.53,Commercial,Central AC,18.0,13196.708204004197
38.61,17.0,21.56,13.65,Hospital,Split AC,21.08,1579.71
11.72,3.0,17.89,14.03,Office,Split AC,19.91,272.66
17.0,7.0,12.2,13.41,Residential,VRF,21.14,391.83
37.49,12.0,29.45,12.03,Educational,Rooftop Unit,27.38,1090.91
29.64,5.0,22.28,26.839575945329653,Commercial,VRF,22.11,13142.44774026248
124.13,36.0,25.04,8.0,Office,VRF,23.89,2322.35
48.23,18.0,13.11,22.6,Commercial,Heat Pump,19.92,1110.58
12.04,,13.16,25.27,Residential,Central AC,20.96,373.51
70.22,15.0,23.47,10.79,commercial,VRF,22.87,1061.02
54.85,10.0,21.41,,Office,Split AC,20.45,815.47
30.52,13.0,25.03,-8.645085505366588,Commercial,Heat Pump,24.13,627.87
43.27,8.0,34.23,22.37,Residential,Split AC,24.43,934.53
27.11,4.0,40.1,18.91,Residential,Split AC,23.31,785.47
28.75,3.0,29.25,0.39226534965737625,Commercial,VRF,27.47,10066.614060456184
107.34,37.0,10.08,15.18,Commercial,Central AC,20.51,5170.92
66.53,17.0,30.16,6.28,Residential,Rooftop Unit,26.93,1503.31
10.71,3.0,39.66,10.4,Educational,Central AC,28.76,345.78
14.47,8.0,22.05,21.46,Commercial,Split AC,21.31,383.34
151.66,32.0,32.76,10.49,Office,Central AC,24.64,5725.87
20.19,6.0,33.53,9.19,Residential,Split AC,26.18,557.68
12.59,6.0,31.69,8.72,Residential,Split AC,23.06,419.46
54.65,18.0,16.82,8.89,Office,VRF,19.07,1023.71
73.45,19.0,24.74,13.45,Residential,Split AC,23.81,
68.91,16.0,24.09,17.06,Commercial,Heat Pump,,1040.24
31.7,17.0,5.08,6.62,Educational,Split AC,18.7,1494.98
60.9,12.0,23.17,22.36,Commercial,Central AC,22.31,1296.72
184.01,34.0,19.18,28.193301456157563,Educational,Heat Pump,20.76,13375.7109364275
92.17,38.0,15.02,11.39,Residential,Split AC,18.23,2585.06
79.27,16.0,10.0,6.01,Hospital,Rooftop Unit,-4.303250133619844,3796.32
11.67,7.0,40.17,19.17,Commercial,Central AC,26.34,615.36
25.39,5.0,23.0,15.26,Hospital,Split AC,24.44,738.12
27.55,5.0,9.07,14.08,Educational,VRF,19.37,662.67
162.48,18.0,32.21,12.83,Educational,Split AC,25.5,3394.67
21.91,4.0,23.82,5.97,Residential,Split AC,25.02,368.62
266.58338507185226,4.0,20.26,9.06,Hospital,Split AC,22.87,167.50513358948152
176.12,12.0,7.88,7.58,Educational,Central AC,18.0,5986.31
110.03,22.0,8.89,8.34,Educational,Central AC,19.05,4406.13
-22.41381383583689,15.0,16.38,30.0,Hospital,Split AC,18.13,1357.29
85.18,22.0,5.0,12.63,Commercial,Rooftop Unit,18.0,-408.01612865469866
22.14,8.0,17.18,30.0,Office,Central AC,19.13,510.65
28.41,1.0,17.46,24.98,Commercial,,19.86,230.35
46.72,19.0,24.03,16.25,Residential,Central AC,23.17,1153.76
55.48,5.0,33.26,9.0,Commercial,Central AC,26.39,2262.45
21.07,7.0,12.26,14.66,Residential,Central AC ,18.3,486.9
33.49,7.0,29.53,18.21,Commercial,VRF,26.57,675.25
15.50505550034505,26.0,21.78,15.02,Residential,Rooftop Unit,21.83,10900.622960561896
143.9,37.0,32.98,14.41,Commercial,Heat Pump,22.43,3893.49
25.17,5.0,27.58,11.27,Residential,Split AC,27.46,321.49
153.25,15.0,23.55,18.38,Commercial,VRF,19.45,2281.85
145.67,11.0,25.67,13.83,Residential,Central AC,22.47,1851.29
29.88,5.0,24.56,5.45,Residential,Rooftop Unit,21.61,656.37
23.02,7.0,20.57,23.69,Residential,,20.62,322.7
82.32,11.0,14.71,30.0,Commercial,Central AC,21.43,1452.42
23.42,5.0,19.29,-7.890603789131232,Office,Central AC,21.43,424.31
245.65129197242499,18.0,30.73,16.33,Office,VRF,22.52,118.17985483013396
20.75,7.0,27.06,20.23,Commercial,Central AC,25.81,559.87
54.02,11.0,31.6,9.38,Residential,Split AC,25.45,1074.43
15.08,8.0,-59.070870303405684,8.96,Residential,VRF,21.35,320.92
49.86,12.0,29.61,30.0,Hospital,Split AC,29.54,1153.4
47.48,5.0,27.35,17.95,Residential,Heat Pump,25.62,364.63
14.4,5.0,29.51,17.47,Educational,Rooftop Unit,27.15,321.82
62.75,2.0,16.14,10.47,Educational,Central AC,18.0,9208.105310784731
49.5,17.0,33.99,8.93,Residential,Split AC,24.16,1759.25
14.06,4.0,34.1,22.11,Office,Central AC,29.08,384.65
13.3,7.0,23.73,27.3,Residential,Central AC,22.79,367.77
37.5,19.0,37.22,18.22,Educational,Central AC,25.46,1808.87
,16.0,28.01,17.84,Office,Central AC,26.61,996.44
75.22,5.0,16.07,8.86,Residential,Central AC,18.0,1111.66
22.51,7.0,20.88,30.0,Office,Split AC,21.04,465.12
193.28,35.0,19.35,13.41,Residential,Split AC,21.17,2935.63
28.82,1.0,22.52,16.3,Office,Split AC,21.57,-340.469392753333
10.690637743085315,110.0,26.6,13.03,Commercial,Heat Pump,25.7,286.03
29.6,7.0,18.78,17.17,Office,VRF,20.35,524.72
16.52,4.0,18.44,19.46,Commercial,Split AC,20.06,
13.47,5.0,22.06,11.98,Office,Central AC,22.33,314.39
181.54,12.0,23.81,14.18,Commercial,Heat Pump,24.24,1639.0
70.01,5.0,15.19,4.66,Educational,Heat Pump,19.33,1056.86
58.86,14.0,19.56,12.8,Office,VRF,20.94,813.68
51.43,10.0,17.69,4.92,Residential,Split AC,19.18,1009.14
20.99,2.0,42.7,11.21,Residential,Rooftop Unit,28.25,750.15
223.98295741354235,19.0,38.07,8.35,Residential,Split AC,25.46,147.2931288892762
94.92,36.0,50.80390011877095,15.31,Residential,Central AC,18.39,2336.94
110.48,12.0,19.54,12.09,Commercial,CENTRAL AC,19.88,2058.8
23.34,3.0,16.66,17.34,Commercial,Central AC,20.55,444.99
13.37,5.0,25.02,5.84,Office,Central AC,23.7,364.82
132.84,15.0,24.19,17.2,Office,VRF,22.61,1345.48
37.91,19.0,36.39,20.04,Commercial,Central AC,27.69,1841.13
93.54,19.0,26.91,13.91,Residential,Central AC,25.62,1568.05
11.46,3.0,21.08,4.18,Residential,Split AC,20.68,228.77
23.66,3.0,41.87,8.32,Commercial,Central AC,27.83,1193.83
173.8,19.0,19.06,26.05,Residential,Heat Pump,20.94,1270.13
182.02,29.0,24.19,11.3,Commercial,VRF,22.9,2864.79
17.65,2.0,24.69,26.1,Office,Split AC,24.2,266.74
10.66,6.0,11.16,13.66,Residential,VRF,18.62,306.08
253.02,31.0,19.44,26.71,Educational,VRF,19.98,2366.87
64.72,13.0,15.84,11.66,Hospital,Heat Pump,18.0,1511.72
53.04,6.0,27.01,12.49,Hospital,Rooftop Unit,24.59,1614.35
75.05,5.0,36.37,30.0,Residential,Heat Pump,24.75,891.12
27.32,5.0,12.38,11.54,Residential,Rooftop Unit,18.0,626.23
11.46,1.0,11.51,24.12,Residential,Split AC,20.58,181.75
20.83662389316674,12.0,18.52,29.71,Commercial,Heat Pump,19.89,15412.463124844948
11.72,7.0,13.43,23.43,Residential,Split AC,19.07,392.33
13.84,3.0,24.77,9.73,Office,Split AC,23.49,263.17
20.82,7.0,33.17,27.19,Educational,Central AC,25.78,
11.08,8.0,20.42,16.92,Office,VRF,24.05,375.09
14.52,4.0,12.89,8.32,Commercial,Rooftop Unit,20.44,709.15
29.14,6.0,32.89,6.62,Educational,VRF,19.5,910.13
22.0,7.0,32.52,8.03,Residential,Split AC,28.14,622.32
50.95,16.0,44.53,17.97,Office,Central AC,30.0,2278.1
68.56,17.0,16.25,7.14,Office,Heat Pump,20.39,1438.04
15.89,1.0,26.5,23.4,Commercial,Rooftop Unit,24.71,206.83
63.96,10.0,31.9,17.51,Hospital,Central AC,26.21,2181.55
17.16,2.0,35.14,30.0,Office,Central AC,25.98,
65.63,18.0,39.78,17.62,Hospital,VRF,25.02,2745.35
27.83,6.0,17.99,7.54,Commercial,Rooftop Unit,21.18,859.29
96.5,14.0,24.19,26.06,Educational,Heat Pump,22.5,891.69
45.29,8.0,21.66,11.48,Office,Split AC,20.56,866.58
35.68,11.0,22.09,8.64,Commercial,Split AC,20.3,993.26
13.66,7.0,26.85,16.19,Residential,Central AC,25.39,359.07
12.71,8.0,69.10741812020616,16.79,Educational,Split AC,23.79,413.09
61.86,12.0,30.97,9.56,Commercial,Split AC,23.02,2155.9
24.78,1.0,9.01,5.24,Commercial,VRF,21.35,688.9
11.93,2.0,14.02,18.99,Residential,Split AC,20.46,206.25
50.31,16.0,17.71,15.91,Residential,Split AC,18.89,948.7
45.89,6.0,27.87,16.64,Residential,Split AC,25.75,728.63
46.87,6.0,6.96,30.0,Educational,Split AC,18.0,949.24
26.34,3.0,25.48,9.37,Residential,Split AC,23.42,385.67
23.46,8.0,26.6,16.72,Office,Central AC,24.91,617.18
312.25,47.0,31.65,13.34,Commercial,Rooftop Unit,25.86,10563.49
11.93,2.0,21.09,18.88,Commercial,Central AC,20.34,231.72
25.96,1.0,26.39,9.44,Office,Split AC,24.61,12537.393446368184
14.54,3.0,33.99,12.33,Residential,Heat Pump,25.74,252.81
30.34,5.0,14.93,26.63,Educational,Split AC,21.73,519.56
24.63,2.0,30.17,9.9,Residential,VRF,21.86,394.61
172.5,38.0,16.62,10.92,Educational,Split AC,18.9,2756.58
13.11,1.0,25.35,5.63,Commercial,Heat Pump,24.47,154.73
49.17,19.0,12.72,8.32,Hospital,Split AC,19.97,2914.0
22.52,6.0,28.77,22.29,Commercial,Split AC,26.57,515.11
15.69,5.0,13.3,17.55,Educational,VRF,21.78,364.97
186.5,22.0,33.32,9.16,Hospital,Split AC,26.05,7712.32
17.969811825453196,116.0,22.61,10.59,Office,Split AC,22.96,3561.49
120.03,33.0,44.42,10.76,Hospital,Split AC,26.49,10075.82
43.32,19.0,,8.61,Residential,Central AC,20.88,1259.04
66.85,16.0,30.87,17.39,Commercial,Heat Pump,23.25,1384.83
10.51,4.0,23.9,9.39,Educational,VRF,24.32,221.18
23.747247844884978,20.0,5.94,13.39,Office,Central AC,18.0,13001.6009789207
50.66,2.0,30.97,13.77,Office,Split AC,23.96,12761.288355727811
293.01056808167,8.0,38.42,13.2,Residential,Heat Pump,26.93,120.08960610005565
65.0,,15.58,15.41,Office,Central AC,18.0,1982.88
14.15,5.0,33.55,8.42,Office,Rooftop Unit,27.41,714.51
55.38,13.0,19.6,25.35,Residential,Central AC,22.72,864.23
65.7,11.0,25.86,19.08,Educational,Split AC,26.32,949.15
26.21,2.0,20.35,11.66,Commercial,Split AC,22.75,460.1
39.34,13.0,24.84,16.95,Residential,Central AC,23.72,505.26
256.19745872390575,14.0,30.13,16.24,Educational,Central AC,25.73,102.71228438902546
211.28,35.0,13.47,9.98,Educational,Central AC,20.56,5814.89
132.61,14.0,17.37,20.19,Residential,VRF,18.0,1042.57
10.54,5.0,23.27,20.08,Educational,Split AC,22.83,201.12
25.17,7.0,8.37,11.53,Residential,Central AC,18.0,888.92
285.4812148676868,2.0,35.48,9.99,Office,Split AC,25.54,98.84470098481174
48.04,15.0,19.72,18.41,Hospital,Heat Pump,21.58,1173.19
64.24,20.0,45.0,23.57,Office,Split AC,26.92,2942.49
36.53,12.0,17.54,6.88,Commercial,Split AC,18.56,1069.63
10.31,7.0,35.39,13.99,Commercial,,25.5,639.67
125.59,29.0,62.2816215683961,11.72,Educational,Split AC,19.88,2378.16
228.57761011606942,10.0,21.82,8.83,Commercial,Heat Pump,22.96,78.54909983878972
43.35,14.0,25.08,15.66,Residential,VRF,23.05,641.49
12.17,1.0,20.55,14.03,Commercial,Heat Pump,23.13,189.83
291.89,50.0,26.3,8.19,Residential,Rooftop Unit,24.94,5086.72
283.38,49.0,28.37,13.17,Hospital,VRF,,5903.68
11.87,6.0,24.69,14.75,Residential,VRF,26.0,234.23
78.12,18.0,21.69,29.39,Residential,Split AC,24.45,1022.04
41.96,5.0,9.02,14.91,Educational,Central AC,18.39,
11.03,1.0,27.8,19.13,Commercial,Central AC,24.08,207.28
18.24,5.0,44.53,18.49,Hospital,Heat Pump,24.6,690.96
195.94,34.0,27.81,7.2,Residential,Central AC,25.56,4408.53
,8.0,18.94,6.17,Office,Split AC,21.0,551.06
15.64,1.0,25.6,6.74,Residential,Split AC,24.6,201.62
38.51,10.0,42.77,12.52,Educational,Central AC,28.06,1558.73
51.3,17.0,18.36,10.9,Office,Central AC,20.13,1389.74
19.04,4.0,28.05,10.67,Residential,Split AC,28.77,340.89
23.9,8.0,10.69,24.24,Residential,Rooftop Unit,18.0,648.12
158.39,11.0,21.25,12.59,Office,Central AC,22.41,2498.25
41.97,7.0,29.07,29.28,Residential,Split AC,64.0880829482844,511.92
13.68,7.0,17.48,30.0,Residential,VRF,20.43,250.53
24.91,2.0,27.22,5.33,Residential,VRF,22.64,360.19
43.82,14.0,26.74,15.54,Residential,Split AC,26.23,713.31
60.18,7.0,18.08,26.33,Residential,Split AC,19.7,481.97
12.57,4.0,13.47,14.76,Residential,Heat Pump,22.52,265.44
25.59,8.0,18.17,15.98,Commercial,Split AC,19.58,671.74
11.26,3.0,27.62,16.9,Residential,Central AC,23.33,207.29
13.11,2.0,19.88,16.8,Educational,Central AC,18.0,199.02
25.46,2.0,32.02,7.04,Educational,Split AC,26.55,634.68
12.27,6.0,27.43,16.8,Office,Rooftop Unit,25.96,
171.30184438177622,3.0,12.23,10.07,Commercial,Central AC,20.43,52.62302676385388
25.11,7.0,27.45,11.99,Residential,Split AC,26.72,422.93
12.77,7.0,23.24,20.33,Hospital,Heat Pump,21.96,461.53
69.61,19.0,27.26,27.58,Office,Split AC,27.05,1180.5
73.2,10.0,18.63,4.9,Residential,VRF,20.77,895.58
47.53,16.0,21.91,13.15,Hospital,Split AC,21.0,1546.26
77.86,15.0,32.81,21.5,Commercial,Rooftop Unit,25.7,3084.78
10.75,8.0,32.2,17.6,Office,Central AC,26.02,537.99
55.31,-1.0,10.36,15.18,Residential,Split AC,18.0,1488.24
74.67,5.0,33.76,17.17,Commercial,Heat Pump,25.53,1482.18
62.12,20.0,34.31,10.7,Educational,Split AC,26.48,2069.03
130.13,40.0,19.17,10.85,Residential,VRF,20.92,2057.63
70.7,17.0,16.06,27.45,Residential,VRF,19.85,886.95
12.57,6.0,26.28,11.72,Office,VRF,23.9,280.84
75.67,1.0,24.59,10.64,Commercial,VRF,26.38,11964.806488240665
61.87,19.0,22.31,26.094731164115007,Commercial,Heat Pump,23.67,9657.884708021204
42.01,17.0,18.87,5.93,Commercial,Split AC,20.42,1289.57
57.48,12.0,13.89,17.43,Commercial,Heat Pump,22.7,1285.08
47.49,,19.65,16.29,Residential,Split AC,21.15,668.83
18.75,5.0,18.77,13.49,Residential,Central AC,20.36,312.85
15.21,1.0,30.49,19.13,Office,Heat Pump,21.98,186.62
131.38,25.0,18.43,8.09,Office,Rooftop Unit,20.81,3066.0
24.94,2.0,32.35,10.57,Residential,Heat Pump,24.26,335.78
72.54,12.0,26.21,18.46,Educational,Heat Pump,24.87,923.26
19.48,5.0,30.15,13.86,Residential,Central AC,23.18,471.4
13.252062640009637,119.0,18.53,16.11,Residential,Central AC,23.09,322.23
14.79,2.0,22.54,10.34,Residential,VRF,23.86,182.71
,8.0,30.13,12.65,Office,Central AC,24.3,1718.05
289.14,33.0,5.95,17.13,Commercial,,19.68,8053.93
20.17,8.0,39.96,,Residential,Heat Pump,22.42,682.31
144.12,31.0,29.28,8.49,Educational,Central AC,26.25,3227.7
131.08,20.0,10.86,13.53,Educational,Central AC,18.71,3592.34
78.56,9.0,89.50793091970013,19.6,Office,Rooftop Unit,23.82,1348.41
128.2,39.0,31.62,15.27,Office,Heat Pump,22.96,3187.79
-16.8166256672134,1.0,27.68,10.37,Commercial,VRF,26.58,395.9
133.64,40.0,27.07,9.1,Residential,VRF,24.62,2018.37
24.33,1.0,16.85,17.92,Office,Heat Pump,19.85,233.44
42.66,5.0,5.0,30.0,Educational,Heat Pump,21.27,587.64
33.15,20.0,36.79,10.09,Residential,Central AC,26.68,1585.44
23.46,4.0,58.46637491679145,14.7,Residential,VRF,19.38,376.22
14.36,5.0,17.7,20.21,Educational,Central AC,19.05,251.12
10.11,5.0,20.48,30.0,Hospital,Split AC,19.98,446.04
39.41,16.0,23.79,20.69,Residential,Split AC,24.85,653.66
15.51,1.0,13.05,15.23,Office,VRF,21.84,279.26
12.58,1.0,23.23,17.78,Office,Split AC,23.94,196.13
17.84,7.0,17.29,20.12,Hospital,Heat Pump,19.79,450.71
27.32,7.0,27.9,22.2,Residential,VRF,24.11,342.04
12.61,8.0,56.501518417537056,26.87,Office,Split AC,18.04,443.68
37.02,10.0,21.12,13.6,Office,Split AC,22.6,691.42
23.14,5.0,29.05,11.07,Educational,Split AC,29.05,516.93
85.98,38.0,41.32,14.2,Residential,Heat Pump,25.21,2296.79
195.32,26.0,30.42,9.76,Office,Heat Pump,24.37,3463.54
52.02,10.0,29.29,11.47,Office,VRF,27.43,887.71
155.04,21.0,22.0,25.63,Residential,Split AC,21.83,1846.45
38.6,12.0,35.73,13.2,Residential,Central AC,26.82,1285.81
113.75,22.0,17.41,5.88,Commercial,Heat Pump,20.12,2532.13
,7.0,14.27,9.91,Office,Split AC,19.98,624.84
22.76,5.0,32.67,7.54,Residential,Rooftop Unit,25.03,681.51
25.99,5.0,27.98,15.19,Office,Split AC,26.17,549.97
-28.635384235594934,18.0,33.45,15.19,Commercial,Central AC,27.08,1714.51
60.0,11.0,20.37,14.41,Residential,central ac,19.79,915.56
149.4,16.0,5.44,12.78,Office,Split AC,20.25,5196.45
37.04,16.0,24.4,4.27,Educational,Central AC,23.65,870.99
11.11,4.0,37.43,17.19,Office,Split AC,27.72,495.69
14.03,5.0,22.59,10.6,Residential,VRF,24.27,264.1
14.29,6.0,-58.423464076599686,7.88,Educational,Split AC,24.18,310.63
47.96,9.0,88.21970422949711,15.07,Hospital,Split AC,24.95,1901.66
188.08,10.0,15.58,14.72,Office,Split AC,20.78,3659.92
156.68,24.0,24.43,16.07,Residential,Central AC,22.7,2381.49
12.49,7.0,22.91,15.66,Educational,Central AC,22.69,348.94
190.86,20.0,17.98,30.0,Residential,VRF,22.0,1618.13
168.84,35.0,12.85,,Educational,Central AC,19.32,5108.17
10.39,7.0,12.11,14.66,Residential,Rooftop Unit,18.59,454.74
46.96,11.0,27.43,7.87,residential,Heat Pump,25.58,802.38
76.64,16.0,24.41,12.8,Residential,Rooftop Unit,25.19,1561.82
18.71,6.0,29.31,10.76,Residential,Split AC,26.32,425.7
28.9,2.0,22.37,14.2,Residential,Split AC,20.63,
76.3,1.0,19.74,8.79,Hospital,Central AC,22.9,10741.497253924186
68.2,10.0,42.35,14.42,Residential,Central AC,30.0,2542.53
29.35,4.0,38.79,7.56,Educational,VRF,25.02,920.51
44.4,6.0,28.82,4.15,Residential,Split AC,26.1,748.45
64.2,17.0,29.41,10.06,Residential,SPLIT AC,27.15,1655.61
13.84,3.0,24.77,9.73,Office,Split AC,23.49,263.17
56.49,16.0,41.53,11.75,Residential,Central AC,29.96,2348.78
26.66,3.0,23.37,13.04,Hospital,Heat Pump,24.14,503.76
17.23,2.0,34.17,10.71,Office,Heat Pump,25.19,322.79
68.58,20.0,23.24,17.67,Residential,Split AC,22.3,1268.15
80.76,22.0,22.4,27.52,Residential,Split AC,22.69,1053.22
39.59,17.0,16.05,14.54,Educational,Central AC,18.0,999.61
11.82,7.0,28.43,15.14,Residential,SPLIT AC,24.95,351.64
42.96,16.0,32.41,16.79,Office,Split AC,25.34,1558.67
285.1604513728107,3.0,14.75,14.66,Educational,Rooftop Unit,20.29,26.85259911668174
45.97,16.0,25.83,7.3,Commercial,Split AC,23.69,1364.06
61.98,16.0,13.69,15.75,Office,VRF,19.83,1202.12
287.37,22.0,47.462196629144636,8.73,Educational,Heat Pump,19.49,2494.47
64.91,13.0,27.66,18.9,Residential,Split AC,27.07,1035.26
18.66,8.0,24.58,30.0,Commercial,Rooftop Unit,23.88,425.19
62.7,18.0,22.97,24.18,Educational,Split AC,22.58,1049.31
20.73,8.0,28.19,11.91,Residential,VRF,25.97,
44.17,17.0,31.59,7.28,Residential,Heat Pump,22.2,998.97
31.75,19.0,30.09,,Office,Split AC,23.83,1231.52
62.79,11.0,25.22,9.17,Residential,Split AC,24.36,1108.17
25.83,3.0,33.78,8.44,Commercial,Split AC,25.75,925.09
42.19,13.0,5.0,18.57,Commercial,VRF,20.28,1852.73
89.08,12.0,31.96,4.97,Commercial,VRF,23.93,2512.65
21.89,6.0,25.58,14.24,Residential,Split AC,23.03,399.28
55.43,9.0,21.0,22.64,Commercial,Central AC,21.83,1158.24
28.11,6.0,27.67,23.42,Residential,Split AC,24.51,391.88
31.55,5.0,39.06,8.11,Residential,Rooftop Unit,26.81,1287.06
32.61,14.0,29.42,18.83,Residential,Central AC,27.5,798.07
95.35,21.0,13.07,30.0,Office,,23.05,1321.28
24.89181518778374,91.0,28.91,10.38,Commercial,Rooftop Unit,26.26,2578.67
22.71,8.0,25.37,16.34,Commercial,Rooftop Unit,24.55,622.3
21.16,3.0,19.96,5.82,Residential,VRF,22.03,317.18
38.93,5.0,37.21,14.29,Commercial,Split AC,25.06,1577.14
10.99,3.0,24.92,12.77,Commercial,VRF,22.75,265.47
337.4117879650191,13.0,38.07,10.56,Office,Rooftop Unit,27.19,189.69301121167447
128.48,36.0,17.07,17.77,educational,Central AC,20.56,2776.61
89.54,15.0,25.46,21.39,Residential,VRF,23.55,913.53
39.59,17.0,16.05,14.54,Educational,Central AC,18.0,999.61
120.29,17.0,26.09,-5.545281138011089,Residential,VRF,24.52,1203.68
63.56,16.0,50.573397386859746,11.25,Commercial,VRF,23.86,1913.28
242.15104833018032,15.0,19.24,7.73,Office,VRF,19.61,196.88042228602285
24.93,6.0,23.01,14.86,Office,VRF,22.43,392.98
153.26,36.0,33.59,24.55,Residential,Heat Pump,25.14,1996.2
33.43,12.0,,16.38,Residential,Split AC,18.54,821.8
17.56,1.0,25.96,15.33,Hospital,Central AC,24.2,388.09
45.25,18.0,23.44,10.55,Commercial,VRF,22.87,1145.73
19.54,7.0,28.76,11.4,Educational,Split AC,27.89,498.69
67.44,17.0,33.74,8.45,Office,Split AC,24.94,2226.69
165.3,14.0,33.22,21.75,Residential,VRF,22.34,2354.72
188.35,23.0,25.09,16.88,Residential,VRF,23.22,1821.13
332.42,54.0,9.92,15.54,,Rooftop Unit,18.71,9622.88
33.17,12.0,23.71,15.48,Residential,Heat Pump,23.74,469.24
15.29,1.0,27.01,28.09,Office,Split AC,26.78,126.98
10.53,7.0,24.58,11.34,Educational,Split AC,22.8,386.87
56.23,17.0,27.95,10.43,Hospital,Central AC,26.34,2314.5
25.06,5.0,30.64,16.57,Office,Split AC,23.98,658.31
22.74,3.0,61.22348824884501,5.17,Commercial,VRF,18.31,333.54
30.13,20.0,14.96,14.89,Residential,Heat Pump,22.08,809.18
65.07,18.0,36.94,12.04,hospital,Heat Pump,23.94,3032.13
73.32,16.0,19.63,20.79,Office,Split AC,20.11,1115.29
13.84,4.0,16.89,6.94,Residential,Split AC,18.11,283.7
202.32,47.0,14.4,7.87,Residential,Central AC,20.19,4813.72
20.98,4.0,18.6,4.77,Hospital,VRF,18.11,428.42
65.59,14.0,24.64,7.62, Office,Central AC,23.58,1914.03
22.24,3.0,23.6,5.75,Residential,VRF,23.54,257.82
76.62,15.0,17.55,12.66,Commercial,Central AC,18.38,2085.87
14.39,3.0,24.25,16.37,Commercial,VRF,22.7,230.66
71.21,19.0,30.78,11.5,Commercial,Heat Pump,25.28,1813.7
180.33,21.0,6.51,9.38,Residential,Split AC,19.19,4687.99
57.27,2.0,42.25,8.38,Commercial,Central AC,30.0,10208.968693299068
59.18,12.0,34.6,21.9,Commercial,Central AC,25.14,1796.19
119.34,23.0,13.33,11.02,Residential,VRF,22.63,2524.76
20.69,5.0,33.46,12.14,Office,Heat Pump,23.28,555.43
67.77,14.0,23.28,9.03,Commercial,Split AC,24.5,1261.67
71.15,12.0,29.95,14.63,Office,Split AC,27.62,1537.08
58.94,16.0,12.22,18.76,Residential,vrf,19.58,976.85
79.45,17.0,32.86,9.53,Commercial,VRF,22.62,2481.35
62.31,9.0,18.34,9.24,Office,Heat Pump,19.94,852.39
23.72,8.0,8.59,9.02,Residential,Central AC,18.38,813.93
29.84,5.0,20.51,14.96,Residential,VRF,21.03,390.16
15.443766908798294,110.0,37.47,12.26,Commercial,Rooftop Unit,27.94,431.18
164.66,40.0,23.42,7.35,Residential,Split AC,21.79,3150.31
45.71,15.0,29.06,11.17,Hospital,VRF,25.92,1542.77
24.09,6.0,23.89,8.33,Office,Central AC,22.58,623.77
28.33,4.0,21.47,30.0,Office,Rooftop Unit,22.43,463.32
24.14,7.0,19.71,26.88,Residential,Central AC,20.95,394.51
20.93,3.0,19.34,5.58,,VRF,19.56,320.03
79.05,20.0,34.86,23.42,Educational,Heat Pump,23.62,1568.19
-6.956601579294368,12.0,20.39,11.07,Residential,Central AC,21.67,782.06
41.59,16.0,26.19,13.2,Residential,Rooftop Unit,25.38,924.16
214.36,35.0,23.88,15.91,Educational,Central AC,24.54,3629.15
14.21,8.0,19.38,14.62,Office,VRF,20.18,389.9
137.64,17.0,22.97,11.5,Residential,Split AC,22.55,1589.08
31.16,14.0,27.66,10.52,Commercial,Heat Pump,25.0,604.26
34.52,20.0,32.16,10.19,Hospital,Central AC,25.11,2536.84
21.06,1.0,25.66,9.99,Hospital,VRF,24.86,293.44
155.5,27.0,41.33,10.49,Office,Split AC,27.87,6609.27
21.66,7.0,8.13,12.21,Office ,Split AC,18.0,672.65
12.25,2.0,21.85,30.0,Commercial,VRF,22.34,166.83
13.53,-9.0,23.46,14.19,Commercial,VRF,24.69,288.91
20.33,8.0,21.84,14.31,Commercial,Central AC,21.57,516.83
23.3,6.0,21.82,19.87,Residential,VRF,21.77,198.61
19.32,1.0,20.91,13.49,Residential,Heat Pump,19.33,176.48
69.67,16.0,36.5,12.3,Commercial,Central AC,26.51,2929.38
44.95,17.0,23.41,26.19,Residential,VRF,22.14,668.34
101.29,15.0,22.94,11.51,Office,Central AC,20.56,2045.28
100.54,11.0,21.88,23.92,Educational,Rooftop Unit,20.89,1391.43
28.88,2.0,25.41,10.74,Residential,Heat Pump,22.67,333.4
74.89,20.0,30.45,22.19,Commercial,Rooftop Unit,25.39,2112.21
11.1,2.0,27.05,15.2,Residential,Split AC,24.47,144.71
132.47,25.0,16.57,9.25,Residential,Split AC,19.29,2486.08
186.15,24.0,33.72,5.82,Office,Split AC,24.38,7158.76
20.37,6.0,33.32,14.06,Hospital,VRF,21.39,747.92
164.59,37.0,9.82,19.5,Commercial,Central AC,18.0,5466.01
77.21,16.0,28.13,10.19,Residential,Split AC,25.08,1477.12
80.66,40.0,18.31,8.51,Office,VRF,18.79,1956.11
89.94,22.0,34.6,13.66,Commercial,Central AC,25.49,4030.11
121.15,34.0,5.0,7.19,Commercial,Rooftop Unit,18.0,7962.63
46.25,6.0,28.7,7.07,Residential,Heat Pump,24.05,691.27
46.67,17.0,36.75,14.53,Educational,VRF,25.82,1503.24
34.83,15.0,18.55,14.97,Residential,Heat Pump,20.85,454.71
96.72,11.0,18.91,24.47,Office,Central AC,18.94,1275.37
15.89,5.0,11.98,30.0,Office,Heat Pump,20.81,332.87
13.56,6.0,10.95,15.59,Residential,Split AC,21.31,384.32
21.27,4.0,23.39,13.71,Educational,Central AC,23.33,351.74
36.19,5.0,16.28,20.51,Office,VRF,18.0,444.72
38.1,15.0,33.97,16.35,Educational,Split AC,26.61,1381.43
19.02,4.0,41.39,8.36,Commercial,Central AC,28.64,1095.65
13.89246405288878,105.0,15.47,9.09,Hospital,VRF,18.53,606.51
44.0,1.0,20.6,17.12,Office,Central AC,20.41,10870.454991064707
18.18,1.0,34.95,18.84,Office,Rooftop Unit,,521.14
24.04,3.0,24.74,7.06,Residential,Split AC,22.19,410.54
24.58,3.0,32.41,11.45,Residential,Split AC,25.2,616.74
26.56,2.0,28.41,9.74,Residential,Split AC,25.74,377.97
147.26,27.0,30.58,17.83,Hospital,Central AC,24.75,5421.11
23.16,1.0,19.6,15.33,Office,Split AC,18.58,315.97
259.3213003003483,10.0,42.19,16.29,Commercial,Central AC,27.11,39.340256906651156
127.03,28.0,31.97,7.83,Residential,Heat Pump,23.18,2551.97
35.89,6.0,16.1,17.69,Hospital,Central AC,18.88,964.29
52.01,14.0,36.42,16.46,Office,Split AC,24.93,1691.59
56.97,9.0,19.73,0.6151517290184341,Commercial,Heat Pump,21.35,8556.06207500722
20.9,8.0,23.92,4.41,Educational,Heat Pump,24.14,310.96
15.43,7.0,26.36,-9.310023130906119,Office,Rooftop Unit,26.31,352.99
22.22,1.0,24.13,17.86,Residential,Heat Pump,24.53,173.58
78.83,17.0,17.4,20.18,Educational,Rooftop Unit,19.07,1433.03
100.16,,26.14,19.02,Commercial,Heat Pump,24.97,1453.43
277.78,50.0,40.29,11.33,Hospital, Heat Pump,24.01,12770.59
21.44,1.0,39.06,14.09,Educational,Heat Pump,24.91,492.52
171.14,39.0,23.75,12.16,Educational,Heat Pump,21.94,2663.42
62.47,12.0,19.28,25.55,Residential,Heat Pump,22.4,554.17
73.58,20.0,30.9,30.0,Residential,Rooftop Unit,25.97,1460.59
41.45,10.0,17.98,4.06,Office,Heat Pump,19.66,764.0
,28.0,24.91,16.04,Commercial,Split AC,23.54,2451.41
12.18,1.0,15.77,8.83,Residential,Heat Pump,18.66,154.66
104.03,37.0,19.46,18.43,Office,Central AC,20.31,2684.14
166.02,39.0,28.24,20.53,Residential,Central AC,27.25,3058.75
75.62,-8.0,41.46,20.54,Hospital,Split AC,25.73,3551.12
109.69,29.0,27.44,12.26,Residential,Split AC,26.67,2196.74
22.590310873142563,75.0,20.44,10.03,Commercial,Heat Pump,19.39,867.94
64.59,20.0,16.72,15.18,Residential,Split AC,20.37,1413.38
31.8,18.0,20.05,15.52,Residential,Rooftop Unit,22.68,874.75
74.2,18.0,14.93,13.52,Commercial,Rooftop Unit,20.31,2138.15
36.41,9.0,17.29,-7.363874925870096,Commercial,Split AC,18.0,741.43
21.41,7.0,35.09,11.65,Commercial,Split AC,23.89,1053.49
17.61,8.0,34.17,23.07,Educational,Heat Pump,22.56,353.36
13.16,2.0,28.27,19.22,Hospital,Central AC,26.18,289.8
24.3,2.0,37.27,5.93,Commercial,Rooftop Unit,28.66,1045.5
125.93,35.0,31.6,18.42,Commercial,Central AC,26.25,4136.25
62.8,13.0,23.68,15.76,Residential,Split AC,23.72,977.85
51.1,20.0,8.62,8.5,Commercial,Heat Pump,20.72,2060.97
-24.676215980240038,14.0,21.32,21.14,Residential,Rooftop Unit,19.06,1125.35
67.62,18.0,34.41,13.46,Residential,heat pump,23.66,1565.38
46.9,13.0,33.54,10.51,Office,Rooftop Unit,24.73,1580.07
,15.0,10.66,5.89,Residential,Rooftop Unit,18.0,1537.0
26.45,7.0,17.22,15.18,Commercial,Central AC,21.23,-110.35972735916323
24.3,4.0,23.41,4.81,Residential,Split AC,22.52,403.47
10.55,6.0,16.33,8.29,Residential,Split AC,18.0,233.36
14.86,5.0,21.31,28.4,Residential,Central AC,20.51,261.67
79.63,16.0,19.05,18.38,Office,Central AC,20.87,1706.8
31.19,17.0,22.55,14.38,Educational,Central AC,21.69,1110.82
12.91,5.0,20.58,11.08,Residential ,VRF,20.57,227.06
17.14171206906553,80.0,26.87,7.62,Residential,VRF,24.6,807.81
24.0,5.0,26.09,17.46,Commercial,Split AC,24.07,569.02
25.67,4.0,33.99,15.29,Commercial,Rooftop Unit,25.09,1028.73
11.97,5.0,17.98,8.83,Educational,Central AC,19.72,356.89
22.58,7.0,25.62,13.3,Commercial,Split AC,26.02,581.01
27.56,8.0,41.87,5.7,Commercial,Split AC,26.67,1654.36
68.08,18.0,,9.72,Hospital,Central AC,21.15,2409.18
14.96,6.0,42.6,24.15,Residential,Split AC,27.94,459.12
71.94,6.0,30.37,7.7,Residential,Split AC,25.01,1523.41
19.67,1.0,33.19,21.79,Residential,VRF,22.65,218.21
38.3,19.0,41.44,10.59,Residential,Central AC,28.22,1599.55
22.37,8.0,26.83,24.13,Commercial,Heat Pump,23.7,463.11
49.51,17.0,30.19,8.59,Educational,Split AC,23.18,2016.66
12.624188452504214,101.0,25.09,24.96,Residential,Heat Pump,24.56,595.77
37.94,12.0,37.59,25.21207571010161,Commercial,VRF,24.54,11325.503511616134
156.38,37.0,25.99,15.16,Commercial,Rooftop Unit,24.57,3677.44
26.37,7.0,5.81,26.51,Residential,Split AC,18.87,578.77
61.99,16.0,33.36,18.26,educational,VRF,23.21,1340.58
43.94,8.0,69.43377272752886,11.46,Residential,Split AC,18.0,1450.02
61.74,16.0,20.11,11.1,Commercial,VRF,20.91,1113.11
49.95,5.0,28.83,7.71,Residential,Central AC,28.03,952.14
37.28,12.0,21.21,7.76,Residential,Central AC,19.75,914.82
38.04,12.0,19.53,20.59,Commercial,Split AC,20.64,941.89
13.88,6.0,14.81,8.16,Commercial,Split AC,19.27,566.51
72.84,8.0,30.6,19.58,Residential,Central AC,24.88,1440.24
35.57,17.0,35.84,18.11,Hospital,split ac,25.47,1940.3
189.55,11.0,18.98,24.18,Hospital,Split AC,18.5,2799.48
26.79,4.0,20.6,11.3,Educational,Central AC,20.61,395.68
20.57,1.0,43.83,19.15,Commercial,Rooftop Unit,28.59,834.96
296.36,54.0,27.35,13.72,Educational,Split AC,24.69,5107.21
20.54,3.0,28.07,13.41,Residential,Rooftop Unit,26.02,317.13
13.78,1.0,67.05077569938705,17.83,Residential,VRF,21.07,93.13
177.97,36.0,23.9,25.55458356129037,Commercial,Rooftop Unit,23.95,9664.412850221834
78.81,20.0,14.78,12.89,Commercial,VRF,22.02,2056.1
77.24,11.0,31.1,8.38,Educational,Rooftop Unit,,2282.8
24.63,5.0,23.77,17.59,Hospital,Central AC,22.95,668.2
88.39,18.0,16.42,15.46,Office,Heat Pump,21.15,1702.51
60.04,7.0,23.84,8.51,Residential,Central AC,22.48,835.87
14.45,2.0,42.53,15.94,,Split AC,26.09,627.79
14.513277464334966,71.0,27.34,8.89,Residential,VRF,26.25,215.98
111.02,34.0,18.13,7.17,Residential,Rooftop Unit,19.2,2558.54
10.985176631499552,83.0,26.28,19.88,Residential,Split AC,24.06,1929.66
55.33,11.0,14.97,29.951259744593273,Educational,Central AC,19.35,12732.073317337381
29.94,5.0,16.24,13.65,Hospital,Rooftop Unit,20.9,970.52
280.11,21.0,33.46,18.95,Residential,split ac,26.45,4447.51
72.5,18.0,21.59,9.26,Office,VRF,21.54,1357.63
83.48,25.0,14.53,14.82,Commercial,VRF,21.85,2402.06
22.93,4.0,53.480594360136195,10.16,Office,Split AC,26.38,930.54
155.03,36.0,27.41,15.37,Office,Split AC,25.7,2731.22
29.91,5.0,34.05,23.1,Hospital,Split AC,25.07,736.24
45.53,14.0,33.63,11.51,COMMERCIAL,Central AC,26.19,2570.06
324.26,35.0,31.9,11.76,Commercial,Heat Pump,23.43,7606.03
33.35,15.0,31.47,23.06,Commercial,Central AC,27.31,1195.01
12.12,4.0,45.0,21.7,Commercial,Heat Pump,23.46,456.72
49.36,6.0,26.1,10.11,Educational,VRF,26.23,
82.01,23.0,47.005231195596984,11.89,Office,Rooftop Unit,21.99,3320.38
22.98,2.0,24.72,24.09,Educational,Central AC,24.61,237.89
36.87,16.0,39.42,9.07,Office,Central AC,29.16,2176.78
45.88,20.0,23.39,21.98,Residential,Split AC,24.33,872.35
15.99,7.0,23.07,20.08,Office,Central AC,23.39,439.88
65.77,6.0,24.69,11.38,Office,Split AC,24.5,751.96
46.96,19.0,31.76,11.83,Office,Rooftop Unit,25.39,1806.71
77.84,13.0,24.98,7.79,Residential,Central AC,24.3,1393.51
17.781269027860052,108.0,25.02,30.0,Commercial,Central AC,21.45,1606.02
18.01,6.0,20.29,12.24,Residential,Central AC,21.35,311.2
67.8,9.0,20.76,6.72,Educational,Split AC,20.74,1135.28
164.9,11.0,22.25,13.27,Residential,VRF,20.3,1745.46
19.68,4.0,-59.385255519253576,18.23,Office,Heat Pump,22.05,400.5
76.88,14.0,20.05,9.53,Residential,Heat Pump,19.58,881.43
76.04,17.0,22.76,14.95,Office,VRF,21.75,991.53
66.99,8.0,23.6,15.8,Office,Rooftop Unit,21.76,1200.24
28.2,8.0,20.39,16.99,Residential,Split AC,20.27,456.25
46.4,8.0,31.33,8.44,Residential,Heat Pump,23.13,794.12
17.29,5.0,45.0,16.35,Office,VRF,22.38,632.22
44.8,10.0,14.18,7.23,Residential,Split AC,19.09,965.86
57.47,17.0,21.51,5.8,Residential,VRF,22.95,1104.28
10.3,2.0,33.81,9.59,Commercial,Central AC,25.48,434.16
12.99,6.0,13.42,12.69,Commercial,Central AC,22.49,574.27
52.76,14.0,27.28,18.96,Residential,Heat Pump,25.66,685.44
71.37,14.0,34.58,,Residential,Heat Pump,24.87,1422.45
21.67,1.0,33.05,6.8,Residential,Central AC,25.47,612.6
180.02,16.0,42.14,8.71,Residential,Split AC,29.13,6154.23
21.36,1.0,12.06,11.43,Residential,Central AC,-3.8618854068165724,382.26
79.48,11.0,12.45,8.44,Residential,Central AC,18.65,1926.62
17.978124942311105,90.0,27.24,8.66,Educational,Central AC,26.84,518.75
78.26,17.0,17.45,20.62,Residential,VRF,19.97,951.92
78.64,17.0,20.54,13.98,Office,Central AC,21.73,1855.87
71.88,7.0,15.49,14.07,Office,Rooftop Unit,18.59,1510.55
18.56,8.0,14.54,15.02,Educational,Central AC,20.81,553.37
332.64,48.0,29.41,24.69,Hospital,Central AC,27.74,8239.79
23.17,8.0,27.67,18.66,commercial,Split AC,23.4,603.03
22.64,1.0,17.37,16.54,Office,Central AC,21.01,322.87
26.22,5.0,33.49,18.66,Office,Heat Pump,22.12,497.04
24.78,2.0,29.44,16.06,Hospital,Split AC,27.92,-340.23193492096283
43.89,16.0,14.56,14.32,Office,Heat Pump,21.66,1040.92
22.45,5.0,23.8,12.89,Office,Central AC,23.44,490.07
10.2,1.0,15.99,15.44,Commercial,Split AC,18.43,189.95
70.38,10.0,14.49,14.79,Hospital,Central AC,19.6,2057.63
26.27,8.0,12.98,13.47,Educational,Split AC,20.83,801.55
13.59,7.0,29.71,14.22,educational,Heat Pump,25.41,336.3
48.64,12.0,12.85,13.24, Office,Heat Pump,22.89,1276.87
328.85,26.0,18.7,9.84,Residential,Heat Pump,19.89,2795.89
153.46,10.0,23.01,6.89,Office,Central AC,22.85,2522.93
187.01,10.0,35.46,13.0,Office,Split AC,26.67,4977.22
29.73,4.0,37.57,30.0,Residential,Central AC,28.36,563.69
10.99,4.0,24.92,12.77,Commercial,VRF,22.75,265.47
15.15,8.0,29.51,20.0,Commercial,Split AC,26.6,586.1
74.31,7.0,16.63,,Office,VRF,18.94,1252.69
25.81,8.0,21.04,10.33,Residential,VRF,22.84,360.98
40.9,8.0,-67.15698057103619,30.0,Commercial,Central AC,22.06,903.83
177.5062664138252,5.0,31.07,18.19,Office,Split AC,23.28,90.47330225263408
18.59,5.0,44.79,19.6,OFFICE,Rooftop Unit,30.0,754.18
71.7,15.0,37.19,10.85,Office,Rooftop Unit,,2785.86
24.8,7.0,32.4,6.15,Office,Heat Pump,22.64,666.57
35.41,8.0,25.9,6.92,Educational,Heat Pump,22.08,657.68
22.18,8.0,37.84,16.96,Residential,Split AC,26.7,674.07
51.22,15.0,27.2,15.28,Commercial,VRF,24.33,
17.260768102624905,99.0,27.39,9.22,Commercial,Split AC,26.3,642.66
21.55,2.0,21.62,12.51,Residential,Heat Pump,78.52872244322403,155.92
14.94,2.0,43.17,15.45,Office,Rooftop Unit,29.95,582.99
27.08,1.0,21.5,10.17,Office,Split AC,21.99,401.79
68.82,15.0,42.46,4.77,Residential,Split AC,25.77,3347.76
33.41,20.0,23.3,13.2,Residential,Heat Pump,23.37,696.36
84.22,17.0,22.76,6.06, Commercial,VRF,23.31,1507.03
201.59,42.0,23.1,19.83,Commercial,Rooftop Unit,22.36,4953.14
22.0,7.0,12.25,10.87,Hospital,Central AC,18.88,1113.55
14.42,3.0,19.83,9.83,Commercial,Central AC,21.63,349.93
11.24,2.0,23.6,8.52,Office,Heat Pump,23.46,144.2
50.01,9.0,6.71,12.53,Hospital,Central AC,18.0,2877.08
197.96,32.0,28.57,8.05,Office,Heat Pump,25.21,3248.77
86.22,2.0,13.67,13.28,Educational,Split AC,19.15,11323.364319272538
79.89,13.0,36.91,7.23,Residential,Rooftop Unit,27.59,
56.41,20.0,14.98,13.92,Educational,Rooftop Unit,18.49,1763.81
22.76063729622019,78.0,32.11,21.86,Residential,VRF,24.64,257.71
27.19,4.0,15.74,6.28,Residential,Central AC,18.0,419.18
45.86,20.0,23.26,29.01,Residential,Split AC,21.75,888.45
27.19,2.0,26.61,29.80144576194671,Residential,VRF,25.44,10117.683810485069
110.07,31.0,28.92,28.3,Residential,Rooftop Unit,27.97,1897.27
23.74,2.0,30.87,10.37,Educational,Heat Pump,22.23,365.02
78.02,8.0,5.0,27.9223810176902,Commercial,Split AC,18.11,12693.26758265564
,33.0,24.93,18.08,Residential,Heat Pump,25.29,2413.89
11.39,7.0,35.2,6.55,Residential,Heat Pump,22.98,315.37
153.54,34.0,33.27,19.67,Office,Heat Pump,26.07,3279.86
50.14,5.0,29.98,10.13,Commercial,VRF,28.52,857.83
30.91,18.0,23.55,11.44,Educational,Split AC,23.1,983.05
17.9,2.0,28.24,8.87,Office,Split AC,25.29,437.05
306.88,20.0,15.52,18.74,Commercial,Rooftop Unit,18.0,5459.37
83.99,29.0,22.52,15.37,Educational,Heat Pump,24.6,1058.23
23.16,4.0,,11.07,Residential,VRF,20.91,446.84
21.11,8.0,26.44,12.29,Educational,VRF,24.08,305.84
26.77,8.0,15.43,9.95,Hospital,Heat Pump,18.2,703.24
25.58,4.0,25.65,20.63,Office,Split AC,23.95,338.23
77.78,7.0,29.18,28.1,Commercial,Rooftop Unit,26.02,1535.45
-28.161534593353604,5.0,27.32,14.18,Residential,VRF,25.96,351.09
68.87,7.0,18.3,25.19,Hospital,VRF,19.86,1058.71
166.93,26.0,17.85,9.72,Office,Central AC,19.6,3364.77
17.77,5.0,53.87311191702908,4.89,Commercial,Rooftop Unit,26.4,918.47
33.21,8.0,27.76,16.1,Office,Split AC,26.57,625.73
26.34,1.0,26.8,10.48,Office,VRF,24.18,464.16
144.91,35.0,22.6,17.27,Educational,Central AC,22.46,2427.15
14.024242778885554,5.0,17.62,18.29,Office,Central AC,19.58,14141.406459511483
19.0,4.0,14.01,17.49,Educational,VRF,22.6,334.29
28.21,8.0,27.63,29.855298307741496,Residential,Central AC,25.86,9995.371033560095
22.05,2.0,23.17,30.0,Educational,Split AC,20.74,227.49
69.03,15.0,31.29,5.52,Residential,Split AC,24.73,1874.95
38.03,19.0,19.75,12.97,Residential,Split AC,21.81,816.83
42.74,13.0,11.95,14.08,Commercial,Rooftop Unit,18.71,1565.8
15.69,7.0,14.19,4.38,Office,Heat Pump,19.59,475.38
63.49,11.0,15.7,15.79,Residential,Central AC,18.0,1007.42
12.93,6.0,30.89,19.69,Residential,Split AC,26.46,290.99
13.06,8.0,25.74,12.59,Hospital,Split AC,24.91,658.74
16.5,5.0,36.7,13.97,Residential,Central AC,27.91,471.74
258.797181030579,5.0,27.6,15.28,Office,Split AC,23.56,134.12053361352397
104.55,36.0,39.85,10.8,Hospital,Central AC,26.7,6556.0
14.39,8.0,27.66,11.75,Residential,Central AC,26.15,569.13
275.21,28.0,35.4,6.03,Commercial,Split AC,27.58,9824.67
82.73,26.0,19.99,20.33,Hospital,VRF,20.09,1981.88
53.78,6.0,17.67,23.34,Educational,Split AC,18.67,643.99
24.63,3.0,21.21,11.77,Residential,Split AC,23.32,362.56
134.54,20.0,24.45,17.71,Residential,VRF,22.68,1465.01
125.27,30.0,41.36,16.82,Office,Split AC,27.09,-57.16041964361675
74.4,11.0,24.62,11.59,Residential,Central AC,24.79,886.22
30.43,18.0,30.13,9.17,Commercial,VRF,22.33,1236.28
62.76,20.0,36.17,11.82,Educational,Central AC,26.05,2643.16
16.64,4.0,26.64,13.58,Hospital,VRF,24.34,345.62
16.64,5.0,10.89,7.81,Commercial,Split AC,19.21,-400.35866789349495
41.61,20.0,18.32,9.17,Commercial,Central AC,20.44,1522.62
53.01,13.0,23.56,20.66,Residential,Central AC,23.92,856.85
13.15,1.0,22.06,9.84,Hospital,VRF,23.11,227.64
20.2,3.0,32.74,13.13,Educational,Central AC,24.85,592.07
76.19,15.0,27.05,17.5,hospital,Heat Pump,26.35,1588.38
47.92,11.0,28.45,9.02,Residential,Central AC,26.92,934.68
136.38,14.0,25.45,19.89,Residential,Split AC,26.93,1503.46
67.97,8.0,25.89,19.89,Hospital,Central AC,24.08,1603.15
19.84300085437171,116.0,18.9,16.63,Hospital,Central AC,20.18,3012.69
74.1,18.0,23.61,13.13,Hospital,VRF,23.21,1992.46
23.56,5.0,27.7,8.81,Office,Split AC,25.81,649.49
18.59,4.0,30.24,12.82,residential,VRF,21.63,333.76
43.98,15.0,,22.99,Office,Split AC,18.0,1413.88
14.94,6.0,19.99,12.29,Residential,VRF,21.09,213.85
,11.0,17.74,8.63,Educational,Central AC,21.73,1360.82
83.1,33.0,30.36,15.33,Residential,Split AC,24.44,2021.47
18.56,3.0,13.76,12.98,Office,Split AC,19.58,462.77
104.39,15.0,16.08,9.13,Commercial,Split AC,18.0,2218.32
186.62,12.0,24.02,10.82,Residential,Central AC,21.59,2418.9
23.32,3.0,17.47,15.68,Educational,Split AC,18.0,402.82
23.96,6.0,16.13,24.42,Residential,Split AC,22.0,382.76
54.85,20.0,26.98,6.37,Office,Split AC,26.11,1777.9
242.16,52.0,5.0,22.99,Residential,Central AC,18.0,6762.77
267.01,32.0,34.58,10.72,Hospital,Split AC,24.45,11994.45
63.56,8.0,18.1,12.01,Office,Rooftop Unit,19.57,1286.14
13.97,3.0,14.85,10.11,Residential,Central AC,20.18,279.24
162.64,14.0,12.33,7.51,Residential,Split AC,18.04,3698.43
38.0,17.0,30.1,5.12,Residential,Central AC,24.62,1419.31
19.44,1.0,33.45,11.95,Office,Split AC,24.61,582.49
46.97,7.0,9.84,13.75,Commercial,Heat Pump,19.93,1237.54
262.94,-9.0,28.49,12.95,Office,Split AC,27.46,4886.57
249.03,26.0,22.5,9.51,Commercial,VRF,23.08,3539.03
77.9,7.0,25.44,5.13,Commercial,Split AC,24.47,1362.49
171.59,10.0,20.06,19.55,Office,VRF,23.32,
184.13,26.0,16.25,13.75,Residential,,19.51,3069.45
98.73,24.0,20.15,11.52,,VRF,21.48,1483.14
12.26,5.0,23.94,23.58,Residential,Central AC,22.28,258.43
26.42,3.0,15.13,14.26,Commercial,Heat Pump,18.0,341.09
43.21,17.0,58.50757267340744,17.17,Residential,Central AC,21.75,1025.38
70.21,18.0,6.66,16.85,Educational,Central AC,18.0,2216.71
151.73,39.0,29.97,10.28,Commercial,Split AC,25.59,4937.56
21.51,7.0,12.58,19.54,Residential,Central AC,19.25,547.05
31.47,10.0,44.07,12.91,Residential,Heat Pump,25.59,1194.35
54.09,18.0,20.24,12.79,Residential,VRF,,721.49
11.49,6.0,58.40623115821825,8.81,Commercial,Split AC,23.66,419.87
18.35,2.0,32.26,22.73,Residential,Central AC,26.01,353.05
38.27,16.0,21.64,15.84,Commercial,Split AC,20.82,1242.1
18.58,1.0,32.5,9.39,Educational,Split AC,24.4,456.37
26.53,3.0,32.52,13.0,EDUCATIONAL,Split AC,25.54,581.12
16.545748314252794,103.0,7.69,7.77,Office,Heat Pump,20.63,1334.1
26.9,1.0,29.86,16.15,Commercial,central ac,25.61,504.87
26.54,,33.95,10.85,Residential,VRF,24.02,611.5
16.9,5.0,22.34,7.08,Residential,Rooftop Unit,21.57,391.65
59.87,19.0,26.37,21.87,Commercial,Central AC,23.98,1572.26
50.97,17.0,,17.59,Hospital,Rooftop Unit,20.34,1811.1
188.89,29.0,21.61,17.14,Residential,Split AC,24.81,2274.66
27.53,6.0,27.87,13.74,Office,Rooftop Unit,26.75,681.51
52.42,11.0,25.25,12.0,Residential,Central AC,24.35,906.8
38.59,12.0,40.04,22.91,Residential,Rooftop Unit,27.21,1393.27
10.43,4.0,16.2,-6.271110407265534,Office,Split AC,19.3,225.48
27.5,6.0,36.69,17.53,Educational,Central AC,26.97,891.71
66.62,9.0,22.75,22.59,Commercial,Split AC,23.34,1230.29
197.76,40.0,26.54,22.45,Commercial,VRF ,25.42,3431.33
343.43528312160134,8.0,32.14,7.37,Office,VRF,22.37,123.69460364996222
53.63,17.0,7.63,12.51,Residential,Central AC,18.0,1843.44
22.58,5.0,32.22,12.51,Residential,VRF,23.96,
299.68,31.0,27.05,16.27,Commercial,Central AC,25.71,5611.07
19.44,7.0,35.42,5.52,Hospital,VRF,23.6,1061.46
26.03,4.0,9.4,14.18,Educational,Split AC,19.01,814.78
178.74,10.0,-56.32569648392274,24.03,Office,Rooftop Unit,18.42,3828.93
14.03,5.0,25.09,30.0,Office,VRF,22.6,246.0
17.32,7.0,20.58,9.06,Office,Central AC,18.47,485.82
16.25,6.0,25.98,,Residential,Rooftop Unit,24.13,311.14
30.86,20.0,21.38,7.67,Office,Heat Pump,22.3,843.99
40.24,18.0,19.06,8.48,Commercial,Heat Pump,21.21,878.66
28.31,4.0,32.51,13.04,Commercial,vrf,22.45,741.17
79.28,12.0,28.34,23.51,Office,Split AC,26.19,1320.91
22.45,5.0,27.64,13.81,Hospital,Split AC,25.29,656.63
289.87,34.0,16.61,22.03,Residential,Central AC,19.71,3951.22
15.3355523665486,120.0,12.53,21.1,Residential,Split AC,19.98,1502.44
73.17,5.0,34.35,5.26,Hospital,Central AC,26.53,3333.3
69.25,13.0,23.67,19.6,educational,Heat Pump,23.31,791.71
53.02,11.0,21.17,19.03,Educational,VRF,21.34,
65.76,5.0,19.1,11.38,Office,VRF,21.26,839.91
159.35,36.0,11.55,16.58,Commercial,VRF,18.0,3946.31
,17.0,23.49,9.28,Office,Split AC,24.59,1253.35
43.5,8.0,21.98,5.43,Residential,VRF,22.41,618.43
33.87,19.0,26.24,20.31,Residential,Central AC,23.44,865.29
28.03,7.0,20.54,17.79,Hospital,Heat Pump,22.52,606.4
62.0,14.0,16.57,10.92,Educational,Central AC,18.0,1331.31
33.14,7.0,32.08,27.38,Educational,Central AC,25.37,718.25
82.97,29.0,17.9,18.58,Residential,Heat Pump,18.0,1168.9
24.8,3.0,21.83,17.86,Hospital,Central AC,22.52,572.31
51.29,19.0,18.36,16.27,Educational,Heat Pump,18.98,866.81
59.2,20.0,18.75,10.72,Office,Central AC,20.37,1561.17
75.98,14.0,18.49,18.03,Commercial,Split AC,20.41,1806.07
28.51,4.0,49.67836633878971,13.39,Hospital,Split AC,24.38,575.41
24.94,8.0,35.21,18.9,Office,Split AC,25.82,886.68
199.21,21.0,21.11,9.75,Commercial,,20.64,2911.72
282.33,42.0,33.01,12.33,Residential,VRF,22.21,5011.79
159.46,25.0,25.85,20.12,Residential,VRF,23.38,1685.23
65.64,18.0,26.05,10.45,Residential,Split AC,24.52,1223.4
57.42,20.0,16.52,20.71,Office,Split AC,18.49,1385.89
44.95,15.0,22.45,10.33,Residential,,24.06,920.49
172.4,13.0,22.96,,Commercial,Split AC,21.02,2381.47
159.55,21.0,19.13,,Residential,Central AC,21.29,2093.23
83.66,38.0,10.9,22.81,Commercial,Split AC,19.94,2777.51
16.07,7.0,29.84,22.1,Office,VRF,23.08,404.22
25.33,1.0,26.19,24.91,Educational,Split AC,21.86,310.83
43.22,8.0,31.19,5.64,Commercial,Heat Pump,24.22,1365.28
29.27,7.0,22.33,15.05,Commercial,Rooftop Unit,21.78,770.78
137.24,39.0,-61.96733638158986,17.57,Residential,Split AC,19.4,2528.64
30.98,14.0,26.63,5.48,Educational,Split AC,25.37,1047.79
192.02237849006636,12.0,31.92,14.92,Residential,VRF,23.76,48.99907437171138
14.68,2.0,15.69,17.47,Residential,Heat Pump,18.0,178.28
12.29,7.0,20.51,10.12,Educational,Split AC,21.16,406.23
14.41,4.0,31.7,0.44130960372235706,Educational,Split AC,25.24,11562.010677797269
17.24,4.0,26.17,20.92,Residential,Split AC,25.34,264.64
183.81,36.0,22.3,-3.2613796749124297,Residential,Rooftop Unit,20.83,2846.86
19.88,8.0,9.73,30.0,Hospital,VRF,21.71,507.3
17.27,7.0,24.23,9.12,Office,Central AC,23.22,499.28
20.39,3.0,34.32,6.33,Residential,VRF,20.89,465.25
28.11,3.0,25.02,23.67,Commercial,Split AC,23.32,410.7
13.3,7.0,18.58,10.58,,Central AC,20.11,529.29
26.95,1.0,17.34,15.85,Residential,VRF,20.14,263.01
,14.0,8.67,11.05,Educational,Central AC,18.0,1458.46
56.52,18.0,19.73,-7.77238879388681,Office,Split AC,20.39,1618.11
18.81,4.0,5.0,6.84,Office,Split AC,19.09,949.92
136.37,22.0,11.22,10.18,Commercial,Rooftop Unit,18.0,4929.68
27.58,1.0,16.62,9.94,Residential,Rooftop Unit,19.04,438.47
64.44,11.0,20.1,10.41,Office,Rooftop Unit,21.44,1406.99
21.53,1.0,38.99,26.06,Residential,Central AC,27.49,381.66
155.54,17.0,12.09,13.33,Hospital,VRF,21.71,4670.74
70.86,10.0,9.76,,Residential,VRF,20.29,1438.09
18.89,7.0,39.07,13.76,Commercial,Central AC,25.87,1055.72
22.67,8.0,12.6,9.88,Educational,Central AC,19.67,725.63
23.93,7.0,9.68,7.19,Educational,Split AC,19.59,779.56
113.47,30.0,18.46,21.3,Office,Split AC,20.77,1807.53
98.63,17.0,21.09,11.68,Hospital,Rooftop Unit,21.28,2523.25
36.71,13.0,31.73,13.05,Commercial,Split AC,26.6,1146.4
27.92,3.0,28.41,20.48,Residential,VRF,25.49,251.69
47.2,15.0,34.81,17.1,Educational,Central AC,26.92,1309.71
50.21,15.0,32.5,5.83,Residential,Heat Pump,25.75,1192.96
17.32305911490551,73.0,15.41,14.92,Hospital,Central AC,18.0,4626.75
,8.0,13.97,11.01,Commercial,Central AC,21.67,775.92
177.94,17.0,9.69,15.38,Educational,Central AC,18.31,4547.2
17.69,8.0,13.89,9.84,Residential,Split AC,20.02,422.28
167.49,10.0,32.06,26.68,Hospital,Split AC,26.4,3266.69
19.9,1.0,13.65,15.45,Office,Heat Pump,21.89,302.84
76.77,20.0,22.58,19.01,Residential,VRF,21.27,868.19
27.93,4.0,9.13,0.8676160284324868,Office,Rooftop Unit,18.0,9901.990490990465
26.5,7.0,16.69,11.47,Office ,Split AC,19.19,692.79
60.16,5.0,14.1,9.4,Office,Central AC,18.52,1348.5
68.17,17.0,35.15,5.8,Commercial,Split AC,25.94,3085.72
116.61,28.0,34.48,22.37,EDUCATIONAL,Central AC,25.06,3419.2
189.52,,17.0,11.47,Residential,Split AC,18.0,2394.47
21.063011319062824,51.0,36.23,11.34,Hospital,Central AC,25.76,11922.45952051896
48.97,8.0,38.91,24.49,Residential,Central AC,28.95,1041.98
299.1945736357973,29.0,22.96,12.95,Educational,Central AC,24.34,101.07903146523168
23.33,5.0,22.12,13.27,Office,Split AC,20.16,471.76
43.04,8.0,21.24,18.04,Residential,Central AC,20.97,617.96
16.56,4.0,24.66,13.53,Office,Central AC,23.84,353.35
55.85,9.0,14.67,18.51,Educational,Rooftop Unit,20.31,1293.9
315.00414059319627,13.0,29.88,19.14,Commercial,VRF,27.37,40.96103151335147
50.7,14.0,24.64,11.19,Office,Split AC,22.06,1225.52
122.07,25.0,33.78,14.02,Residential,VRF,21.79,2514.99
27.37,4.0,22.09,-5.420440587961936,Residential,Heat Pump,21.89,273.67
24.05,3.0,12.36,27.05,Office,Rooftop Unit,18.43,497.99
20.54,2.0,39.76,7.81,Commercial,Central AC,27.88,975.88
21.96,8.0,14.01,22.06,Hospital,Central AC,20.34,1066.68
27.01,4.0,19.77,6.3,Residential,Rooftop Unit,21.45,506.08
12.228863836272074,12.0,27.21,13.45,Commercial,Central AC,25.19,11218.037972558217
23.01,7.0,21.95,7.98,Commercial,Central AC,23.21,671.73
299.615588327912,2.0,14.31,9.36,Hospital,Split AC,21.11,44.19170657695511
16.848024273452538,81.0,14.88,20.5,Residential,Central AC,21.2,409.62
32.46,11.0,18.31,7.16,Educational,Split AC,19.24,715.35
171.50051443924616,6.0,27.21,23.58,Educational,VRF,24.1,126.72962366489637
111.34,17.0,16.3,28.085262174884555,Office,Split AC,18.0,13629.025281500173
50.75,9.0,19.44,21.7,Hospital,Central AC,20.29,1161.35
17.465412114720525,122.0,21.64,9.86,Hospital,Heat Pump,22.51,579.18
27.89,6.0,33.62,18.17,Commercial,Split AC,24.25,921.52
205.42,29.0,20.09,27.78,Commercial,VRF,20.07,2459.79
14.51,6.0,18.13,24.01,Commercial,Central AC,19.86,505.19
106.92,25.0,30.39,14.26,Commercial,Split AC,24.87,3382.09
71.35,11.0,24.78,18.85,Educational,Central AC,22.12,1071.54
27.61,1.0,25.95,13.78,Residential,Central AC,22.74,336.51
46.7,8.0,23.06,15.22,Residential,Split AC,25.17,639.25
127.04,16.0,20.93,27.86,Residential,Split AC,20.66,1372.52
60.39,11.0,17.93,8.05,Residential ,Rooftop Unit,21.4,1287.18
48.82,2.0,30.84,23.74,Hospital,Rooftop Unit,23.34,8814.376436244956
80.6,26.0,18.92,-5.402466705049557,Residential,Rooftop Unit,18.21,1777.01
272.97,45.0,35.51,8.34,Office,Central AC,29.73,10499.04
71.63,10.0,12.55,11.8,Office,Split AC,19.94,1748.91
20.139623598877215,71.0,31.68,17.67,Office,VRF,24.26,465.36
59.99,11.0,23.51,9.02,Residential,Central AC,23.98,993.94
54.86,12.0,18.74,30.0,Commercial,VRF,20.61,866.89
170.53,22.0,23.15,13.1,Educational,Central AC,22.72,2633.41
12.0,5.0,21.56,16.2,Residential,Rooftop Unit,21.95,307.2
23.79,6.0,27.3,15.91,Hospital,Central AC,25.86,820.85
19.07,5.0,22.07,9.91,Residential,Split AC,19.7,368.9
28.64,7.0,19.11,10.79,Office,VRF,21.03,477.44
16.35936076367295,23.0,24.55,15.84,Residential,Split AC,21.75,9567.798501841453
32.26,13.0,19.86,8.73,Residential,Central AC,20.15,700.43
17.18,5.0,30.33,10.14,Commercial,Split AC,25.54,636.88
198.18,38.0,22.22,9.93,Commercial,Split AC,20.83,5191.8
291.14,37.0,23.21,21.22,Hospital,VRF,22.92,4326.19
11.160915627455706,7.0,29.47,9.53,Residential,Rooftop Unit,26.82,14162.572374850735
76.23,15.0,23.94,12.07,Residential,Central AC,24.07,1261.04
82.91,24.0,27.16,11.05,Residential,Central AC,27.01,1978.22
14.38,2.0,26.2,0.44708991692758615,Educational,Split AC,22.59,11598.45141842364
39.59,11.0,34.27,9.59,Commercial,rooftop unit,27.06,1915.91
273.3359812273599,4.0,30.1,23.27,Office,Central AC,24.03,106.27356175840582
32.81,12.0,21.9,9.62,Residential,Rooftop Unit,23.06,894.54
305.92,47.0,23.55,9.41,Residential,Central AC,22.12,5974.26
124.88,32.0,27.1,21.49,Residential,Central AC,26.19,2155.56
69.1,14.0,27.38,8.22,Residential,Central AC,25.78,1241.01
52.4,16.0,21.1,20.88,Residential,Rooftop Unit,21.28,713.48
12.36,2.0,31.04,28.98,Educational,Split AC,24.35,221.74
18.76,7.0,35.13,17.14,Residential,VRF,24.25,445.73
75.09,9.0,20.91,16.38,Office,Central AC,22.44,1483.16
177.299874747596,24.0,22.17,23.31,Office,VRF,20.95,54.891031127272676
59.94,8.0,21.76,10.32,Educational, Heat Pump,20.55,779.97
64.39,10.0,27.59,5.34,Residential,Split AC,24.17,1254.81
47.57,6.0,35.47,8.48,Residential,Heat Pump,24.74,997.1
24.56,1.0,35.25,11.45,Office,Central AC,29.73,675.18
17.64,2.0,31.14,9.58,Commercial,Split AC,26.03,480.04
73.3,13.0,9.32,16.64,Residential,Heat Pump,22.71,1365.13
213.44,48.0,14.22,,Residential,Split AC,20.6,4323.35
66.27,1.0,7.71,16.94,Office,Central AC,18.0,8290.072684152561
275.09,47.0,11.11,17.19,OFFICE,Rooftop Unit,18.0,7891.55
20.57,1.0,31.08,14.79,Hospital,Rooftop Unit,24.24,746.16
11.33,8.0,14.78,19.56,Office,Split AC,22.05,401.15
66.48,12.0,19.53,12.72,Residential,Central AC,20.34,901.22
27.48,2.0,10.47,14.56,Residential,VRF,,471.86
11.03,6.0,22.07,6.87,Office,Central AC,20.21,-259.9147960002059
104.74,20.0,7.67,10.33,Residential,Rooftop Unit,18.0,3634.98
74.82,11.0,19.46,10.92,Residential,Heat Pump,18.92,746.54
57.35,16.0,35.27,11.34,Residential,Split AC,25.53,1545.08
,14.0,30.49,13.79,Residential,VRF,22.22,1191.78
174.4,34.0,17.85,10.3,Educational,VRF,20.18,2547.55
33.5,12.0,6.69,17.48,Commercial,Rooftop Unit,18.0,1576.22
16.91,3.0,29.89,15.86,Office,Rooftop Unit,27.91,327.52
24.72,1.0,18.97,15.74,Residential,Split AC,20.83,278.41
16.65,3.0,15.87,24.71,Residential,Split AC,18.31,237.8
18.5,3.0,28.84,5.09,Residential,Split AC,25.99,367.85
21.05,5.0,18.55,9.02,Commercial,Heat Pump,18.0,349.8
60.9,13.0,27.36,8.11,Office,vrf,25.02,1184.23
20.42,-4.0,23.31,11.1,Commercial,Central AC,23.01,513.54
77.79,19.0,7.81,24.97,Residential,Heat Pump,19.33,1322.28
142.01,10.0,19.64,6.03,Residential,VRF,18.66,1376.79
239.97695190978027,8.0,30.96,6.06,Hospital,Central AC,24.55,100.14788045764703
20.99,2.0,5.0,11.66,Commercial,Central AC,18.0,993.68
19.06496727093182,128.0,34.55,14.51,Residential,Heat Pump,22.36,442.55
44.25,10.0,23.11,7.06,Residential,VRF,22.36,521.46
82.46,23.0,25.5,14.2,Hospital,Central AC,22.87,2381.52
132.04,16.0,23.29,23.47,Residential,VRF,25.58,1190.43
13.13,2.0,25.56,7.07,Hospital,Central AC,24.02,352.64
22.03,1.0,21.71,5.12,Office,Rooftop Unit,21.91,369.89
69.75,9.0,8.58,13.37,Commercial,Rooftop Unit,18.28,2379.0
185.27,32.0,22.11,18.9,Hospital,Central AC,19.23,5481.95
20.91,5.0,24.76,12.62,Residential,Central AC,23.74,
11.23,,25.28,18.04,Residential,Central AC,26.01,228.48
52.14,11.0,29.61,24.86,Office,Central AC,26.5,1124.22
29.22,5.0,24.78,16.34,Office,VRF,,433.57
19.6,2.0,5.16,19.63,Residential,VRF,84.5152354304515,427.28
147.02,30.0,22.01,11.49,Office,Central AC,61.08241296681827,3013.36
27.53,6.0,27.87,13.74,Office,Rooftop Unit,26.66,681.51
25.48,8.0,24.02,12.69,Educational,Split AC,24.14,445.52
40.02,17.0,15.34,15.22,Office,Rooftop Unit,18.0,1505.8
105.96,37.0,36.33,10.08,Commercial,Rooftop Unit,25.9,6505.3
216.19,31.0,11.83,10.92,Office,Central AC,20.46,8038.92
127.16,25.0,44.61,13.09,Residential,Split AC,29.65,5103.64
164.07,22.0,25.01,21.83,Residential,Heat Pump,23.79,1427.88
48.35,17.0,16.3,16.95,Commercial,Central AC,20.45,1646.22
19.76,8.0,23.22,13.72,Commercial,Central AC,23.29,598.27
49.66,18.0,38.26,22.71,Hospital,Split AC,24.71,1846.22
47.15,6.0,23.68,12.17,Educational,Central AC,22.55,714.01
27.91,8.0,21.05,12.89,Office,Split AC ,22.12,620.45
160.53,21.0,,14.91,Hospital,Split AC,24.7,3254.95
12.58,2.0,23.13,6.64,Office,Rooftop Unit,22.24,226.8
78.64,19.0,20.41,30.0,Educational,Central AC,22.9,1585.85
14.2,4.0,20.93,12.43,Office,Split AC,20.03,278.37
94.09,20.0,28.43,9.52,Residential,VRF,26.86,1505.01
28.24,2.0,27.18,13.93,Residential,Heat Pump,25.54,306.53
70.65,5.0,22.92,,Residential,Central AC,20.46,1213.75
199.14,20.0,5.0,13.44,Educational,VRF,20.08,5546.34
31.13,18.0,18.87,12.24,Office,VRF,18.13,616.22
71.13,18.0,23.13,15.91,Residential,Split AC,23.19,1025.15
152.91,15.0,23.5,25.02,Residential,Central AC,22.64,1148.97
153.47,17.0,20.43,,Hospital,Split AC,20.62,2929.46
38.98,9.0,32.41,10.87,Residential ,Central AC,27.5,955.38
10.07,2.0,32.29,13.83,Office,VRF,25.1,231.31
25.73,3.0,6.3,20.09,Residential,Heat Pump,21.71,472.92
71.35,14.0,20.59,20.73,,Central AC,19.28,743.8
21.53,1.0,38.99,26.06,Residential,Central AC,27.49,381.66
71.67,11.0,22.6,18.7,Residential,Split AC,23.45,921.14
247.25207477967263,3.0,25.84,15.17,Residential,Heat Pump,24.28,107.7428518698021
90.81,20.0,,15.35,Residential,Split AC,20.03,1785.67
14.87,6.0,31.41,13.61,Residential,VRF,21.42,372.03
32.02,14.0,38.97,25.595477765812024,Residential,Central AC,27.78,9923.692376682378
56.73,8.0,40.99,14.18,Office,Central AC,28.68,2122.48
27.9,1.0,34.37,11.0,Residential,Split AC,25.24,667.17
117.56,35.0,51.63891187558383,12.52,Educational,Heat Pump,25.47,5323.87
74.21,15.0,22.15,12.1,Residential,Rooftop Unit,22.33,1073.2
21.79,6.0,13.23,24.41,Residential,Split AC,19.5,426.51
25.13,3.0,,17.84,Residential,Rooftop Unit,29.77,655.87
35.51,13.0,26.6,19.3,Educational,Central AC,21.94,983.27
49.89,16.0,44.47,10.52,Commercial,VRF,26.34,3085.48
151.63,11.0,31.03,13.26,Office,VRF,22.61,2864.4
52.02,5.0,35.72,17.5,Residential,Rooftop Unit,28.23,1214.24
225.42,42.0,18.09,27.019926238977863,Residential,Heat Pump,20.23,13043.445561367193
58.6,6.0,20.84,12.17,Residential,Rooftop Unit,21.71,815.09
17.634336628915076,26.0,25.42,18.61,Residential,VRF,24.33,10228.551333361604
78.98,17.0,34.18,23.45,Office,Heat Pump,24.57,1626.71
106.45,19.0,22.65,0.22290714791106714,Educational,Split AC,21.52,12954.17092386206
110.01,34.0,24.76,30.0,Educational,Rooftop Unit,23.91,2276.14
22.33,1.0,26.26,10.2,Residential,Heat Pump,24.9,199.51
239.06621090772103,25.0,35.4,12.2,Office,Central AC,25.21,28.863943685433004
59.2,8.0,32.85,5.52,Residential,Rooftop Unit,24.62,2055.75
24.19,3.0,43.15,16.14,Educational,Split AC,28.2,860.28
62.15,7.0,5.35,8.06,Office,Rooftop Unit,18.0,3141.86
252.0,23.0,8.25,11.52,Office,Central AC,18.0,8052.09
65.95,,25.43,5.55,Educational,Central AC,25.95,1181.13
66.41,5.0,28.03,19.57,Office,Central AC,25.4,1114.38
11.62,5.0,31.01,15.36,Commercial,,22.26,420.2
13.76000502155429,128.0,26.3,7.24,Educational,VRF,23.19,747.41
22.47,5.0,25.34,17.95,Residential,Central AC,24.15,459.33
22.29,1.0,30.23,13.42,Educational,Split AC,25.65,355.56
69.68,20.0,7.41,13.04,Hospital,VRF,20.0,2942.34
24.42,7.0,23.53,5.49,Educational,Central AC,22.64,513.27
28.4,8.0,19.57,10.32,Office,Rooftop Unit,20.16,595.04
68.21,10.0,23.22,6.02,Hospital,Rooftop Unit,23.11,1990.56
21.83,1.0,28.69,12.75,Residential,Split AC,27.99,299.82
17.64,3.0,22.02,18.87,Residential,Central AC,22.23,180.14
18.86,7.0,45.0,9.3,Hospital,VRF,26.73,1242.13
16.23,8.0,15.95,9.35,Residential,VRF,20.28,361.74
10.27,3.0,-64.91570673984864,18.83,Commercial,Central AC,20.74,280.94
61.54,19.0,43.47,7.87,Office,VRF,,2340.64
27.21,1.0,26.05,10.5,Commercial,HEAT PUMP,24.55,297.14
261.93,27.0,21.48,4.74,Residential,Central AC,19.34,4390.39
28.89,1.0,22.85,23.0,Commercial,VRF,24.28,301.76
15.29347783034585,5.0,24.5,12.08,Hospital,VRF,24.63,13196.543253028578
21.02,4.0,13.04,14.84,,Rooftop Unit,21.2,1031.74
10.11,7.0,19.48,20.92,Commercial,Heat Pump,20.18,342.12
252.93,53.0,23.45,16.31,Residential,Central AC,,4912.93
67.14,12.0,20.45,15.15,Residential,Rooftop Unit,22.57,1196.89
198.58,18.0,36.28,14.52,Educational,Central AC,27.7,4471.35
37.85,10.0,19.69,13.25,Residential,Split AC,20.66,557.89
62.59,8.0,39.88,17.04,Educational,Rooftop Unit,28.18,1961.55
17.2,4.0,35.68,-6.381057053782441,Residential,VRF,25.0,332.24
27.22,3.0,25.67,2.95,Residential,Central AC,25.39,453.28
72.14,11.0,16.77,10.37,Hospital,Heat Pump,20.43,1624.04
27.57,3.0,27.9,7.39,Residential,VRF,28.26,307.92
13.37,4.0,12.76,26.66,Commercial,Split AC,21.56,368.11
37.48,5.0,27.84,16.76,Office,VRF,26.63,509.23
263.53,46.0,17.65,9.46,Educational,Rooftop Unit,20.97,5213.62
16.18,7.0,38.77,11.11,Residential,Central AC,27.08,778.52
11.37,5.0,18.0,10.76,Hospital,Heat Pump,18.89,350.01
74.11,9.0,17.72,17.6,Educational,Central AC,20.8,934.07
322.14,45.0,16.89,7.05,Hospital,VRF,19.49,6467.03
76.33,16.0,17.87,15.91,Residential,Heat Pump,22.36,856.76
47.15,-3.0,42.14,14.76,Commercial,Split AC,28.14,1865.59
57.69,16.0,21.99,13.42,Office,Central AC,22.4,1162.99
47.93,10.0,18.93,13.77,Educational,Split AC,19.87,754.0
25.7,7.0,16.27,8.48,Hospital,VRF,18.0,647.06
51.12,18.0,23.79,3.89,Hospital, Heat Pump,22.93,1127.4
19.39,6.0,35.22,22.18,Residential,Heat Pump,22.99,
19.64,-5.0,21.68,14.91,Residential,VRF,21.85,188.98
329.9,54.0,28.28,6.17,Educational,Central AC,25.48,8429.92
28.59,7.0,27.34,30.0,Residential,Heat Pump,27.12,239.99
171.49,2.0,33.97,7.59,Commercial,Split AC,25.07,9406.40085943
71.99,12.0,36.05,10.2,Commercial,Central AC,29.87,2613.73
18.86801765386677,113.0,28.11,10.36,Residential,Heat Pump,26.96,1670.94
26.24,7.0,21.34,14.29,Office,Heat Pump,20.18,389.99
143.19,35.0,34.02,6.24,Commercial,VRF,24.77,5106.92
18.41,8.0,26.17,14.88,Hospital,Central AC,24.26,827.08
55.19,8.0,32.17,24.06,Residential,Heat Pump,24.26,699.26
11.33,4.0,25.27,9.5,Educational,Heat Pump,22.71,174.72
16.04,2.0,18.97,11.17,Residential,Central AC,18.61,187.2
18.106222035235113,124.0,32.42,17.48,Residential,Rooftop Unit,25.73,2439.35
10.09,5.0,28.58,30.0,Commercial,Rooftop Unit,25.47,405.23
41.97,19.0,21.65,25.66,Educational,Rooftop Unit,21.38,972.14
11.97,5.0,17.98,8.83,Educational,Central AC,19.72,356.89
180.02,16.0,42.14,8.71,Residential,Split AC,29.13,6154.23
62.66,20.0,32.18,25.03,Hospital,CENTRAL AC,25.2,2042.64
10.52,7.0,43.44,8.97,Hospital,Split AC,24.93,892.14
77.8,10.0,22.01,29.62,Hospital ,Central AC,21.15,1320.38
-6.900742583530099,7.0,41.06,24.48,Hospital,Rooftop Unit,28.52,1129.78
29.08,7.0,,6.14,Residential,Heat Pump,23.25,368.29
101.45,39.0,16.91,12.47,Office,VRF,82.55450352698203,2063.48
63.51,7.0,18.71,27.622677940278596,Commercial,Split AC,20.27,11900.792900268532
20.61,7.0,25.39,14.98,Residential,Split AC,25.05,364.74
79.91,17.0,27.05,7.33,Residential,Split AC,24.38,1509.5
53.76,13.0,12.67,29.769395357054528,Residential,Heat Pump,22.18,10346.317573507407
17.406766815026185,102.0,17.67,12.94,Residential,Central AC,19.87,239.86
18.12,3.0,12.33,15.18,Residential,VRF,23.06,351.68
75.65,14.0,23.58,6.46,Office,Central AC,24.92,1561.76
219.3,42.0,17.84,11.63,,Split AC,18.0,3164.08
24.46,2.0,27.38,13.44,Office,Central AC,27.75,403.26
36.37,13.0,32.85,12.93,Hospital,Split AC,26.45,1802.01
165.85,11.0,9.91,10.99,,Split AC,20.45,3813.96
29.38,3.0,41.64,8.6,Residential,Heat Pump,24.82,784.64
21.87,4.0,32.15,14.81,Office,Split AC,26.47,536.39
45.66,9.0,26.6,22.3,Hospital,VRF,24.95,995.24
10.12,1.0,28.39,15.73,Office,Split AC,25.01,212.41
20.37,1.0,28.14,16.15,Educational,Heat Pump,25.03,198.86
50.18,6.0,12.5,9.63,RESIDENTIAL,Split AC,19.85,1084.26
24.93,1.0,38.94,18.49,Residential,Central AC,25.54,647.26
52.62,11.0,5.0,11.36,Residential,rooftop unit,18.0,1722.93
56.92,10.0,23.8,13.21,Residential,Rooftop Unit,22.37,893.8
196.24,25.0,20.42,15.24,Hospital,Central AC,22.24,4386.37
105.12,36.0,28.06,14.05,Residential,Central AC,26.87,2305.12
31.47,10.0,44.07,12.91,Residential,Heat Pump,25.59,1194.35
67.06,10.0,29.52,8.73,Commercial,Heat Pump,27.24,1306.36
19.97760898597272,128.0,17.03,10.82,Educational,Split AC,18.61,3561.02
19.72,7.0,40.95,0.9280165364812393,Residential,Central AC,30.0,10764.822488425969
74.38,11.0,25.53,5.67,Residential,Heat Pump,24.29,832.5
19.26,6.0,11.73,6.08,Office,VRF,21.15,603.68
304.35,25.0,20.8,-1.77653717419409,Educational,Split AC,21.03,3680.54
12.534436657098851,116.0,16.48,15.68,Commercial,Split AC,18.0,3872.37
,20.0,15.66,18.38,Office,Central AC,20.81,1547.3
161.44,30.0,19.26,13.95,Residential,Central AC,20.09,2703.1
11.01,8.0,17.2,14.32,Hospital,VRF,18.14,384.81
50.06,13.0,15.45,16.03,Commercial,Split AC,18.0,1264.64
78.92,20.0,17.68,26.29,Office,Central AC,19.24,1695.78
10.8,8.0,17.41,8.72,Commercial,Rooftop Unit,20.58,567.17
13.01,7.0,16.33,10.03,Office,Central AC,19.32,522.94
26.93,3.0,21.25,20.99,Commercial,Rooftop Unit,22.01,532.79
16.05,5.0,32.84,11.29,Residential,Split AC,24.99,479.05
273.91,41.0,47.13825589145304,18.68,Educational,Central AC,18.62,4058.07
124.24,11.0,23.44,18.21,Residential, Central AC,22.2,1351.34
198.62,28.0,29.73,25.62117511273539,Commercial,VRF,29.49,12718.939799714837
52.19,14.0,28.36,5.8,Office,Central AC,26.89,1189.2
73.35,10.0,20.14,13.2,Residential,VRF,21.67,810.98
41.34,,24.05,15.07,Commercial,Rooftop Unit,25.22,1627.53
14.08,5.0,17.64,9.75,Commercial,Split AC,19.86,480.53
34.17,1.0,23.23,14.92,Residential,Heat Pump,22.96,11344.466398791972
62.1,19.0,20.99,22.2,Commercial,Heat Pump,22.56,1126.86
131.59,18.0,30.18,9.42,Commercial,Heat Pump,23.05,3156.82
19.51,7.0,13.98,13.99,Office,Central AC,19.65,628.91
73.23,16.0,22.27,23.04,Residential,Central AC,22.83,1220.29
66.46,14.0,17.04,10.99,Hospital,Heat Pump,20.05,1580.29
177.14,19.0,20.46,16.93,Residential,Central AC,22.21,2301.2
16.52,6.0,47.49305663894277,21.13,Commercial,VRF,23.32,396.36
96.44,38.0,25.54,14.7,Educational,VRF,24.23,1727.48
21.4,5.0,22.9,8.92,Residential,Rooftop Unit,22.74,416.38
56.19,16.0,21.75,16.02,Office,Central AC,21.96,1172.24
27.08,3.0,35.81,16.43,Educational,VRF,22.44,572.21
154.51,31.0,34.1,10.96,Office,Heat Pump,24.66,4294.35
13.9,8.0,10.87,21.11,Residential,Split AC,19.99,356.34
42.92,17.0,20.12,13.78,Residential,VRF,19.44,631.31
12.92,3.0,18.83,22.0,Office,Heat Pump,21.02,87.68
344.77,38.0,21.59,17.36,Commercial,split ac,22.76,6635.03
,3.0,27.44,18.79,Residential,VRF,25.07,309.36
24.93,6.0,7.42,13.43,Educational,Central AC,19.28,894.92
57.39,,28.86,13.04,Residential,Central AC,23.42,1772.16
206.11,49.0,17.45,13.9,Residential,Heat Pump,20.61,3262.61
38.12,12.0,18.2,10.8,Residential,Split AC,19.9,814.81
74.67,7.0,9.04,9.48,Educational,Heat Pump,21.78,1302.43
41.39,17.0,29.55,17.13,Office,Split AC,26.23,1188.11
83.83,24.0,17.47,14.71,Commercial,Split AC,19.56,1855.23
18.43,8.0,31.98,14.46,Office,VRF,23.53,579.65
15.50539637216546,15.0,21.85,7.92,Hospital,Split AC,23.01,14035.296276252859
74.69,9.0,36.73,15.65,Residential,Central AC,27.77,1742.26
72.33,20.0,18.86,7.29,Commercial,Central AC,20.18,2156.8
13.74,8.0,43.29,28.56517207175932,Residential,Split AC,29.08,13107.241442573883
74.35,9.0,31.6,24.21,Residential,VRF,23.45,947.89
29.06,1.0,27.03,14.63,Educational,Central AC,64.0971897702276,348.71
79.61,5.0,28.43,8.64,Educational,Split AC,25.6,1321.11
115.86,19.0,16.74,11.73,Residential,VRF,18.0,1211.69
49.58,19.0,38.22,7.61,Residential,Central AC,26.5,2396.53
32.26,14.0,19.86,8.73,Residential,Central AC,20.15,700.43
68.11,13.0,19.63,6.83,Hospital,Central AC,21.32,1902.13
64.71,19.0,19.26,20.39,Residential,Split AC,23.51,983.31
62.72,2.0,22.77,11.49,Office,Heat Pump,22.35,8296.686213559327
,2.0,45.0,6.13,Educational,VRF,25.95,854.66
55.25,15.0,43.49,9.05,Residential,Central AC,29.35,2712.9
18.84,4.0,28.98,7.6,Educational,Central AC,27.82,424.89
15.1,5.0,12.16,17.24,Residential,Split AC,19.38,373.86
34.48,19.0,19.11,11.13,Office,Central AC,22.15,1154.08
20.65,7.0,15.56,14.79,Commercial,Heat Pump,19.15,536.75
80.29,12.0,16.18,19.13,Office,Central AC,18.19,1396.59
194.8,25.0,28.77,13.02,Commercial,Central AC,26.13,4648.85
54.36,20.0,7.23,19.48,Office,Heat Pump,,1595.09
279.2608004079117,3.0,35.42,5.67,Office,Split AC,23.12,103.4775554202873
71.54,10.0,29.64,13.96,Residential,Rooftop Unit,26.7,1352.52
64.29,17.0,29.15,12.67,Commercial,Rooftop Unit,26.18,2092.73
12.28,1.0,31.01,7.8,Residential,VRF,23.55,165.69
78.72,13.0,19.16,15.89,Commercial,Split AC,68.86268576840924,1487.76
70.56,7.0,12.0,23.07,Educational,Rooftop Unit,18.15,1552.98
56.34,11.0,36.81,30.0,Commercial,Rooftop Unit,26.33,1525.14
20.17,3.0,33.49,24.98,Residential,Split AC,25.88,361.73
51.01,20.0,,13.28,Hospital,VRF,27.02,3367.32
121.07,24.0,44.41,10.43,Residential,Central AC,29.13,5150.41
17.88,5.0,16.11,13.62,Residential,Split AC,18.0,350.31
39.06,17.0,27.09,11.95,Educational,Split AC,25.25,1123.32
10.74,2.0,19.83,11.16,Office,Central AC,21.2,236.89
27.42,6.0,25.96,24.17,Commercial,Central AC,25.36,563.54
28.37,4.0,20.44,10.94,Residential,Split AC,23.78,442.97
27.0,2.0,36.87,-2.9317653051021173,Educational,VRF,24.33,483.16
24.5,7.0,34.22,5.7,Educational,VRF,22.53,769.85
166.79,11.0,28.86,13.19,Commercial,Heat Pump,26.27,2625.65
104.78,36.0,21.49,18.14,Office,Central AC,69.22830408787382,3061.41
63.0,7.0,27.7,9.97,Hospital,Central AC,24.91,1954.07
11.4,3.0,31.14,26.08,Office,Rooftop Unit,25.21,372.09
14.001007159931392,17.0,18.07,10.96,Residential,VRF,18.0,15917.926833879206
12.73,5.0,31.72,26.57,Office,Split AC,22.41,317.44
302.65643619627923,10.0,8.18,19.66,Residential,Split AC,18.0,76.78134046580092
19.27,6.0,,11.13,Residential,Heat Pump,25.63,355.56
11.94,7.0,29.79,10.4,Office,Split AC,26.29,428.83
79.23,19.0,30.0,21.9,Office,Central AC,25.55,1916.57
20.64,7.0,33.86,18.88,Office,Heat Pump,21.42,509.72
27.92,7.0,16.96,13.46,Hospital,Rooftop Unit,18.47,1104.0
195.89,11.0,26.87,10.97,Office,Central AC,24.87,3187.73
127.79,36.0,27.93,15.27,Commercial,Central AC,26.5,3926.82
12.933887087290444,13.0,28.89,12.31,Hospital,Split AC,27.2,9342.051728696346
18.41,4.0,30.09,7.76,Hospital,VRF,24.25,553.16
10.1,7.0,25.36,12.68,Commercial,Split AC,25.57,379.93
10.86,1.0,11.06,21.54,Office,Central AC,18.11,199.38
13.46,4.0,17.9,14.71,Residential,VRF,20.35,200.86
263.6623700775286,3.0,25.49,12.17,Office,VRF,25.03,51.34963457555222
19.71,3.0,75.76279754142924,12.22,Commercial,Heat Pump,20.82,598.11
53.86,13.0,31.0,11.42,Educational,Central AC,23.94,1500.75
18.45,6.0,26.68,18.29,Residential,Split AC,23.07,308.59
181.59257871168583,7.0,30.35,9.84,Residential,Central AC,24.99,60.01846828299342
51.23,10.0,19.65,-8.594077194053572,Hospital,Central AC,21.68,1687.8
63.3,11.0,30.97,8.92,Residential,Heat Pump,23.94,1047.58
188.31,10.0,23.26,29.74,Office,Central AC,24.2,1551.98
,10.0,7.86,9.79,Commercial,Central AC,18.0,2134.14
24.48,8.0,21.94,13.13,Commercial,VRF,20.96,521.26
23.16,6.0,36.35,21.02,Residential,Split AC,27.53,514.99
21.4,1.0,10.3,13.26,Residential,Rooftop Unit,18.18,498.41
58.69,14.0,25.7,13.88,Residential,Split AC,23.72,1045.95
98.74,16.0,31.28,-7.634827744417605,Residential,Central AC,25.69,2245.47
198.11,13.0,12.85,21.14,Educational,Split AC,20.1,3536.68
51.91,17.0,23.23,25.098526454213385,Residential,Central AC,22.19,11861.456961986567
76.8,17.0,14.31,5.57,Residential,VRF,22.43,1503.93
76.35,10.0,12.17,26.52,Residential,Rooftop Unit,18.13,1092.35
26.55,6.0,26.62,10.07,Commercial,Central AC,26.01,713.95
22.54,4.0,35.04,11.7,Hospital,Central AC,26.31,1034.13
28.63,4.0,25.29,4.56,Residential,Rooftop Unit,24.06,554.44
199.79,10.0,47.19782068175444,22.86,Commercial,Heat Pump,23.7,3688.14
75.47,8.0,17.69,12.12,Educational,Split AC,20.72,1215.97
67.44,16.0,26.29,14.66,Residential,Central AC,25.57,1188.14
10.97,7.0,14.88,14.48,Educational,Heat Pump,22.06,339.48
93.83,36.0,21.88,11.13,Office,Heat Pump,22.9,2129.23
11.94,7.0,20.99,13.54,Residential,Central AC,21.53,342.25
88.81,27.0,18.51,0.7082773080089303,Commercial,Rooftop Unit,19.58,10452.41052516691
115.45,17.0,28.59,16.48,Residential,Rooftop Unit,25.0,2219.33
20.57,7.0,12.29,7.6,Residential,Split AC,20.85,613.8
107.86,12.0,23.49,24.0,Hospital,,21.73,1898.53
45.21,10.0,38.23,9.93,Commercial,Split AC,26.66,2505.43
73.52,20.0,15.27,19.32,Commercial,Rooftop Unit,18.0,2140.1
14.5,8.0,19.17,13.53,Educational,Split AC,20.64,385.82
128.44,11.0,32.6,23.07,Office,Rooftop Unit,28.4,2254.57
166.02,39.0,28.24,20.53,Residential,Central AC,26.96,3058.75
26.24,5.0,13.29,6.67,Office,Central AC,22.01,915.82
44.89,,42.03,12.93,Residential,Central AC,28.99,1661.31
79.57,17.0,29.33,7.66,Office,Split AC,26.48,2248.89
19.23,1.0,35.0,12.41,Office,Central AC,28.75,617.31
22.77,2.0,33.0,11.34,Residential,Central AC,24.33,572.22
117.27,13.0,5.32,14.06,Office,Central AC,18.17,4920.6
154.86,21.0,18.02,6.64,Office,VRF,21.08,2528.58
88.27,31.0,19.78,7.52,Residential,Heat Pump,20.61,1189.48
20.08,6.0,16.41,20.16,Educational,Central AC,19.68,393.42
62.07,17.0,35.59,16.95,Residential,VRF,24.2,1370.36
48.4,14.0,43.19,25.64,Educational,Central AC,30.0,1706.66
50.66,13.0,22.07,17.42,Commercial,Split AC,21.26,906.77
317.95,38.0,33.54,7.26,Commercial,Split AC,25.53,11783.19
45.97,17.0,13.93,23.06,Residential,Central AC,20.31,1034.56
146.8,17.0,33.37,17.54,Hospital,Split AC,23.47,5614.4
17.462981365834022,72.0,21.21,15.1,Commercial,VRF,20.65,895.57
129.97,12.0,17.99,15.72,Commercial,Central AC,18.98,2448.17
20.78,3.0,79.7448526617222,18.48,Educational,Rooftop Unit,20.3,308.34
30.91,9.0,22.44,20.63,Office,Split AC,23.65,590.1
61.35,6.0,42.29,19.83,Hospital,Split AC,27.92,2803.08
15.28,3.0,18.07,30.0,Commercial,Split AC,20.12,237.26
56.81,6.0,29.68,15.04,Residential,Split AC,28.37,797.64
52.61,17.0,15.66,18.04,Hospital,VRF,19.45,1420.6
196.72,17.0,37.87,26.33548320347944,Residential,Rooftop Unit,27.69,13011.240290497113
27.03,5.0,10.27,9.72,Residential,Heat Pump,22.39,651.35
10.73,4.0,30.01,7.15,Hospital,Split AC,24.04,521.98
47.12,-5.0,14.04,7.12,Educational,Split AC,20.49,1718.32
289.76,31.0,20.6,18.14,Commercial,Split AC,18.62,4932.68
65.5,8.0,34.54,30.0,Residential,Rooftop Unit,,1122.96
45.42,6.0,10.65,19.46,Educational,Rooftop Unit,18.85,1205.63
29.6,8.0,31.47,10.29,Office,Central AC,25.49,753.02
200.893565954334,3.0,28.5,9.33,Commercial,Central AC,24.42,62.67603593486898
15.331966033842974,105.0,22.38,26.49,Residential,VRF,22.13,358.14
10.91,8.0,32.03,17.47,Residential,Central AC,25.55,466.03
16.74,3.0,25.98,8.4,Residential,Split AC,25.35,241.72
92.11,11.0,21.14,14.72,Office,Rooftop Unit,23.54,1474.66
17.46,1.0,23.52,8.11,Hospital,Central AC,24.9,415.95
12.15,4.0,13.5,10.04,Office,VRF,22.16,348.26
301.95,37.0,28.58,14.95,Hospital,Central AC,,7992.11
64.15,10.0,15.67,19.79,Office,Central AC,19.12,1470.86
47.46,14.0,25.59,4.67,Commercial,Split AC,23.24,1348.2
26.89,7.0,32.36,6.22,Hospital,Split AC,26.56,1265.18
24.31,4.0,36.2,9.62,Educational,Split AC,26.92,785.49
10.91,1.0,11.58,8.28,Office,VRF,20.19,216.0
12.0,1.0,7.63,27.6,Residential,Rooftop Unit,18.0,254.66
15.18,2.0,24.25,17.9,Residential,Rooftop Unit,25.29,218.22
54.66,1.0,25.69,9.27,Residential,Split AC,24.58,9362.537533806903
139.2,26.0,17.82,12.42,Commercial,Split AC,19.43,3586.98
322.15,49.0,27.71,9.61,Educational,Central AC,27.56,7846.81
193.25,31.0,15.51,9.04,Commercial,Split AC,18.44,4625.81
34.37,9.0,22.24,14.04,Hospital,VRF,-2.213702875289723,748.6
64.81,2.0,37.83,10.69,Residential,Split AC,25.72,8060.232976643637
-39.59091596706464,7.0,37.29,5.58,Educational,VRF,22.45,2198.4
29.81,3.0,23.12,24.35,Residential,Central AC,24.5,304.09
27.71,3.0,35.33,18.61,Office,Split AC,24.56,874.92
40.3,1.0,27.09,11.92,Office,VRF,25.41,11578.090230622194
22.952390521477383,107.0,30.32,9.22,Educational,Rooftop Unit,24.09,1209.85
60.81,15.0,34.02,17.88,Commercial,Central AC,26.51,2285.33
21.58,6.0,18.4,20.38,Educational,Split AC,20.62,414.26
14.2,7.0,24.36,10.56,Hospital,Split AC,24.0,528.35
25.92,8.0,31.52,7.48,Office,Heat Pump,23.42,638.0
62.07,18.0,35.04,21.36,Educational,VRF,,1151.07
23.04,2.0,26.58,14.8,Office,Split AC,25.5,366.02
46.12,12.0,26.12,9.99,Office,Central AC,23.32,1231.61
272.14,42.0,5.0,16.5,Commercial,Rooftop Unit,18.06,13262.78
21.24,4.0,32.52,15.21,Office,Split AC,26.0,411.82
39.69,9.0,26.4,9.28,Educational,Split AC,24.55,669.06
24.86,4.0,25.12,8.86,Commercial,Central AC,24.01,637.49
24.44,5.0,26.57,27.471261817838567,Residential,Split AC,23.95,10571.472579471962
125.7,26.0,36.58,6.45,Office,Central AC,27.53,5511.08
12.529015491386604,4.0,45.0,23.77,Office,Split AC,30.0,13187.05640970049
190.36,26.0,14.43,16.84,Office,vrf,23.0,3933.02
29.24,3.0,7.84,16.67,Educational,Heat Pump,22.09,
10.34,2.0,19.57,7.36,Residential,VRF,18.75,93.91
37.37,13.0,35.31,8.96,Hospital,Split AC,29.89,2131.89
62.78,7.0,16.07,15.21,Office,Split AC,19.24,1220.36
38.27,16.0,14.32,6.85,Residential,Rooftop Unit,20.96,1126.22
150.85,12.0,19.41,7.25,Office,Heat Pump,21.65,1800.03
25.02,2.0,34.08,20.51,Educational,Split AC,25.06,494.53
12.84,4.0,30.93,19.28,Office,Heat Pump,23.47,230.89
166.32,31.0,29.36,13.62,Office,Rooftop Unit,28.44,4075.44
,12.0,22.27,7.3,Office,Central AC,21.07,1674.6
282.018767910328,2.0,41.17,21.1,Hospital,Central AC,28.1,196.04693964942635
61.09,11.0,21.75,8.09,Residential,Rooftop Unit,21.7,1093.06
32.14,5.0,23.18,21.27,Office,Central AC,21.69,551.17
29.53,1.0,21.82,8.6,Educational,Rooftop Unit,22.5,440.37
76.56,5.0,17.67,13.94,Residential,Split AC,21.59,992.32
19.4,8.0,21.28,15.6,Residential,Central AC,21.44,451.35
11.51,4.0,6.18,12.54,Office,Central AC,18.88,564.86
25.02,6.0,,23.7,Commercial,VRF,25.75,458.13
77.66,7.0,53.63744535287975,7.61,Commercial,Split AC,25.71,2024.91
24.47,8.0,22.91,17.27,Commercial,Heat Pump,23.93,468.05
46.29,13.0,22.18,12.08,Office,Split AC,21.47,1063.11
183.9,10.0,23.49,26.97,Educational,VRF,22.56,1035.54
58.4,15.0,21.57,14.57,Hospital,Central AC,20.78,1654.53
24.84,3.0,28.82,15.54,Educational,Central AC,26.52,464.45
50.66,17.0,9.56,19.34,Residential,Split AC,20.83,1459.54
14.96,1.0,6.92,30.0,Office,VRF,21.84,179.55
29.97,8.0,26.95,12.35,Office,Central AC,22.49,879.87
55.59,13.0,22.08,10.13,Residential,Central AC,22.51,1051.24
159.78,14.0,5.17,6.98,Office,Central AC,18.0,7495.48
13.2,4.0,24.28,9.04,Office,Heat Pump,23.1,313.39
67.32,13.0,33.75,16.76,Residential,Central AC,24.21,1515.06
268.26,35.0,18.02,12.09,Residential,Rooftop Unit,19.28,3692.51
38.71,6.0,27.56,22.69,Residential,Split AC,25.55,497.47
45.39,17.0,29.15,27.96,Office,Heat Pump,24.46,690.58
69.43,8.0,21.88,16.36,Residential,VRF,22.33,780.7
19.07,7.0,34.06,20.86,Educational,Central AC,25.97,607.01
42.96,16.0,5.0,10.85,Commercial,Rooftop Unit,18.0,2979.06
65.53,-3.0,35.64,14.12,Educational,Split AC,25.82,2095.01
57.55,7.0,22.85,14.64,Educational,Split AC,23.65,688.1
137.84,12.0,21.52,8.41,Office,Rooftop Unit,19.94,2700.71
13.09,4.0,10.19,14.12,Hospital,Heat Pump,22.07,436.7
32.54,20.0,30.54,13.2,Residential,Rooftop Unit,24.84,1285.4
67.07,10.0,25.09,18.48,Educational,Central AC,23.98,1072.33
41.1,16.0,29.63,18.85,Commercial,Heat Pump,24.1,642.06
205.66694765989587,6.0,23.72,4.74,Commercial,Central AC,20.71,111.361526979712
12.08,2.0,17.1,14.96,Office,Rooftop Unit,19.74,10972.028350603177
20.86,1.0,37.77,4.94,Office,Central AC,29.37,926.99
27.28,1.0,21.64,19.61,Hospital,Heat Pump,22.01,9914.536417315043
144.72,-9.0,23.65,13.97,Residential,Split AC,23.46,2801.58
51.71,7.0,22.69,9.34,Commercial,Rooftop Unit,22.54,1112.48
346.88509397278455,1.0,20.23,11.66,Commercial,Split AC,21.48,49.64725276865559
17.18,6.0,15.99,15.04,Hospital,VRF,18.0,464.1
191.68,28.0,63.10492017776819,21.38,Hospital,Heat Pump,23.1,4112.48
10.51,4.0,20.59,13.09,Residential,Heat Pump,20.98,202.27
22.52,6.0,28.93,22.29,Commercial,Split AC,26.57,515.11
24.34,5.0,27.19,8.3,Educational,VRF,25.16,457.7
74.34,18.0,7.48,8.47,Educational,Heat Pump,22.84,2151.1
25.68,8.0,25.17,14.5,Commercial,Split AC,25.2,612.02
164.41,34.0,16.82,14.05,Residential,Central AC,21.07,3182.77
58.82,15.0,32.87,7.74,Educational,Split AC,24.16,2163.96
20.25780567247702,76.0,27.63,6.4,Residential,Split AC,25.4,318.34
123.26,24.0,39.23,15.35,Commercial,VRF,24.46,4327.93
27.25,5.0,5.03,9.69,Office,HEAT PUMP,19.47,865.69
20.14,6.0,16.83,17.06,Commercial,Rooftop Unit,18.26,698.87
-30.48307744127967,7.0,23.06,29.6,Residential,Central AC,23.42,372.53
29.26,1.0,27.42,6.11,Residential,VRF,,282.52
133.27,22.0,33.96,,Hospital,Split AC,24.66,5972.3
258.47,39.0,23.06,20.57,Office,Split AC,23.72,3858.27
65.51,7.0,21.02,14.39,Educational,Central AC,19.53,1011.59
76.51,16.0,29.71,11.24,Commercial,Heat Pump,26.72,1456.74
69.0,7.0,15.33,7.05,Residential,Central AC,19.29,1247.03
150.35,33.0,81.82462539397197,12.35,Educational,Rooftop Unit,25.44,2474.56
25.39,5.0,23.0,15.26,Hospital,Split AC,24.44,738.12
68.9,,30.13,28.67,Residential,Heat Pump,24.22,646.14
22.46,7.0,25.82,18.64,Office,Rooftop Unit,25.67,520.82
42.73,13.0,14.63,13.76,Residential,Rooftop Unit,18.0,1102.84
53.4,12.0,21.55,10.62,Residential,Central AC,24.06,1249.2
198.65,16.0,23.65,15.23,Residential,Central AC,73.02701204154121,2487.74
193.72,34.0,25.25,19.68,Office,VRF,23.16,
172.81,28.0,8.37,18.88,Residential,Split AC,18.27,3894.94
24.34,8.0,17.68,4.4,Hospital,Central AC,19.87,963.8
16.94,5.0,22.7,7.65,Residential,Split AC,20.35,312.91
33.98,15.0,35.11,30.0,Residential,Split AC,27.18,-394.4500123377897
13.96,7.0,22.69,9.45,Office,Rooftop Unit,23.95,523.9
175.12,13.0,25.65,14.22,Residential,Central AC,23.86,2648.99
16.23,2.0,26.12,18.9,Office,Rooftop Unit,24.85,183.32
83.33,12.0,29.3,7.59,Residential,Split AC,27.27,1555.22
70.33,18.0,19.49,16.16,Hospital,Heat Pump,21.12,1729.88
133.07,15.0,29.6,26.5,Educational,Split AC,26.69,1839.77
82.12,20.0,13.4,14.24,Residential,Central AC,19.47,1832.28
18.59,3.0,21.42,29.94,Educational,Rooftop Unit,22.29,232.05
17.1,5.0,30.42,0.8644906622680565,Educational,Heat Pump,22.59,13566.872631632672
32.88,12.0,24.97,15.45,,Heat Pump,23.16,427.7
75.94,16.0,40.8,20.69,Commercial,Heat Pump,23.25,2011.55
13.193355552769635,111.0,20.88,30.0,Residential,Heat Pump,20.83,134.49
29.58,5.0,26.75,9.74,Hospital,Rooftop Unit ,23.96,913.35
54.17,12.0,21.48,6.8,Residential,Central AC,22.59,1041.97
15.84,1.0,20.51,11.85,Hospital,Central AC,20.53,12728.976240053411
21.36,1.0,23.56,17.94,Office,Split AC,23.36,11366.08269215942
126.07,28.0,,20.83,Educational,Heat Pump,24.72,1689.97
115.23,28.0,34.15,9.42,Commercial,Central AC,25.83,4147.64
90.21,30.0,28.93,9.83,Commercial,Heat Pump,25.81,2122.01
69.45,15.0,25.11,16.38,Commercial,VRF,25.5,1052.31
161.99,34.0,20.02,11.69,Residential,Split AC,20.58,2255.92
21.32,4.0,28.48,16.85,Residential,SPLIT AC,26.05,397.16
27.51,5.0,14.48,9.52,Commercial,Central AC,19.33,1001.26
37.01,20.0,26.07,12.08,Educational,Central AC,25.33,1017.75
16.827973161593533,109.0,24.53,8.61,Office,Split AC,26.78,1202.93
56.31,18.0,22.46,9.91,Commercial,Split AC,23.52,
69.68,20.0,7.41,13.04,Hospital,VRF,20.0,2942.34
16.82,6.0,32.81,16.17,Residential,VRF,21.49,298.28
28.33,4.0,30.35,13.15,Commercial,Central AC,23.08,953.67
24.427035365113625,107.0,35.12,13.78,Office,Rooftop Unit,25.39,5168.42
66.39,19.0,17.89,22.03,Commercial,Split AC,18.0,1218.4
11.85,3.0,17.95,24.9,commercial,VRF,22.11,229.78
17.31,7.0,23.83,-5.51944597340097,Residential,VRF,23.41,257.28
12.77,2.0,29.06,7.75,Residential,Central AC,27.72,191.24
88.52,27.0,30.7,6.57,Office,Central AC,27.07,2863.46
31.23,16.0,8.63,20.11,Office,Split AC,20.44,950.39
26.65,1.0,35.13,16.22,Residential,Split AC,23.56,604.28
21.73,5.0,23.54,10.99,Residential,VRF,21.47,361.24
26.61,4.0,25.98,13.38,Hospital,Central AC,25.14,657.72
13.02,6.0,30.45,12.19,Residential,Split AC,25.24,413.61
25.04,6.0,28.75,8.18,educational,VRF,25.48,484.44
69.85,16.0,38.03,18.47,,Heat Pump,24.72,1984.89
71.82,12.0,12.15,12.33,Residential,Central AC,20.33,1894.82
14.32,2.0,29.2,19.29,Hospital,Central AC,26.31,438.77
69.18,8.0,29.52,20.9,Office,Rooftop Unit,25.1,1692.41
10.41,6.0,5.12,12.27,Residential,Central AC,18.0,509.86
12.02,6.0,26.56,16.58,Commercial,Heat Pump,24.91,249.78
36.52,10.0,25.29,17.21,Commercial,Central AC,23.94,1056.88
107.22,13.0,20.0,8.17,Office,Split AC,22.52,1651.7
161.1,25.0,26.91,12.84,Office,Central AC,24.69,2791.95
17.42,4.0,22.29,12.85,Residential,VRF,22.92,198.47
17.14,1.0,31.36,0.9377878266424178,Educational,Heat Pump,22.53,12242.655277647547
59.84,14.0,32.87,15.29,Residential,Central AC,27.27,1820.53
25.44,4.0,5.0,25.82,Office,Central AC,18.0,659.23
56.68,16.0,27.35,10.3,Office,Central AC,27.34,1501.43
26.47,2.0,24.93,9.02,Residential,Rooftop Unit,23.23,349.64
53.94,17.0,18.82,6.51,Residential,Central AC,20.86,1299.58
40.02,,27.58,26.7,Commercial,VRF,22.67,1034.66
38.19,8.0,23.99,24.09,office,Split AC,24.38,526.46
19.16,1.0,24.39,13.06,Educational,Rooftop Unit,,306.03
74.74,10.0,25.83,11.13,Commercial,Split AC,23.95,1684.92
23.21,1.0,27.3,12.77,Commercial,Heat Pump,25.34,278.35
12.26,2.0,23.05,26.16,Residential,Split AC,23.63,9707.062427230867
44.54,8.0,21.1,26.11,Office,VRF,21.72,557.51
27.84,6.0,25.64,23.63,Office,VRF,24.37,420.98
28.33,4.0,7.22,10.48,Commercial,Central AC,18.0,1132.37
46.97,14.0,26.49,19.3,Educational,central ac,22.48,930.8
34.26,14.0,9.78,5.77,Office,Split AC,19.29,1338.64
16.32,2.0,35.41,17.21,Residential,Split AC,28.26,354.89
49.56,13.0,15.86,9.0,Office,Central AC,19.96,1209.09
39.34,7.0,13.65,5.73,Commercial,Split AC,20.75,1513.52
74.19,9.0,41.06,13.96,Commercial,Rooftop Unit,30.0,3372.88
162.9,37.0,15.14,21.52,Commercial,Central AC,18.0,4608.25
336.43,24.0,30.53,11.22,Residential,VRF,23.73,5766.14
76.87,11.0,22.96,13.3,Commercial,Rooftop Unit,25.66,1660.06
13.97,1.0,30.55,16.39,Office,Rooftop Unit,26.33,261.62
12.812874931167217,83.0,23.65,7.24,Hospital,Central AC,24.45,1218.11
233.67,38.0,9.56,7.71,Residential,Split AC,19.99,6249.16
37.06,9.0,40.12,12.68,RESIDENTIAL,Split AC,25.58,1319.47
63.15,6.0,22.72,-8.591393521974759,Residential,Split AC,23.71,821.38
22.24,1.0,15.81,29.02514411640351,Office,VRF,18.24,10535.855034745387
177.6592973005348,6.0,17.45,15.01,Residential,Central AC,18.0,114.62709207951804
27.08,5.0,42.05,15.59,Hospital,Split AC,27.66,1292.28
13.39316037264097,97.0,31.5,16.06,Commercial,Heat Pump,23.83,1891.32
30.37,12.0,25.67,19.05,Office,Central AC,23.47,784.95
30.71,10.0,26.61,15.93,Residential,VRF,23.96,447.36
78.05,16.0,14.82,21.27,Commercial,Split AC,21.24,1888.6
64.3,5.0,25.11,19.08,Office,Split AC,23.38,897.06
16.13,5.0,30.83,11.03,Office,Rooftop Unit,25.93,503.52
45.99,17.0,28.56,13.92,Office,Split AC,25.61,1061.54
27.77,3.0,32.74,9.73,Residential,Rooftop Unit,23.98,709.44
10.51,1.0,,26.61,Residential,Central AC,18.0,216.26
30.81,5.0,12.29,13.3,Residential,VRF,21.13,714.83
31.3,8.0,28.02,20.67,Residential,Central AC,26.84,466.62
19.99,4.0,52.72556190423646,6.82,Educational,VRF,26.87,596.22
56.45,15.0,29.33,22.11,Office,VRF,25.72,1059.61
27.26,3.0,19.24,9.82,Office,Heat Pump,19.68,389.66
29.64,1.0,35.04,7.28,Residential,Central AC,26.78,938.17
41.51,7.0,20.73,12.93,Hospital,VRF,21.96,629.24
235.4254398546885,20.0,21.45,20.69,Residential,Central AC,22.07,122.16161963742545
77.25,19.0,36.58,15.42,Hospital,Central AC,25.58,3991.34
105.46,17.0,7.23,10.0,Office,Rooftop Unit,18.0,5944.47
84.8,23.0,23.54,0.44747309616789777,Commercial,Heat Pump,22.82,14987.348125043183
77.52,6.0,17.87,11.33,Office,Split AC,19.83,1134.68
45.97,16.0,25.83,7.3,Commercial,Split AC,23.69,1364.06
120.27,26.0,32.36,25.95,Hospital,Central AC,25.38,4302.07
18.85,8.0,8.68,9.74,Office,Central AC,19.13,923.4
21.27,8.0,5.29,8.95,Residential,Split AC,18.0,716.41
27.85,4.0,27.29,13.55,Office,Heat Pump,26.23,400.06
52.93,1.0,20.33,28.35,Residential,Split AC,23.24,10476.027906325375
72.6,10.0,28.71,8.16,residential,Heat Pump,27.82,973.23
37.98,13.0,42.37,11.69,Hospital,VRF,23.13,2511.22
155.01,35.0,44.04,10.04,Residential,Central AC,28.58,6528.53
136.81,13.0,49.408394718460976,14.18,Educational,Central AC,18.31,3562.14
74.0,18.0,18.08,8.79,Educational,Split AC,20.45,1472.43
53.27,10.0,43.87,10.7,Hospital,Heat Pump,23.21,2816.07
10.88,3.0,26.94,14.11,Residential,Central AC,23.91,233.04
284.7875811623891,8.0,20.14,24.78,Residential,Central AC,21.5,85.11140559758533
34.63,7.0,27.22,11.27,Educational,Central AC,26.99,525.48
93.01,-9.0,33.44,10.36,Office,VRF,24.05,2430.05
26.07,-2.0,31.67,11.38,Office,Split AC,25.27,779.06
15.178426214658915,117.0,27.16,15.15,Commercial,VRF,24.28,213.77
57.21,5.0,18.28,14.34,Office,Rooftop Unit,20.47,1088.11
51.47,12.0,32.36,18.88,Office,Split AC,25.32,1155.23
18.62,7.0,29.42,11.6,Office,VRF,26.06,475.12
58.23,14.0,23.57,17.57,Commercial,Heat Pump,22.67,985.55
72.02,9.0,27.98,23.22,Office,VRF,26.96,836.7
21.81,2.0,58.116840632736086,5.55,Commercial,Central AC,18.0,557.26
180.35,19.0,22.82,17.05,Residential,Split AC,20.93,1862.22
144.71,16.0,23.1,12.25,Residential,Split AC,23.78,1443.54
56.49,7.0,21.97,25.674541708830525,Commercial,Central AC,25.14,13062.39935990272
26.32,8.0,32.05,15.5,Hospital,Central AC,25.47,1284.73
64.24,8.0,28.62,14.37,Residential,Rooftop Unit,25.65,968.48
168.3,16.0,45.0,13.71,Office,vrf,22.49,5696.05
29.2,4.0,6.96,15.13,Educational,Rooftop Unit,18.0,1055.81
22.92,7.0,33.4,9.36,Residential,Heat Pump,24.6,586.81
13.52,7.0,24.3,30.0,Office,VRF,22.18,258.73
75.14,2.0,44.89,17.2,Residential,Split AC,28.26,9738.304386276863
62.96,11.0,23.71,9.46,Hospital,Rooftop Unit,22.96,1730.34
26.23,7.0,28.27,16.82,Educational,Heat Pump,26.35,432.2
18.6,3.0,26.97,18.82,Commercial,Split AC,26.03,372.73
25.18,1.0,36.18,13.29,Residential,Heat Pump,22.68,517.39
17.43,7.0,10.07,14.74,Educational,VRF,22.78,440.79
46.88,14.0,23.28,18.72,Residential,Split AC,22.72,674.89
43.4,20.0,25.36,8.63,Hospital,Split AC,25.1,1695.09
101.65,11.0,33.83,15.61,Educational,Split AC,25.53,2184.03
275.43929841399273,2.0,33.62,9.55,Educational,Split AC,25.16,177.78943908335756
345.40066646244856,19.0,23.12,15.26,Office,Rooftop Unit,23.07,116.23665676407398
23.92,5.0,22.49,20.14,Residential,Split AC,23.97,307.26
299.333621920794,7.0,13.75,14.06,Commercial,Central AC,19.8,175.7971052273086
35.58,18.0,-55.454350274872475,16.21,Commercial,Split AC,22.45,924.25
99.29,40.0,17.45,7.42,Commercial,VRF,20.52,2492.95
15.354194417426736,113.0,25.98,7.72,Hospital,Split AC,25.39,1264.02
51.07,20.0,32.73,19.79,Residential,Central AC,25.85,1189.3
62.49,9.0,22.74,13.02,Commercial,Central AC,23.57,1085.29
199.2,12.0,13.74,9.79,Residential,Central AC,20.36,3807.51
84.47,39.0,34.58,9.61,Office,Central AC,25.61,-447.6383633897229
18.76,8.0,22.31,9.42,Residential,Split AC,22.98,
56.03,16.0,18.2,8.1,Educational,Heat Pump,19.56,1026.71
17.25,6.0,23.71,25.84,Office,Heat Pump,22.11,278.39
67.44,6.0,21.84,9.69,Residential,Heat Pump,19.73,669.62
62.26,16.0,15.02,10.49,Office,Central AC,18.21,1874.25
67.18,14.0,15.23,17.72,Educational,Split AC,18.0,1130.46
59.99,12.0,20.38,17.07,Office,Heat Pump,20.61,723.2
63.28,12.0,27.76,24.45,Hospital,Split AC,24.65,1394.78
59.17,11.0,28.42,9.66,Educational,,28.09,1485.46
193.46,10.0,10.73,13.4,Residential,Rooftop Unit ,18.43,4576.78
24.28,6.0,9.96,7.87,Educational,VRF,19.33,559.77
22.72,3.0,37.58,14.77,Office,Central AC,25.7,918.9
37.83,10.0,26.34,30.0,Office,VRF,25.27,440.08
12.33,8.0,41.07,15.68,Office,Rooftop Unit,29.77,851.44
318.926912099582,19.0,36.78,15.85,Commercial,Central AC,28.26,41.221029032278125
26.92,3.0,41.0,10.11,Office,Central AC,29.16,1209.09
12.0946881786268,115.0,7.65,13.12,Residential,Central AC,18.0,4397.09
256.77,42.0,18.46,16.29,Residential,Split AC,20.41,3404.93
11.168866241652072,85.0,14.58,23.14,Office,Heat Pump,21.33,900.2
16.69,1.0,42.45,25.18,Residential,Split AC,26.12,247.78
142.46,23.0,18.06,15.4,Hospital,VRF,20.74,2702.67
21.56,2.0,24.44,11.42,Commercial,VRF,22.33,311.24
108.3,27.0,31.62,20.64,Commercial,VRF,22.99,3251.66
47.24,17.0,22.08,28.4,Residential,Central AC,22.49,817.47
174.31,30.0,9.3,16.08,Commercial,Split AC,20.39,5275.02
73.68,5.0,28.16,6.2,Commercial,Central AC,24.85,1826.42
212.65702319387617,3.0,33.26,9.87,Residential,Split AC,24.78,34.47168137641389
29.04,1.0,25.75,12.95,Office,Central AC,23.13,584.08
42.97,12.0,11.43,8.04,Office,Heat Pump,20.47,998.04
11.15,1.0,20.91,22.75,Residential,Heat Pump,22.26,89.53
33.36,13.0,15.4,16.27,Office,Heat Pump,18.0,830.56
113.53,18.0,27.3,30.0,Office,Central AC,22.59,2098.87
71.0,8.0,32.9,17.66,Commercial,Central AC,26.23,2293.52
18.12387200442513,17.0,27.52,23.7,Residential,Central AC,25.62,15464.105273011824
30.62,15.0,31.26,14.08,Residential,Split AC,26.45,883.08
183.58,29.0,34.81,11.45,Office,VRF,23.54,5748.93
174.11,14.0,11.18,7.53,Residential,Split AC,20.66,4160.8
27.64,4.0,56.87047569687315,15.35,Commercial,Heat Pump,28.08,449.92
13.15,5.0,36.21,16.11,Commercial,Central AC,27.35,565.1
191.1,28.0,24.17,4.95,Residential,Heat Pump,22.57,2373.11
11.37,6.0,9.96,11.95,Educational,Central AC,18.16,552.16
25.73,3.0,6.3,20.09,Residential,Heat Pump,21.71,472.92
11.97,6.0,8.09,27.8,Office,Central AC,18.0,376.59
61.28,18.0,11.07,13.25,Office,Split AC,20.02,2198.31
193.06,23.0,7.85,7.74,Hospital,VRF,21.23,6863.13
89.13,11.0,37.17,21.12,Residential,VRF,24.82,1736.66
62.32,6.0,23.46,19.84,Residential,VRF,24.32,497.67
72.6,9.0,29.89,15.8,,VRF,26.62,1002.61
32.03,13.0,24.85,12.73,Residential,Heat Pump,22.95,470.79
15.621147664284472,91.0,21.53,8.72,Hospital,Central AC,24.2,2140.48
29.07,4.0,31.82,11.32,Residential,Split AC,27.47,614.33
10.29,2.0,24.13,17.32,Educational,Rooftop Unit,24.25,176.61
59.8,9.0,8.14,5.64,Hospital,Heat Pump,18.63,2369.64
48.04,15.0,19.72,18.41,Hospital,Heat Pump,21.58,1173.19
21.565885524945834,1.0,35.57,8.39,Residential,Split AC,27.38,15605.901587384538
76.61,7.0,23.49,20.6,Office,Rooftop Unit,23.1,1067.57
10.71,4.0,23.13,17.03,Residential,Central AC,20.79,267.53
46.99,17.0,22.07,19.79,Residential,Central AC,24.55,1005.63
164.76,25.0,26.37,16.79,Office,Central AC,23.8,3065.57
19.18,,16.72,17.42,Residential,Split AC,19.11,316.82
14.03,5.0,22.59,10.6,Residential,VRF,24.27,264.1
11.08,6.0,23.75,10.77,Residential,Rooftop Unit,24.03,344.5
168.31,,41.24,22.31,Office,Central AC,30.0,4647.99
55.71,17.0,17.94,20.88,Educational,Central AC,18.0,900.73
277.40289818321787,15.0,22.84,8.03,Educational,Heat Pump,20.8,141.53840047154756
157.50376233548232,19.0,6.84,17.96,Office,Central AC,18.0,30.959476100813085
10.69,1.0,23.44,30.0,Hospital,Central AC,22.5,211.59
44.69,20.0,44.43,21.42,Office,Heat Pump,24.86,1607.33
275.05,44.0,8.76,15.35,Residential,Split AC,18.0,5710.78
13.03,1.0,31.67,10.22,Office,Heat Pump,23.32,145.09
17.32,2.0,54.13781416580213,15.43,Residential,Split AC,28.0,237.58
123.27,23.0,23.79,26.35,Educational,Rooftop Unit,23.04,1990.47
40.5,12.0,20.72,22.59,Commercial,VRF,23.42,635.16
185.9,29.0,12.78,16.06,Hospital,VRF,22.53,5066.6
51.35,8.0,22.28,18.74, Educational,Heat Pump,21.21,455.7
32.87,10.0,25.01,-7.629203046271094,Residential,Heat Pump,23.33,504.16
121.65,15.0,24.42,27.57,Hospital,Central AC,23.14,2361.56
18.44,3.0,24.27,25.709138232607238,Office,Central AC,22.73,13344.373666668682
25.19,8.0,19.33,9.18,Hospital,Rooftop Unit,20.01,904.05
338.14,40.0,22.89,21.72,Office,VRF,23.33,3994.34
64.41,20.0,21.18,19.83,Residential,Split AC,22.24,1474.2
146.61,15.0,9.88,16.67,Commercial,Split AC,18.14,4011.54
197.33,18.0,21.6,11.78,Commercial,VRF,19.04,2819.1
25.54,1.0,10.9,11.26,Office,Heat Pump,22.18,488.7
86.17,30.0,22.92,9.97,Office,Split AC,23.42,2183.03
15.47,8.0,19.9,8.34,Commercial,Heat Pump,19.74,414.33
49.71,13.0,7.61,8.76,Commercial,VRF,20.55,1765.33
34.83,15.0,18.55,14.97,Residential,Heat Pump,20.85,454.71
20.73,7.0,34.22,15.63,Educational,Split AC,24.21,771.93
61.08,10.0,32.18,14.88,Residential,Split AC,25.61,1346.0
22.52,7.0,41.11,8.14,Office,Heat Pump,25.25,805.1
48.43,19.0,37.64,13.77,Residential,Split AC,26.31,1822.78
14.87,1.0,17.77,14.62,Office,Central AC,20.64,263.52
12.29,7.0,21.29,0.6998449136293486,Educational,Split AC,19.36,8838.250701983647
197.23,12.0,26.77,5.65,Commercial,Heat Pump,23.97,2800.76
347.66,22.0,29.22,6.98,Commercial,VRF,26.2,7036.4
65.24,6.0,5.0,30.0,Commercial,Rooftop Unit,18.0,1424.6
45.01,11.0,8.04,12.94,Residential,Heat Pump,20.24,1006.19
69.83,12.0,26.01,10.52,Residential,Rooftop Unit,22.21,1262.15
32.23,17.0,19.45,16.74,Residential,Central AC,19.78,810.71
13.69,7.0,21.91,6.77,Residential,Rooftop Unit,22.0,419.81
61.45,12.0,29.53,19.82,Commercial,Split AC,26.68,1265.39
69.59,18.0,23.81,17.67,Office,Central AC,24.78,1210.15
114.05,16.0,51.804762398450215,22.84,Residential,Split AC,19.12,1975.57
215.79,48.0,18.65,8.14,Commercial,VRF,23.26,4892.77
13.25,3.0,34.6,17.45,Residential,Central AC,24.27,367.38
49.37,9.0,25.9,16.04,Residential,Split AC,24.73,765.04
40.92,16.0,17.48,,Educational,Rooftop Unit,18.0,962.47
11.600017366422867,7.0,26.84,11.35,Residential,Central AC,26.07,14103.12777522123
18.1,7.0,11.63,16.77,Residential,Split AC,18.0,518.34
66.31,17.0,27.12,12.23,Residential,Central AC,27.96,1067.11
24.434909208724637,106.0,41.23,16.33,Educational,Split AC,27.25,1147.48
25.68,5.0,34.75,29.07,Office,VRF,23.29,484.99
32.45,6.0,19.71,4.63,Commercial,Central AC,21.5,811.27
274.7485115899251,29.0,20.04,11.32,Hospital,Heat Pump,22.13,99.76374424783815
16.56,7.0,21.85,8.74,Residential,Heat Pump,23.8,284.91
64.35,8.0,22.63,9.79,Educational,Central AC,22.35,1090.18
64.93,11.0,15.05,26.1,Office ,Central AC,18.0,1084.8
15.88,6.0,24.17,21.05,,Split AC,25.34,309.28
16.41,5.0,28.65,7.36,Residential,VRF,25.45,333.45
25.09,2.0,16.46,14.03,Educational,Split AC,20.63,406.82
180.17,22.0,32.26,15.9,Hospital,Central AC,25.84,7656.11
41.21,20.0,29.34,17.72,Residential,Rooftop Unit,25.23,1064.2
64.56,13.0,29.47,18.44,Residential,VRF,27.63,743.11
26.71,7.0,27.52,12.48,Residential,Rooftop Unit,25.84,616.79
60.01,12.0,21.87,9.92,Residential,Rooftop Unit,21.6,875.0
32.39,9.0,22.76,11.31,Office,Central AC,23.96,946.04
81.22,20.0,19.51,26.25,Residential,Rooftop Unit,22.47,1316.87
12.722364399943583,81.0,30.26,7.63,Office,Split AC,25.72,314.54
28.46,7.0,33.14,17.43, Educational,Rooftop Unit,26.14,804.16
75.2,11.0,26.5,14.09,Commercial, Split AC,24.99,1339.63
27.13,7.0,19.76,9.19,Hospital,Split AC,20.17,919.22
67.22,20.0,22.14,13.44,Residential,VRF,23.01,1133.88
11.536581307841447,80.0,7.87,17.77,Hospital,Rooftop Unit,19.1,7135.86
51.02,17.0,24.79,11.49,Commercial,Heat Pump,27.73,1035.55
37.04,20.0,37.51,12.74,Hospital,Rooftop Unit,27.85,
113.82,25.0,10.28,12.62,Office,Split AC,20.12,4157.91
52.89,6.0,25.73,10.97,Office, VRF,25.11,669.2
59.32,12.0,12.47,7.8,Commercial,VRF,22.31,1468.81
15.42,1.0,24.56,10.05,Residential,VRF,23.07,140.17
128.9,31.0,45.0,24.55,Residential,Central AC,29.06,4169.42
14.48,7.0,17.64,14.05,Office,,18.93,350.24
57.37,8.0,41.33,11.98,Residential,VRF,22.79,1954.97
68.97,18.0,27.88,9.65,Educational,Split AC,24.26,1710.94
72.42,17.0,25.69,14.06,Residential,Central AC,23.41,1326.33
29.01,8.0,15.61,8.91,Office,Heat Pump,18.46,521.85
46.72,16.0,22.78,8.72,Educational,Split AC,21.19,1168.4
35.57,5.0,18.61,20.84,Residential,Central AC,20.2,409.55
57.52,12.0,22.51,16.39,Educational,Heat Pump,21.95,637.99
10.2,8.0,34.56,22.46,Educational,Central AC,26.14,403.8
16.43,4.0,20.37,0.26567124324066815,Commercial,Heat Pump,25.32,13670.380442380487
56.82,18.0,17.44,18.99,Residential,Split AC,20.13,970.09
28.94,5.0,28.34,22.37,Commercial,Central AC,25.16,607.87
16.18,8.0,24.07,14.43,Commercial,Central AC,24.08,-458.543925663167
74.63,5.0,42.82,12.55,Residential,Split AC,27.92,2497.82
76.12,17.0,25.38,10.82,Office,Split AC,23.86,1744.26
31.05,7.0,26.63,22.12,Office,Central AC,27.23,611.9
15.41,4.0,24.36,14.14,Office,Split AC,22.9,332.67
288.22,35.0,24.03,13.67,Commercial,,26.27,6004.64
25.93,2.0,20.98,14.93,Commercial,Central AC,19.52,8391.26183193262
46.61,7.0,20.47,14.24,Office,Split AC,20.82,639.54
69.34,7.0,20.38,8.22,Hospital,Heat Pump,22.93,1456.69
26.56,4.0,21.08,9.9,Office,Rooftop Unit,21.47,415.97
29.02,2.0,41.78,7.34,Commercial,VRF,25.9,1459.95
28.09,5.0,7.48,16.89,Residential,Central AC,18.42,613.69
23.58,8.0,32.74,26.34,Commercial,VRF,24.08,510.29
33.3,6.0,38.9,10.03,Hospital,VRF,26.17,-104.46887976609814
172.23,12.0,28.99,4.24,Commercial,Central AC,26.07,-361.28114128057166
13.29,7.0,22.84,16.18,Commercial,Rooftop Unit,21.95,533.82
57.72,7.0,32.13,21.43,Residential,Heat Pump,21.19,720.82
29.09,6.0,36.79,17.38,Educational,Split AC,25.89,783.79
19.11,4.0,29.18,15.18,Commercial,VRF,25.49,351.3
33.04,9.0,30.16,13.44,Office,Split AC,24.37,950.64
255.86,29.0,14.19,22.68,Commercial,Rooftop Unit,18.19,-171.959169618644
276.28,41.0,16.4,23.34,Commercial, Split AC,20.0,5304.31
21.92,2.0,21.78,18.64,,Split AC,23.81,249.97
79.6,9.0,17.11,17.6,Commercial,Split AC,18.22,1549.47
32.53,19.0,34.76,8.0,Office,Split AC,26.9,1564.1
18.88,2.0,16.67,15.88,Commercial,Central AC,18.17,11985.281694518213
10.8,2.0,31.01,11.48,Educational,Central AC,25.32,302.88
56.98,20.0,24.3,12.37,Office,Central AC,20.78,2034.06
99.5,35.0,25.95,14.18,Office,Heat Pump,25.24,1628.67
12.97,5.0,44.4,13.35,Residential,Split AC,27.61,615.33
65.49,18.0,27.23,8.44,Hospital,Heat Pump,25.01,1821.85
285.02900418203876,11.0,38.87,9.89,Residential,Split AC,26.89,53.215949871880056
12.1,3.0,37.28,8.11,Office,Central AC,27.22,436.36
25.47,3.0,5.34,10.68,Office,Heat Pump,19.76,684.62
18.75,2.0,24.2,4.58,Residential,Central AC,22.36,196.2
51.41,11.0,19.04,14.61,HOSPITAL,Split AC,22.61,1477.69
48.69,12.0,21.58,11.73,Office,Rooftop Unit,24.17,1262.55
29.08,7.0,10.05,21.81,Commercial,Central AC,18.2,879.51
25.25,8.0,13.09,22.15,Residential,Rooftop Unit,21.31,569.04
14.145357510019446,91.0,26.81,19.47,Residential,Split AC,23.27,1652.32
28.08,7.0,15.71,21.39,Commercial,Central AC,18.19,780.67
42.16,18.0,7.33,8.74,Office,VRF,23.49,1908.08
76.62,15.0,6.97,12.17,Residential,Rooftop Unit,18.0,2534.88
24.47,8.0,22.91,17.27,Commercial,Heat Pump,23.93,468.05
142.95,18.0,30.95,23.74, Office,VRF,23.68,2193.68
10.89,4.0,27.15,18.94,Commercial,VRF,24.66,262.01
28.66,7.0,24.75,16.25,Residential,Rooftop Unit,22.79,469.25
53.65,6.0,16.95,8.11,Residential,Split AC,20.16,759.18
40.4,5.0,22.08,19.11,Office,Central AC,23.53,656.28
18.9,6.0,7.01,23.68,Office,Central AC,18.0,624.0
10.47,1.0,29.9,14.6,Residential ,Rooftop Unit,26.28,189.36
71.99,17.0,32.74,7.19,Commercial,Heat Pump,25.27,2122.17
27.48,4.0,9.15,16.08,Office,VRF,23.23,567.07
59.85,9.0,44.71,17.28,Residential,Central AC,28.73,1953.04
185.85,40.0,26.21,10.2,Office,VRF,22.65,3176.88
146.89,39.0,15.43,7.11,Commercial,Central AC,20.21,6457.45
78.2,18.0,33.56,19.81,Office,Split AC,25.03,2434.65
31.98,11.0,29.78,11.1,Commercial,VRF,26.51,957.95
19.97,7.0,26.08,5.96,Commercial,Heat Pump,26.13,389.21
96.27,38.0,42.9,16.15,Residential,,30.0,4476.23
15.13,4.0,13.75,3.65,Commercial,Split AC,20.96,569.54
152.86,28.0,27.1,8.53,Commercial,Central AC,26.39,3908.98
12.48,4.0,16.9,29.12,Commercial,Rooftop Unit,18.0,262.49
123.77,14.0,26.17,14.57,Hospital,Split AC ,24.17,2741.1
186.27065029465484,10.0,45.0,13.23,Commercial,Rooftop Unit,30.0,96.76654184261469
85.33,22.0,39.14,10.47,Hospital,VRF,24.43,4923.03
118.14,,20.87,14.7,Office,Split AC,22.12,2027.96
27.22,6.0,29.65,21.9,Residential,Split AC,26.06,382.06
51.0,7.0,14.6,10.85,Residential,Rooftop Unit,19.13,1114.63
44.58,9.0,9.31,14.33,Commercial,Heat Pump,20.1,1432.2
26.26,2.0,24.53,13.94,Educational,Heat Pump,24.04,226.49
21.83,1.0,28.69,12.75,Residential,Split AC,27.99,299.82
29.07,4.0,31.82,11.32,Residential,Split AC,27.47,614.33
72.84,13.0,5.15,27.09,Residential,Heat Pump,21.32,1279.78
40.31,13.0,22.66,8.59,Commercial,Central AC,20.21,
74.95,10.0,19.38,11.2, Residential,Central AC,21.51,1117.29
29.2,6.0,29.99,17.85,Residential,Rooftop Unit,26.33,657.27
62.9,5.0,31.48,7.99,Commercial,Central AC,25.72,1700.57
59.23,14.0,26.12,17.33,Educational,VRF,24.46,819.57
11.29825904949674,112.0,14.24,24.99,Educational,Central AC,18.03,1347.92
43.06,20.0,28.0,5.82,Educational,Central AC,25.9,1395.65
51.22,11.0,28.76,14.03,Residential,Split AC,24.48,1156.37
23.024023525687284,28.0,25.28,14.92,Office,Split AC,23.77,11965.855027438503
17.5,3.0,35.27,18.16,Office,Central AC,26.9,508.4
49.29,16.0,24.09,7.31,Office,VRF,22.48,877.07
25.28,7.0,30.51,9.78,Commercial,Split AC,24.65,-126.73081867615105
28.2,3.0,14.85,10.06,Residential,Split AC,19.43,443.51
15.89,7.0,21.17,8.04,Residential,Central AC,20.49,402.02
143.97,40.0,24.56,0.754325068434004,Office,Heat Pump,23.61,13701.501337150781
57.59,8.0,30.49,23.32,Commercial,,24.71,1201.04
139.67,34.0,21.45,-6.270997499133253,Residential,Central AC,20.8,2507.83
68.93,10.0,-61.16484530178055,10.37,Office,Split AC,18.47,1583.94
16.520152399147758,71.0,8.59,12.83,Office,Heat Pump,18.72,1388.81
104.16,13.0,23.97,12.24,Residential,Central AC,22.38,1575.18
13.78,1.0,28.58,17.11,Residential,Split AC,25.83,212.9
22.8,3.0,31.35,25.54,Commercial,Central AC,24.4,477.33
55.77,10.0,29.96,17.32,Educational,Central AC,27.15,1124.5
21.00998217753564,1.0,26.5,12.28,Commercial,Split AC,24.14,9259.563655966716
36.19,5.0,19.86,10.09,Hospital,VRF,21.18,788.5
40.1,18.0,17.78,9.77,Commercial,Heat Pump,19.62,1131.07
179.19,28.0,25.93,11.84,Hospital,rooftop unit,25.97,5420.75
68.93,16.0,33.26,30.0,Educational,Central AC,25.42,1355.5
166.74,26.0,27.48,15.51,Hospital,Rooftop Unit,23.4,4765.42
52.03,10.0,27.22,19.57,Residential,Heat Pump,26.61,560.27
33.95,10.0,36.19,11.6,Residential,Split AC,26.78,943.29
161.89,35.0,20.12,14.57,Commercial,Split AC,21.72,3578.12
54.74,12.0,,7.65,Office,Split AC,21.18,932.89
35.89,7.0,34.3,-6.590947036778137,Commercial,VRF,23.96,1246.46
16.58,1.0,25.15,8.18,Residential,Split AC,23.08,206.94
63.57,1.0,29.25,13.77,Office,Central AC,27.31,11417.435914320085
319.12,20.0,34.23,6.18,Residential,Split AC,27.15,7291.79
38.75,17.0,5.0,15.33,Office,Central AC,18.0,1850.22
177.59,28.0,26.92,8.34,Commercial,Split AC,26.53,4367.43
97.39,24.0,16.84,5.1,Commercial,Central AC,19.39,2781.42
326.07,35.0,26.21,13.92,Residential,Heat Pump ,26.04,2904.22
43.97,11.0,32.4,12.03,Office,Rooftop Unit,27.2,1287.67
162.61,36.0,31.1,13.41,Office,VRF,24.08,3842.81
53.07,19.0,14.89,15.39,Hospital,Rooftop Unit,18.71,2283.92
16.64,4.0,40.95,20.19,Residential,Central AC,28.92,530.08
17.2,1.0,16.45,9.85,Office,Central AC,20.1,8033.7721073046805
12.41,1.0,12.92,7.61,Office,Central AC,20.67,296.44
42.05,8.0,24.17,8.78,Hospital,Split AC,21.88,1018.88
18.3,4.0,37.72,14.6,Residential,Central AC,26.49,594.08
46.07,15.0,11.49,22.08,Office,VRF,20.25,1181.05
13.12,4.0,16.64,14.86,Commercial,Heat Pump,19.48,222.78
168.42,22.0,32.1,17.91,Residential,Heat Pump,24.44,2241.17
15.43,4.0,36.74,17.33,Commercial,Split AC,26.54,543.94
63.68,11.0,17.81,6.11,Hospital,Heat Pump,21.24,1443.1
14.83,5.0,18.92,7.96,Residential,Split AC,18.88,325.97
77.42,16.0,20.46,20.12,Office,VRF,20.69,958.15
62.88,-9.0,32.25,9.93,Residential,Split AC,24.94,1292.43
91.7,36.0,34.3,16.23,Commercial,VRF,22.08,3645.45
16.44,2.0,39.48,28.457863815880117,Residential,Central AC,26.83,11347.257664576538
14.11,4.0,19.63,15.65,Hospital,Central AC,19.82,354.04
11.11,1.0,43.75,11.92,Educational,VRF,25.67,382.28
35.15,18.0,31.43,9.39,Commercial,Heat Pump,23.7,1162.46
15.192254203153299,107.0,20.13,18.1,Residential,Heat Pump,19.18,643.34
75.15,10.0,25.66,12.47,Educational ,Heat Pump,25.45,701.54
69.9,10.0,12.84,23.46,Residential,Rooftop Unit,18.0,1118.51
175.44490438262753,18.0,25.91,7.13,Educational,Split AC,23.78,53.6052385856079
78.11,18.0,38.27,8.99,Hospital,Split AC,26.92,4462.46
15.78,3.0,18.14,12.78,Office,Central AC,18.66,376.13
48.47,8.0,37.82,13.2,Office,Split AC,25.88,1667.49
18.088358703660337,128.0,25.31,9.37,Residential,Split AC,26.05,373.15
162.84,36.0,32.73,19.84,Residential,Rooftop Unit,27.44,4064.09
17.54,6.0,18.29,6.14,Hospital,Heat Pump,19.75,398.52
26.58,7.0,22.52,22.53,Residential,Rooftop Unit,23.55,405.08
28.22,6.0,14.36,26.69,Office,Heat Pump,21.76,420.2
25.66,1.0,32.21,17.43,Hospital,Rooftop Unit,23.13,798.12
45.14,13.0,6.44,21.99,Office,Heat Pump,21.01,1062.39
77.36,6.0,19.82,12.27,Commercial,Split AC,22.74,1413.5
17.2,4.0,24.07,30.0,Commercial,Central AC,23.99,229.53
75.44,19.0,22.44,13.87,Commercial,Central AC,21.82,2037.09
23.02,4.0,37.05,18.78,Office,Central AC,29.21,676.61
72.83,14.0,16.42,26.28,COMMERCIAL,Central AC,18.63,1550.31
190.58,38.0,27.19,6.18,Hospital,Heat Pump,24.13,4705.87
32.42,19.0,43.4,12.27,Residential,Central AC,28.57,1770.39
23.8,4.0,22.13,3.8,Residential,Heat Pump,21.56,310.24
28.28,8.0,25.06,9.1,Residential,VRF,22.76,526.39
18.587482495004046,113.0,7.57,19.1,Office,Central AC,18.0,1761.26
58.32,5.0,28.19,13.51,Residential,Split AC,24.86,901.49
55.68,8.0,5.55,14.36,Residential,VRF,21.71,1351.85
343.7686633369715,19.0,45.0,4.05,Residential,Heat Pump,26.45,128.63427847434093
67.85,5.0,29.97,15.89,Residential,Heat Pump,26.8,709.47
16.44,5.0,27.02,12.05,Commercial,Split AC,26.37,400.82
48.14,6.0,35.16,14.55,Residential,Central AC,26.93,1234.19
22.02,7.0,14.33,18.06,Residential,Heat Pump,23.33,355.46
12.72,8.0,23.57,15.5,Educational,Heat Pump,20.21,275.75
142.42,25.0,16.14,3.7,Educational,Split AC,18.0,3606.15
64.52,10.0,23.93,6.12,Residential,Rooftop Unit,21.99,1188.72
59.78,12.0,24.51,6.77,Residential,Central AC,22.83,964.84
61.87,16.0,30.92,11.16,Office,VRF,24.37,1733.75
77.46,7.0,24.82,15.66,Residential,Central AC,23.93,1029.88
25.0,8.0,35.0,21.24,Office,Rooftop Unit,26.23,847.9
60.0,19.0,39.01,11.78,Residential,Split AC,27.79,1995.34
32.25,7.0,29.43,28.418962597298787,Residential,Rooftop Unit,25.03,11118.80708012027
61.2,20.0,19.32,15.19,Residential,Heat Pump,23.67,1045.97
67.19,14.0,22.59,14.69,Residential,VRF,20.96,953.74
20.077599305768324,6.0,24.43,15.19,Office,Split AC,24.52,11883.205354383692
270.2099276573995,10.0,6.91,9.28,Office,VRF,19.73,54.89625967731193
38.14,6.0,15.03,10.14,Residential,Heat Pump,20.77,604.15
23.0,3.0,14.41,13.37,Hospital,Central AC,20.96,992.75
28.15,8.0,20.51,23.53,Residential,Heat Pump,22.08,360.75
54.49,5.0,23.58,13.31,Educational,Split AC,23.6,827.12
279.98,27.0,25.66,16.44,Residential,VRF,22.58,2970.76
27.63,5.0,26.77,19.94,Residential,Split AC,25.81,367.92
31.84,15.0,28.37,17.28,Hospital,VRF,26.79,914.04
58.36,8.0,24.2,12.4,Commercial,Heat Pump,25.26,
37.5,19.0,40.62,28.86,Office,Heat Pump,25.86,983.13
118.32,12.0,23.52,10.64,Office,Central AC,21.98,1938.55
11.92,1.0,16.72,17.61,Educational,Central AC,19.46,137.94
55.44,15.0,7.3,9.88,Commercial,Central AC,18.0,3169.64
28.8,7.0,26.28,15.4,,VRF,26.33,452.11
37.73,11.0,11.98,8.1,Commercial,Split AC,19.75,1736.51
143.2,19.0,15.19,30.0,Residential,Heat Pump,19.73,1127.64
127.67,27.0,25.64,14.94,Office,Split AC,23.75,2233.25
17.96,2.0,20.22,11.58,Commercial,Split AC,20.14,310.04
68.85,7.0,23.5,24.41,EDUCATIONAL,VRF,23.19,584.83
11.92,1.0,16.72,17.61,Educational,Central AC,19.46,137.94
24.61,1.0,17.49,10.72,Commercial,Split AC,18.57,11223.134484698548
19.25,1.0,35.15,18.86,Residential,Split AC,25.4,346.61
150.77,33.0,18.12,12.1,Commercial,Central AC,21.15,5011.17
70.07,18.0,39.51,20.5,Educational,Heat Pump,23.95,1498.45
24.95,4.0,9.38,13.69,Residential,Central AC,18.0,698.0
47.57,6.0,35.47,8.48,Residential,Heat Pump,24.74,997.1
55.29,6.0,19.51,-6.907386184980634,Commercial,Rooftop Unit,19.62,1039.53
26.94,6.0,36.64,19.67,,Split AC,24.67,768.72
111.67,16.0,16.09,13.29,Residential,Split AC,19.86,2111.97
183.34,12.0,24.59,,Educational,Split AC,24.27,2045.1
151.99,22.0,39.79,13.31,Office,Split AC,26.26,5072.7
19.2,1.0,22.9,-1.4415410965441124,Commercial,Split AC,22.24,286.65
225.8776925064975,16.0,17.18,13.85,Residential,Split AC,19.45,44.4716808690887
49.44,14.0,20.89,,Residential,Central AC,20.7,721.24
15.16,2.0,11.61,6.53,Residential,Split AC,21.47,398.42
58.22,14.0,35.68,16.05,Hospital,Central AC,29.0,
74.13,12.0,52.960000205698044,11.34,Residential,Central AC,18.39,2287.17
48.11,10.0,38.36,19.29,Residential,Split AC,28.26,1066.83
26.81,2.0,24.86,11.62,Office,VRF,25.83,186.97
16.99,2.0,18.56,13.35,Commercial,VRF,22.36,251.75
69.35,13.0,17.6,19.6,Office,Central AC,21.3,1427.48
52.94,11.0,29.43,10.66,Educational,Heat Pump,28.52,835.9
77.6,12.0,15.4,6.53,Residential,Split AC,19.34,1395.03
155.3,28.0,32.88,22.63,Residential,VRF,21.0,2115.56
79.43,12.0,42.12,10.23,Residential,Rooftop Unit,27.94,3134.92
29.93,5.0,19.06,16.09,Hospital,Heat Pump,19.53,479.11
23.06,3.0,11.07,17.4,Commercial,Central AC,18.0,586.51
11.98,4.0,27.66,20.14,Office,Central AC,24.16,289.75
13.797641523393121,112.0,23.8,20.04,Hospital,VRF,22.09,387.13
142.88,23.0,35.83,5.89,Residential,VRF ,24.07,3444.52
16.97,7.0,30.47,14.74,Residential,Central AC,24.33,444.73
23.02,3.0,20.32,18.38,Residential,Split AC,20.24,181.55
23.92,8.0,26.18,10.36,Educational,Central AC,25.49,494.81
254.06,27.0,22.22,13.62,Office,VRF,23.07,3494.03
64.54,11.0,37.0,11.24,Residential,Split AC,26.51,1745.48
58.71,5.0,37.1,25.27,Educational,VRF,25.7,806.6
16.62,3.0,26.05,10.17,Office,Split AC,24.32,289.91
25.21,3.0,42.79,15.07,Commercial,Heat Pump,23.02,872.86
25.47,7.0,20.91,4.98,Hospital,Rooftop Unit,19.38,981.39
13.49,5.0,41.78,23.26,Educational,Rooftop Unit,29.95,642.38
161.07,19.0,21.95,26.62,Residential,Split AC,20.09,1732.89
13.96,3.0,23.09,15.35,Office,Split AC,23.83,233.07
13.59,7.0,29.71,14.22,educational,Heat Pump,25.41,336.3
155.88,32.0,15.3,19.11,Commercial,central ac,18.94,3849.89
57.1,10.0,9.29,15.27,Educational,Rooftop Unit,18.0,1388.27
18.46,1.0,36.46,12.39,Educational,Heat Pump,24.13,342.06
10.82,3.0,21.24,5.6,Residential,Central AC,22.14,245.17
49.62,10.0,18.87,18.42,Residential,Split AC,19.04,668.58
41.14,9.0,27.22,24.17,Residential,Central AC,25.06,644.82
64.3,16.0,5.0,8.22,Hospital,Split AC,19.32,5036.92
226.29,28.0,26.89,9.78,Educational,Central AC,25.21,4178.62
22.7,5.0,22.23,17.24,Residential,Split AC,21.86,365.27
15.93,6.0,24.69,28.16,Residential,,23.17,294.32
25.92,8.0,29.07,16.63,Office,VRF,23.91,517.87
13.09,1.0,12.25,12.63,Residential,Central AC,20.75,301.79
30.11,12.0,20.71,18.56,Educational,Split AC,20.39,622.94
23.82,6.0,16.8,8.65,Residential,Central AC,18.95,422.51
49.25,17.0,23.54,12.24,Residential,VRF,22.37,845.0
17.57,1.0,15.11,12.27,Residential,Heat Pump,19.09,169.38
55.62,18.0,23.81,14.16,Office,VRF,22.13,830.75
56.87,18.0,38.0,22.68,Residential,VRF,23.65,1087.48
-41.70015965502028,5.0,26.17,8.98,Educational,VRF,23.94,403.27
25.11,6.0,23.64,7.4,Residential,Split AC,23.29,-402.6571615013152
65.16,11.0,22.97,27.3,Office,VRF,21.82,844.85
34.57,9.0,32.15,9.45,Residential,Central AC,24.54,929.5
37.65,9.0,22.37,15.48,Educational,Heat Pump,23.7,444.67
25.96,2.0,43.32,6.54,Commercial,Split AC,25.13,1569.37
21.12,1.0,32.76,6.86,Office,CENTRAL AC,26.19,692.29
13.1,7.0,29.24,24.33,Residential,,26.19,334.24
120.29,,28.67,10.77,Educational,VRF,25.09,1843.63
55.34,8.0,35.69,26.93,Office,Central AC,26.85,1228.75
132.87,19.0,13.5,11.93,Hospital,Rooftop Unit,20.46,5410.69
44.72,5.0,23.97,25.672714067616436,Residential,Split AC,23.86,9875.22724928792
85.39,22.0,42.83,6.93,Educational,Central AC,28.06,3955.87
11.36,6.0,28.22,26.45,Residential,Heat Pump,25.3,181.91
11.138220419486512,100.0,21.18,17.82,Residential,Central AC,22.52,751.28
166.15,-6.0,20.5,6.74,Residential,Central AC,22.37,2260.46
40.74,15.0,17.84,7.45,Hospital,Central AC,18.76,2056.65
20.63,5.0,25.72,18.17,Residential,Rooftop Unit,25.25,354.64
42.55,9.0,15.51,12.89,Office,Central AC,18.0,1198.19
88.39,19.0,16.42,15.46,Office,Heat Pump,21.15,1702.51
23.32,2.0,39.24,17.13,Office,Split AC,25.76,757.86
190.9,12.0,12.27,6.56,Commercial,Central AC,20.0,6280.48
10.87,5.0,12.0,7.75,Office,Heat Pump,21.9,382.67
28.11,6.0,27.67,23.42,Residential,Split AC,24.51,391.88
59.56,7.0,5.93,14.29,Office,Split AC,18.0,2129.6
49.64,11.0,28.51,18.84,Educational,Heat Pump,24.71,767.05
78.9,11.0,47.37897283145279,12.97,Office,Central AC,21.9,1546.9
26.36,6.0,17.98,15.21,Residential,Central AC,19.47,533.29
24.11286222843279,92.0,22.93,11.97,Residential,Heat Pump,21.02,821.07
24.765110728568203,26.0,29.13,6.31,Office,Split AC,27.82,13138.269625226567
14.89,5.0,19.79,16.04,Commercial,Rooftop Unit,19.77,424.43
18.95,5.0,-60.60977520216123,15.7,Residential,Split AC,18.98,502.76
160.34,40.0,32.67,6.66,Residential,Heat Pump,24.05,3639.57
,10.0,18.91,18.39,Commercial,Split AC,21.38,2115.01
194.77,26.0,6.96,22.13,Residential,Rooftop Unit,18.0,3694.58
63.28,15.0,19.28,12.08,Residential,VRF,20.59,902.21
99.19,16.0,15.73,9.48,Residential,Rooftop Unit,18.0,1841.32
26.41,8.0,25.82,18.57,Residential,Split AC,24.83,507.72
49.71,2.0,23.98,14.49,Residential,Split AC,23.07,8823.78500748987
72.52,18.0,26.97,12.17,Office,,24.79,1080.26
29.37,4.0,27.19,12.15,Commercial,Split AC,26.91,423.86
48.81,10.0,25.36,4.69,Commercial,Central AC,22.78,1200.37
63.45,19.0,29.66,18.82,Hospital,VRF,27.84,1828.1
121.51,40.0,15.33,24.12,Residential,Split AC,18.0,2305.25
21.37,1.0,15.61,3.97,Educational,Split AC,18.0,363.32
17.5,6.0,16.1,10.1,Office,Central AC,18.32,623.17
-15.138982098536909,1.0,27.68,5.87,Educational,Split AC,25.38,213.32
22.15,5.0,27.8,6.69,Office,Heat Pump,25.08,431.59
306.28,20.0,41.24,11.29,Educational,Central AC,28.67,11820.83
29.48,6.0,44.73,4.68,Commercial,Split AC,26.33,2045.14
333.52,21.0,20.46,13.76,educational,Split AC,20.93,4393.0
22.42,6.0,20.49,12.01, Residential,Central AC,22.76,453.02
11.63,7.0,51.94146973415165,10.22,Residential,Central AC,25.01,508.5
58.97,18.0,30.47,,Residential,VRF,24.77,1290.95
139.56,24.0,21.16,15.67,Residential,Split AC,23.79,2345.63
31.09,8.0,34.72,16.94,Educational,Split AC,26.32,1004.76
-30.91721612519368,10.0,43.73,8.09,Residential,Split AC,28.73,2274.33
162.83,38.0,20.73,16.82,Educational,VRF,20.28,2447.13
14.95,1.0,25.81,22.27,Commercial,Heat Pump,24.18,152.54
29.57,2.0,18.32,23.79,Hospital,Heat Pump,19.3,306.58
17.7,6.0,19.63,9.29,Hospital,Heat Pump,20.07,467.89
86.4,19.0,33.92,13.26,Commercial,Heat Pump,22.15,2286.68
17.09,5.0,10.73,12.87, Office,Split AC,19.11,632.05
13.11,5.0,11.15,14.82,Office,Split AC,21.51,405.63
21.68,5.0,27.95,7.5,Educational,Rooftop Unit,23.19,649.43
109.49,10.0,17.19,7.24,Residential,Heat Pump,20.01,1179.02
12.73,4.0,26.41,18.19,Residential,Central AC,27.11,279.6
40.5,12.0,20.72,22.59,Commercial,VRF,23.42,635.16
10.72,4.0,16.66,6.22,Residential,Split AC,19.56,295.06
20.0,4.0,22.66,30.0,Office,VRF,22.3,215.33
100.65,29.0,38.38,22.55,Residential,Split AC,26.67,2466.12
91.12,-2.0,25.59,26.0,Hospital,Split AC,26.42,2735.49
183.62,33.0,21.79,5.84,Residential,Central AC,23.16,3548.84
12.45,2.0,36.38,10.92,Hospital,VRF,21.69,629.67
48.95,14.0,21.12,23.78,Hospital,Rooftop Unit,21.82,1443.31
34.85,15.0,16.5,26.729491822811386,Hospital,Central AC,20.08,13339.709291227151
68.7,13.0,33.49,7.38,Residential,Central AC,26.96,2054.02
18.67,6.0,16.3,12.06,Residential,Rooftop Unit,18.0,437.79
70.13,19.0,40.21,12.88,Residential,Split AC,25.88,1756.6
11.03,7.0,23.69,8.6,Residential,Rooftop Unit,22.68,365.65
29.22,8.0,,7.91,Office,VRF,18.39,746.62
63.42,10.0,19.81,8.17,Residential,VRF,20.63,708.98
16.98,3.0,11.28,7.5,Commercial,Central AC,19.06,687.89
17.29,5.0,19.76,16.98,Residential,Central AC,21.32,249.11
35.99,8.0,31.27,10.91,Educational,Split AC,25.15,865.25
106.14,31.0,25.47,17.61,Residential,Rooftop Unit,23.65,1927.85
266.12,22.0,32.74,13.85,Residential,VRF,23.31,4706.27
67.95,19.0,19.28,13.66,Commercial,Heat Pump,19.77,-241.00754421630765
20.15,8.0,42.28,0.4828753383579417,Educational,Split AC,25.39,11347.905399414474
35.08,11.0,36.95,11.07,Residential,Split AC,25.47,1261.84
38.34,14.0,26.7,14.13,Hospital,Central AC,26.84,1448.81
49.49,18.0,28.39,7.35,Commercial,Rooftop Unit,25.73,1990.83
25.03,3.0,27.23,24.44,Office,Heat Pump,25.91,207.69
23.12806807145354,8.0,24.92,15.18,Residential,Heat Pump,25.08,14725.824695367672
117.14,22.0,22.61,15.17,Residential,VRF,-16.308352153349457,1620.86
78.81,14.0,17.72,14.59,Commercial,Central AC,19.79,2015.75
42.37,12.0,23.13,7.72,Office,Split AC,22.02,926.75
57.53,9.0,33.86,9.62,Office,Split AC,25.62,1707.94
42.74,19.0,16.25,14.28,Office,Rooftop Unit,18.0,1473.53
260.8389001293998,18.0,36.96,13.58,Office,Rooftop Unit,26.59,27.254001279301896
49.07,9.0,17.23,13.05,Educational,Split AC,18.37,964.65
69.1,9.0,25.96,21.25,Hospital,Central AC,23.78,1487.81
235.0,28.0,,7.11,Commercial,VRF,22.34,9605.0
16.04,2.0,18.97,11.17,Residential,Central AC,18.61,187.2
238.14238686953485,17.0,23.48,11.39,Office,Split AC,23.08,122.43884982408775
16.53,6.0,23.43,17.69,Educational,Central AC,23.31,325.49
109.06,18.0,26.27,18.81,,Heat Pump,26.27,1091.77
52.41,18.0,20.91,14.68,Commercial,Central AC,21.08,1453.22
14.33,3.0,37.76,4.79,Residential,Heat Pump,23.48,390.93
10.85,6.0,15.84,19.98,Educational,Central AC,19.92,379.54
50.44,19.0,24.17,15.38,Hospital,Central AC,23.38,2139.71
35.98,16.0,27.24,7.38,Hospital,VRF,25.78,1157.22
251.55,36.0,13.05,11.79,Office,Central AC,67.59160287474226,6080.93
-41.65934762494797,5.0,20.5,14.47,Office,Central AC,22.51,572.03
135.85,21.0,22.43,11.55,Residential,Split AC,20.61,2095.28
44.96,18.0,16.78,10.53,Residential,Split AC,20.26,1088.57
26.86,4.0,18.1,10.54,Residential,Rooftop Unit,18.6,310.03
70.68,20.0,24.89,9.5,Residential,VRF,23.53,990.96
23.99,3.0,12.5,16.44,Residential,Rooftop Unit,20.5,615.26
64.5,17.0,28.8,6.72,Office,Heat Pump,24.19,1177.22
24.52,6.0,14.58,16.1,Hospital,VRF,19.94,748.43
19.95,6.0,17.01,18.92,Office,Split AC,18.23,435.39
28.57,3.0,13.52,14.41,Commercial,VRF,22.07,672.23
25.66,2.0,24.27,24.76,Commercial,Split AC,23.18,10752.187545690556
15.96,6.0,19.27,26.31,Residential,VRF,18.48,187.29
49.66,18.0,7.16,20.67,Hospital,Split AC,18.0,2708.5
37.05,9.0,27.08,11.98,Hospital,VRF,24.27,996.73
24.11,3.0,31.0,18.72,Residential,Split AC,23.27,443.77
27.32,4.0,38.01,17.09,Commercial,Rooftop Unit,25.7,1075.42
22.49,2.0,6.99,19.34,Office,Central AC,18.0,-257.3327723970705
45.57,17.0,15.33,14.55,Residential,Central AC,18.47,1198.88
25.06,1.0,34.87,11.22,Residential,VRF,22.73,510.63
163.52,35.0,18.32,5.12,Hospital,Rooftop Unit,19.5,5436.25
101.81,14.0,68.68680346121747,15.52,Office,Rooftop Unit,24.53,1834.58
59.58,-7.0,29.18,30.0,Hospital,Split AC,25.08,1240.39
199.85,11.0,41.54,18.28,Residential,VRF,23.56,4606.05
13.56,2.0,16.93,15.13,Educational,Split AC,20.39,284.7
81.63,19.0,5.0,25.72,Office,VRF,19.65,
13.52,5.0,28.22,11.35,Residential,Split AC,26.49,237.34
69.96,15.0,24.94,9.91,Residential,VRF,23.64,871.84
68.88,17.0,9.56,17.93,Office,Central AC,18.64,2808.78
306.49,39.0,18.75,8.62,Commercial,Rooftop Unit,18.93,5717.66
74.46,17.0,48.410346113624705,26.0,Office,Split AC,26.27,1374.85
24.08,4.0,54.27175672343931,9.34,Residential,Central AC,24.81,351.41
27.69,1.0,20.85,20.52,Residential,Split AC,20.99,257.13
21.91,6.0,25.4,14.03,Educational,Central AC,24.72,430.7
176.07,19.0,24.48,6.32,Office,Central AC,-2.366886706836084,3170.85
184.7,34.0,43.43,14.22,Residential,Rooftop Unit,30.0,7960.82
45.24,16.0,28.04,7.99,Office,Split AC,27.79,1029.57
29.71,1.0,24.53,8.21,Residential,VRF,21.73,243.63
293.9158424711228,2.0,27.46,9.58,Educational,Split AC,26.41,67.07299265259887
13.77,8.0,33.76,7.58,Office,Central AC,25.62,802.41
258.9737089910959,3.0,25.22,12.98,Residential,Split AC,23.38,130.92422577282196
278.33657157117347,3.0,23.5,21.49,Commercial,Rooftop Unit,22.69,148.9018949754348
178.13,37.0,23.49,20.62,Hospital,Split AC,21.72,5240.41
85.83,33.0,33.32,19.63,Office,Central AC,25.12,3235.41
28.65,8.0,25.47,24.73,Office,Split AC,25.56,527.79
22.76,4.0,18.98,8.12,Residential,Central AC,20.48,409.73
12.25,2.0,35.77,11.81,Residential,Split AC,27.51,364.8
183.14,27.0,30.71,30.0,Residential,Split AC,23.98,2348.24
31.83,16.0,36.29,18.17,Office,Central AC,27.34,1507.1
60.0,11.0,20.37,14.41,Residential,central ac,19.79,915.56
16.23,6.0,32.89,18.95,Residential,Central AC,27.78,429.02
34.41,18.0,18.58,9.8,Residential,Heat Pump,19.31,673.61
28.78,7.0,27.74,9.37,Hospital,Heat Pump,25.41,
56.6,6.0,36.53,14.26,Hospital,VRF,23.97,1895.54
21.7,6.0,21.58,13.02,Educational,Rooftop Unit,22.46,579.67
18.0,8.0,22.06,19.48,Commercial,Split AC,21.53,563.0
56.82,18.0,17.44,18.99,Residential,Split AC,20.13,970.09
180.06,30.0,10.81,6.24,Residential,Heat Pump,19.12,3793.78
10.41,3.0,6.66,4.17,Residential,Central AC,18.0,417.68
58.58,8.0,27.83,17.79,Commercial,Central AC,25.2,1196.85
21.12,4.0,29.47,16.59,,Split AC,26.07,322.04
17.92,5.0,30.3,15.32,Hospital,Heat Pump,22.23,597.61
14.19,1.0,18.75,14.2,Residential,Split AC,20.78,160.52
24.67,8.0,28.42,16.63,Hospital,Central AC,25.21,1035.71
10.006599184271076,5.0,15.55,19.2,Residential,Central AC,18.0,15191.682964310407
57.93,2.0,26.99,17.0,Commercial,Heat Pump,26.37,10694.944757823489
14.03,6.0,28.23,9.91,Hospital,Split AC,27.47,685.51
61.61,,31.32,28.5,Commercial,VRF,23.84,1149.13
15.54,8.0,22.24,30.0,Educational,Heat Pump,23.72,313.57
111.75,18.0,7.0,9.96,Commercial,Split AC,18.16,5137.54
19.86,3.0,7.02,10.13,RESIDENTIAL,Split AC,18.0,570.54
25.35,6.0,-59.25722752944678,10.25,Residential,Rooftop Unit,21.08,691.7
46.07,17.0,35.77,15.62,Office,Split AC,25.28,1431.93
159.77,20.0,29.63,16.3,Educational,Split AC,26.15,3052.38
72.42,15.0,9.16,24.47,Commercial,Heat Pump,20.92,1472.05
45.27,5.0,27.68,15.34,,Heat Pump,26.61,699.8
16.47,4.0,25.65,14.0,Commercial,Split AC,26.42,402.87
216.15,25.0,21.62,17.94,Residential,Split AC,22.76,2824.78
40.71,11.0,44.73,19.85,Commercial,Split AC,27.2,1861.52
25.86,1.0,31.34,28.63,Residential,Central AC,23.75,227.44
11.55,8.0,9.46,15.1,Residential,Split AC,20.4,453.7
230.1795904947706,38.0,13.07,6.47,Residential,Split AC,19.19,176.23484158727464
29.62,4.0,26.87,12.84,Educational,Rooftop Unit,23.57,561.01
43.53,12.0,33.47,17.97,Residential,Central AC,26.21,1310.27
110.36,16.0,35.11,23.51,Office,Central AC,27.85,2841.61
23.67,2.0,13.7,16.86,Residential,Central AC,19.46,385.77
115.86,19.0,16.74,11.73,Residential,VRF,18.0,1211.69
97.53,19.0,19.82,19.83,Residential,Split AC,19.13,1453.83
43.93,5.0,6.3,21.7,Residential,Central AC,18.0,856.44
16.14,3.0,18.72,6.89,Commercial,VRF,21.59,361.67
20.57,7.0,17.42,11.66,Commercial,VRF,19.87,528.17
45.23,18.0,19.22,30.0,Office,Rooftop Unit,19.55,1165.44
51.23,10.0,15.56,13.55,Residential,Heat Pump,19.93,634.81
43.9,16.0,30.0,7.53,Office,Central AC,24.25,1509.09
77.42,16.0,20.46,20.12,Office,VRF,20.69,958.15
32.44,20.0,42.5,11.7,Commercial,Heat Pump,23.02,1704.56
22.04,4.0,22.55,21.25,RESIDENTIAL,VRF,20.81,281.68
19.1,7.0,24.8,15.27,Residential,Rooftop Unit,24.4,460.7
59.66,13.0,12.9,17.3,Residential,Heat Pump,20.73,748.75
79.85,7.0,22.06,15.53,Educational,Split AC ,23.25,1139.61
143.2,34.0,-65.28861427457208,9.11,Commercial,Split AC,25.58,3200.89
13.44,2.0,24.52,14.91,Commercial,Central AC,24.52,279.47
21.17,3.0,15.25,8.95,Hospital,Split AC,20.11,773.86
156.48,22.0,22.93,30.0,Educational,Central AC,24.13,1651.4
43.5,13.0,22.51,21.73,Educational,Heat Pump,21.01,599.46
18.46,4.0,80.58696282756537,16.09,Commercial,Central AC,26.22,601.41
49.92,7.0,16.68,17.75,Commercial,Central AC,20.39,1024.96
78.98,15.0,41.36,7.86,Office,VRF,27.16,3234.51
255.82049029989133,8.0,10.04,22.5,Commercial,VRF,20.78,77.2813638339718
18.76,4.0,23.12,19.11,Office,Split AC,21.26,291.23
74.92,20.0,25.58,,Hospital,Central AC,25.5,2355.74
43.83,19.0,25.15,30.0,Residential,Split AC,26.63,872.18
173.77,13.0,37.86,8.12,Commercial,Rooftop Unit,26.33,6875.11
136.01,11.0,6.92,5.41,Residential,Split AC,18.0,3375.93
37.84,17.0,36.41,15.76,Commercial,Split AC,25.8,1818.98
79.88,15.0,20.05,15.03,Residential,VRF,20.73,805.14
194.92,36.0,26.39,-1.851712823858942,Residential,Heat Pump,24.54,2717.29
14.87,6.0,31.41,13.61,Residential,VRF,21.42,372.03
27.75,8.0,32.9,11.79,Commercial,Central AC,25.68,1029.6
48.57,5.0,22.12,5.75,Hospital,Central AC,22.29,1263.08
71.78,15.0,33.15,17.64,Residential,Heat Pump,23.21,1293.54
13.38,3.0,22.37,8.12,Commercial,Central AC,21.63,378.12
18.33,3.0,22.18,9.04,Residential,VRF,24.91,288.22
15.84,2.0,31.24,15.21,Residential,VRF,23.14,262.43
29.54,3.0,16.9,11.68,Office,Central AC,18.65,566.8
57.37,14.0,84.4782387635471,10.77,Commercial,Heat Pump,19.28,1191.98
50.77,19.0,17.23,14.1,Educational,Central AC,19.89,1255.97
193.35,26.0,40.45,-9.873490358918703,Educational,Central AC,29.64,6287.61
14.44,3.0,43.72,10.52,Residential,,29.6,636.68
18.43,4.0,12.64,23.97,Office,Split AC,18.05,403.49
27.46,1.0,27.95,15.69,Hospital,Split AC,25.53,
-16.923080304069188,25.0,21.88,11.96,Residential,VRF,22.83,3519.65
29.85,2.0,36.68,19.02,Hospital,Rooftop Unit,28.02,1252.29
14.08,5.0,17.55,9.75,Commercial,Split AC,19.86,480.53
45.53,14.0,33.63,11.51,COMMERCIAL,Central AC,26.19,2570.06
48.06,13.0,20.68,16.99,Office,Rooftop Unit,21.76,1201.17
14.09,1.0,25.91,25.84,Residential,Rooftop Unit,24.24,178.28
256.69472826282646,1.0,9.83,16.69,Residential,Heat Pump,20.52,110.66516945544757
48.56,15.0,17.23,14.7,Commercial,Central AC,18.0,1670.73
23.25,7.0,30.8,18.79,Residential,VRF,22.75,428.74
19.18,4.0,39.67,7.04,Residential,Heat Pump,25.07,508.72
14.24,5.0,19.5,12.25,Office,VRF,20.52,309.75
12.236859718169793,95.0,20.75,28.08,Hospital,Heat Pump,22.39,702.1
25.1,5.0,36.97,19.14,Office,Central AC,28.35,903.32
41.9,13.0,13.17,17.67,Office,Central AC,20.06,1439.17
19.07,1.0,17.63,8.2,Commercial,Split AC,20.68,-225.28015201844778
148.55,37.0,19.69,25.45,Educational,Central AC,21.86,
18.751716170878186,104.0,28.0,16.08,Residential,Split AC,24.97,658.4
12.53,7.0,26.96,12.12,,Central AC,26.05,550.47
52.42,18.0,21.48,15.28,Educational,Heat Pump,23.11,918.83
12.33,1.0,19.39,18.03,Hospital,VRF,21.23,189.58
284.25802092376006,1.0,25.77,7.58,Educational,Split AC,24.85,65.74036921847335
140.08,28.0,14.3,14.38,Office,Split AC,20.4,3330.46
16.36,8.0,22.95,11.08,Office,Central AC,23.39,501.25
302.05,47.0,44.6,15.18,Educational,VRF,23.17,8819.85
36.43,13.0,21.13,9.86,Hospital,Central AC,21.19,1455.85
42.04,5.0,11.08,9.82,Residential,,20.13,1005.91
43.85,7.0,33.61,29.16819702774405,Office,Central AC,24.48,10719.83231747011
42.35,5.0,16.74,19.15,Residential,Split AC,18.75,523.16
27.37,5.0,17.64,9.26,Residential,VRF,20.37,376.1
23.5,3.0,21.36,30.0,Office,VRF,23.31,224.55
17.63,7.0,26.4,11.8,Residential,Central AC,24.67,473.99
38.39,8.0,27.5,21.9,Office,Central AC,26.23,740.43
22.54,4.0,18.6,16.85,Commercial,Split AC,20.6,464.55
67.09,11.0,27.23,10.76,Commercial,Rooftop Unit,24.71,1842.33
106.49,11.0,24.05,13.36,,Split AC,23.17,1276.18
10.54,1.0,20.19,10.57,Residential,Split AC,19.68,102.87
151.26,12.0,13.61,20.38,Commercial,Central AC,20.88,2937.44
246.63,44.0,25.12,14.53,Office,Split AC,22.43,3831.07
60.87,5.0,28.09,9.49,Residential,Central AC,24.67,1137.19
13.79,2.0,27.11,16.4,Educational,Rooftop Unit,25.11,233.09
319.5,31.0,44.75,30.0,Residential,Central AC,29.9,5094.33
166.94,26.0,28.12,25.93,Residential,Split AC,27.23,1948.12
192.01,25.0,10.48,15.65,Educational,Split AC,18.3,4442.0
156.64,18.0,24.6,17.79,Commercial,Central AC,23.7,2671.57
160.85,2.0,23.84,9.71,Educational,Heat Pump,24.15,8698.732134234353
16.97,6.0,26.08,22.34,Residential,Heat Pump,22.98,257.87
26.8,2.0,7.7,11.37,Educational,Central AC,19.47,789.62
62.24,5.0,17.55,21.08,Office,Central AC,19.95,867.36
22.87,1.0,45.0,9.17,Residential,Central AC,28.0,936.69
13.33,8.0,7.59,15.01,Educational,Central AC,19.28,728.7
77.1,10.0,27.78,28.81,Commercial,Central AC,25.69,1220.36
24.35,7.0,23.51,18.88,Commercial,Central AC,23.17,579.21
14.09,4.0,20.6,17.31,Residential,Heat Pump,21.57,161.6
10.94,1.0,21.4,12.84,Office,Heat Pump,20.22,103.61
24.25,1.0,45.0,18.72,Office,Split AC,29.39,840.7
14.47,2.0,24.27,11.13,Residential,Split AC,23.39,176.17
29.08,4.0,29.14,9.71,Residential,Split AC,27.78,532.22
13.94,4.0,19.92,13.32,Residential,VRF,19.94,147.97
143.33,23.0,20.33,10.41,Office,Central AC,22.12,2564.93
23.04,7.0,,13.25,Educational,VRF,23.01,414.88
94.5,22.0,26.53,15.81,Commercial,Heat Pump,24.63,1905.12
60.61,10.0,25.03,6.65,Residential,Split AC,24.71,869.61
17.76,1.0,5.0,20.38,Office,Split AC,84.79781475084874,427.86
75.7,12.0,22.78,26.13,Commercial,Split AC,22.75,1010.62
70.94,20.0,40.58,6.73,Commercial,Central AC,28.25,4345.04
190.29,-8.0,42.94,15.06,Educational,Rooftop Unit,29.63,7689.69
78.41,9.0,44.81,30.0,Educational,VRF,25.09,
10.94,1.0,19.03,5.63,Office,Rooftop Unit,21.68,190.56
280.07,45.0,19.35,9.82,Residential,Central AC,20.77,4354.25
67.97,8.0,25.75,19.89,Hospital,Central AC,24.08,1603.15
19.82,3.0,25.48,19.31,Residential,Central AC,24.44,276.3
,16.0,40.42,14.5,Residential,VRF,24.83,3803.64
32.94,2.0,45.0,13.7,Residential,Heat Pump,23.19,11037.829146294474
118.58,34.0,22.59,11.7,Office,Split AC,25.0,2775.79
38.02,18.0,40.84,20.39,Office,Rooftop Unit,29.23,2104.87
21.49,8.0,32.58,13.83,Residential,Central AC,26.17,776.3
11.519425876912198,2.0,21.74,14.95,Office,Central AC,22.07,13604.141371231768
27.36,3.0,8.86,8.21,Residential,VRF,18.0,-67.79269931614704
45.0,16.0,25.86,8.37,Commercial,Split AC,22.83,1454.18
197.54382635116917,18.0,27.18,22.76,Residential,Central AC,26.27,32.64867854108159
100.96,18.0,23.34,16.86,Commercial,VRF,23.09,1639.8
20.12,2.0,21.14,16.76,Educational,Central AC,21.52,321.95
109.36,13.0,32.44,12.64,Office,Heat Pump,23.43,2033.75
21.66,1.0,22.09,10.91,Residential,Split AC,22.23,172.21
19.52,1.0,17.8,19.88,Educational,Central AC,21.7,258.3
96.28,36.0,33.6,17.29,Educational,VRF,23.57,2533.46
12.332244224595115,129.0,23.26,9.66,Residential,Split AC,22.97,1291.09
78.18,-3.0,17.65,7.24,Hospital,Heat Pump,19.82,1586.41
17.59,,23.87,13.66,Educational,VRF,26.99,317.27
25.92,7.0,28.17,16.16,Office,Central AC,25.81,586.5
47.99,17.0,16.54,10.35,Residential,Split AC,18.0,1097.21
30.19,10.0,31.53,11.03,Residential,Heat Pump,23.67,719.19
79.19,13.0,5.06,11.21,Commercial,Split AC,19.11,3505.94
21.49,1.0,20.73,11.51,Residential,Split AC,21.88,8245.079399121207
133.79,36.0,55.54534828850139,20.07,Office,Split AC,28.07,2780.4
92.28,26.0,21.35,13.44,Office ,VRF,22.97,1636.92
38.15,16.0,25.01,14.07,Educational,Heat Pump,25.37,610.83
52.84,13.0,25.78,7.59,Commercial,Split AC,24.44,1215.43
16.66,8.0,18.39,30.0,Residential,Split AC,19.46,340.26
18.64,2.0,23.98,20.6,Hospital,Split AC,25.21,356.87
51.28,10.0,37.8,6.87,Commercial,Rooftop Unit,26.99,2708.01
29.94,2.0,32.76,18.62,Residential,Split AC,23.89,520.42
65.01,5.0,17.4,11.71,Residential,Central AC,20.51,993.78
20.32,2.0,26.43,27.66,Residential,Central AC,24.68,189.85
212.28703730356406,13.0,15.86,7.52,Educational,Rooftop Unit,18.0,142.08841127467304
257.11,,24.75,19.47,Residential,Split AC,25.72,3325.53
184.22,34.0,21.98,12.0,Residential,Heat Pump,23.92,2003.3
86.21,18.0,31.65,29.44,Residential,Rooftop Unit,24.31,1523.01
238.11,45.0,13.93,7.91,Office,Heat Pump,20.83,6309.63
291.1353652484426,6.0,6.35,30.0,Hospital,Central AC,18.07,137.13627187362397
325.22,25.0,13.63,5.15,Residential,Central AC,19.59,6952.36
28.49,5.0,14.9,10.97,,Central AC,21.11,936.02
51.43,9.0,14.64,15.68,Office,Split AC,22.62,1104.38
42.06,12.0,43.48,5.74,OFFICE,Heat Pump,24.98,1542.93
24.54,6.0,29.14,12.13,Office,VRF,25.97,505.1
46.55,5.0,24.52,4.71,Residential,Central AC,24.51,522.15
15.58,3.0,11.76,21.69,Office,VRF,22.22,324.08
13.68,4.0,16.73,15.04,Educational,Central AC,19.63,272.08
14.46,6.0,31.67,11.64,Educational,Split AC,,497.04
146.76,1.0,31.26,12.45,Residential,VRF,25.16,9814.243813379284
43.24,18.0,7.62,5.77,Residential,Central AC,18.42,1747.25
12.77,6.0,21.84,11.98,Educational,Split AC,22.81,302.69
152.11,40.0,19.94,7.22,Residential,Rooftop Unit,22.91,3888.29
58.9,14.0,29.88,30.0,Educational,Central AC,27.27,847.72
77.44,16.0,34.13,8.07,Commercial,VRF,23.16,2354.08
16.56,4.0,32.13,7.0,Residential,VRF,25.12,377.33
15.68,5.0,11.08,13.6,Hospital,VRF,19.61,569.98
24.39,6.0,20.28,21.6,Hospital,Rooftop Unit,20.03,706.95
75.92,20.0,30.12,12.97,Residential,Split AC,24.68,1782.58
22.22,8.0,17.89,10.09,Commercial,VRF,18.44,575.8
27.62,4.0,32.17,20.8,Residential,Split AC,24.99,510.1
14.35,5.0,22.69,22.69,Educational,Central AC,22.23,322.84
14.94,6.0,14.96,13.93,Residential,VRF,22.77,292.84
119.04,40.0,32.02,11.57,Hospital,Split AC,26.07,5669.69
16.15,2.0,-51.07475627086906,15.91,Hospital,VRF,21.37,288.67
100.61,31.0,27.69,18.32,Residential,VRF,24.56,1645.1
48.64,11.0,18.75,16.44,Residential,VRF,18.0,547.37
49.07,16.0,41.75,14.02,Educational,VRF,26.56,-366.26936940790154
13.11,1.0,25.35,5.63,Commercial,Heat Pump,24.54,154.73
26.2,2.0,36.02,17.13,Residential,Split AC,25.31,586.8
71.85,16.0,21.47,20.84,Office,Split AC,23.38,1184.04
46.25,5.0,18.39,17.92,Residential,Heat Pump,18.71,357.94
40.14,8.0,33.89,23.82,Office,Split AC,25.17,957.69
115.42,28.0,33.55,-4.062988475423129,Office,Heat Pump,22.99,3428.64
34.29,8.0,25.57,5.53,Educational,Split AC,23.61,745.19
67.11,20.0,39.06,16.99,Office,VRF,24.36,2150.8
156.31401458112225,39.0,38.13,30.0,Educational,VRF,24.43,59.947351462652534
80.0,20.0,27.46,13.0,Hospital,HEAT PUMP,24.61,2019.47
54.67,8.0,31.15,17.93,Educational,VRF,22.25,
73.73,14.0,15.68,13.51,Office,Central AC,20.4,2005.25
65.42,10.0,18.19,19.0,Residential ,Central AC,20.24,923.4
208.9721821280522,2.0,32.11,11.25,Commercial,Central AC,25.95,91.98915609914084
24.78,6.0,26.25,14.33,Office,Split AC,23.46,401.4
69.93,7.0,15.2,14.93,Educational,Central AC,18.0,1319.02
197.35,26.0,20.64,9.82,Residential,Split AC,22.12,2991.38
26.72,8.0,31.68,15.33,Residential,Central AC,24.53,
16.940746768439407,95.0,22.28,14.53,Residential,Central AC,23.72,1016.02
111.38,24.0,32.02,11.01,Residential,Rooftop Unit,65.31619756422944,2889.23
123.51,13.0,73.06679661712623,9.59,Office,Central AC,26.31,2967.44
27.03,8.0,20.53,6.28,Residential,Central AC,22.11,570.74
199.02,15.0,11.16,9.48,Hospital,Central AC,81.45281060104016,8585.96
79.07,19.0,16.96,11.69,Educational,Split AC,20.09,1684.75
79.23,17.0,34.98,7.39,Commercial,Split AC,24.08,3358.58
57.36,13.0,21.15,16.68,Educational,Heat Pump,20.55,699.6
14.121875313465004,100.0,28.81,21.43,Office,Central AC,23.78,505.77
42.61,19.0,25.99,14.58,Office,Rooftop Unit,25.24,1380.11
23.55,8.0,25.22,17.89,Educational,Central AC,25.03,490.14
23.48,5.0,44.82,9.34,Educational,Central AC,30.0,1177.81
95.99,38.0,33.33,14.73,Office,Split AC,26.32,3096.68
51.32,17.0,42.3,13.36,Commercial,Split AC,25.73,2955.44
57.03,14.0,36.28,20.38,Office,Central AC,27.65,1814.66
16.54,2.0,21.94,9.77,Commercial,VRF,23.19,301.07
16.05,5.0,32.84,11.29,Residential,Split AC,24.99,479.05
71.72,9.0,25.44,16.35,Commercial,Split AC,22.06,1359.61
25.71,8.0,22.37,10.54,Residential,Central AC,23.86,599.56
20.8,6.0,21.75,14.98,Residential,Split AC,-16.347796705212872,377.94
22.83,3.0,40.72,10.12,Commercial,Central AC,28.94,-324.4915347773464
87.13,11.0,16.86,18.9,Office,Central AC,19.02,1591.78
11.97,3.0,30.65,18.18,Residential,Split AC,26.02,258.78
22.54,4.0,25.19,9.3,Residential,VRF,25.58,297.32
130.22,11.0,16.1,10.76,Educational,,18.0,2149.88
125.07,23.0,24.36,30.0,Educational,Split AC,23.87,1717.16
38.87,14.0,22.78,15.34,Residential,VRF,24.67,558.21
294.44,25.0,27.19,9.11,Residential ,Central AC,25.2,5247.69
16.215578684967202,100.0,29.07,11.47,Hospital,Central AC,25.68,3363.62
10.61,2.0,28.36,12.37,Office,Split AC,28.2,304.57
22.17,1.0,33.29,16.81,Residential,VRF,26.11,286.61
51.14,8.0,19.7,13.42,Residential,Heat Pump,-17.35706309922278,576.5
163.2,26.0,31.7,17.41,Hospital,Split AC,22.61,5210.02
18.27,5.0,31.2,14.67,Educational,Split AC,24.9,492.19
42.85,5.0,27.23,20.59,Commercial,Split AC,26.13,564.25
123.97,35.0,27.75,5.01,Residential,Rooftop Unit,25.28,3178.21
48.42,11.0,22.52,8.83,Residential,Split AC,24.67,683.72
177.62,25.0,63.78029546441259,19.69,Commercial,Split AC,25.53,4240.76
50.22,8.0,23.04,25.63,Educational,Rooftop Unit,22.99,746.45
20.11,6.0,29.42,7.05,Educational,Central AC,26.09,483.19
160.08,17.0,25.87,7.31,Residential,Split AC,24.36,2228.73
158.8,36.0,16.77,8.32,Residential,Split AC,18.0,3122.47
60.61,16.0,6.98,8.39,Educational,VRF,21.72,1385.89
165.02,23.0,25.64,17.66,,Split AC,23.9,2044.34
32.7,8.0,-62.825961900318404,7.7,Educational,Central AC,22.39,612.96
20.51,3.0,10.73,7.7,Office,Central AC,20.4,790.7
160.15,35.0,21.14,14.49,Commercial,Rooftop Unit,18.86,4080.94
170.51,13.0,37.01,16.92,Commercial,Central AC,27.09,6524.0
90.35,27.0,30.62,18.13,Hospital,Heat Pump,22.6,2777.28
12.76,5.0,34.12,28.729078417027466,Residential,Heat Pump,23.2,12754.142166201817
36.02,9.0,17.25,14.33,Commercial,Heat Pump,22.37,691.86
123.27,12.0,37.01,14.24,Office,Heat Pump,25.89,3134.56
12.29,8.0,23.76,22.19,Educational,Heat Pump,23.41,271.06
76.76,8.0,14.81,11.68,Hospital,Central AC,21.77,2777.42
12.42,1.0,11.19,13.77,Office,Split AC,71.21629600335876,356.01
127.96,31.0,33.44,5.29,Commercial,Split AC,25.18,5104.11
68.29,1.0,27.79,13.51,Residential,Central AC,27.55,8541.448092683364
13.18,1.0,22.53,30.0,Office,Central AC,22.36,137.12
16.64,2.0,41.51,17.21,Commercial,Central AC,27.58,752.24
172.54,23.0,25.71,13.98,Office,,24.18,3469.34
139.42,1.0,34.2,5.49,Office,Central AC,27.87,12422.521271735095
16.88,3.0,13.09,21.84,Office,Central AC,18.04,358.91
63.31,9.0,19.55,13.75,Office,VRF,20.36,696.33
94.23,-9.0,32.99,8.27,Educational,Central AC,26.11,3798.61
70.08,15.0,23.11,8.57,office,Rooftop Unit,23.85,1381.88
29.81,8.0,38.49,24.22,Commercial,Heat Pump,,798.37
27.74,2.0,25.25,0.15968246876662992,Educational,Central AC,25.22,14903.807258053974
10.74,5.0,24.14,17.73,Commercial,VRF,24.39,233.84
217.829663269923,5.0,23.23,11.74,Hospital,Split AC,22.66,123.79073775906971
35.13,19.0,19.23,21.66,Commercial,Split AC,21.48,1108.22
14.91,3.0,33.36,16.51,Office,Split AC,25.24,575.09
21.52780245901152,6.0,20.22,30.0,Office,VRF,20.31,15185.902418285945
26.8,8.0,24.59,18.66,Commercial,Rooftop Unit,26.57,709.57
125.21,27.0,18.45,22.62,Hospital,VRF,19.11,2179.04
265.9894224946524,8.0,17.21,14.52,Commercial,Rooftop Unit,20.67,80.46789728011471
161.0,17.0,28.23,11.41,Office,Split AC,26.88,2937.6
23.84,2.0,14.17,21.24,Residential,Central AC,18.56,320.16
105.95,23.0,18.9,22.27,Commercial,vrf,20.71,1667.81
76.69,8.0,18.31,10.29,Educational,,18.0,1324.68
78.71,20.0,15.11,7.26,Office,Split AC,18.0,1690.43
178.4,31.0,27.82,15.76,Hospital,Heat Pump,24.58,4316.55
88.79,27.0,21.35,19.64,Office,Split AC,24.34,1630.76
21.98,2.0,21.77,19.48,Residential,Central AC,20.49,10953.820441839465
20.57,4.0,35.98,20.22,Commercial,Central AC,27.67,664.15
25.88,8.0,23.45,9.8,Commercial,Central AC,23.96,665.17
36.34,5.0,18.38,16.97,Residential,Central AC,19.92,481.9
18.70465178555016,70.0,5.0,18.36,Residential,Central AC,18.0,4572.56
27.37,7.0,18.38,25.37,Residential,Central AC,20.28,452.07
183.19,36.0,7.23,13.85,Residential,Central AC,18.0,5054.28
,2.0,18.58,6.12,Office,Rooftop Unit,20.77,290.91
179.05,19.0,34.32,18.8,Commercial,Heat Pump,23.19,3319.37
21.01,1.0,25.92,18.4,Commercial,Heat Pump,24.78,131.7
86.78,20.0,32.62,17.32,Office,Heat Pump,20.72,2006.61
252.39295556963165,5.0,18.46,9.71,Hospital,Split AC,19.52,117.15613237893855
250.93,21.0,33.24,16.35,Residential,Central AC,26.36,4728.36
124.55,33.0,24.89,7.37,Commercial,Split AC,23.7,3312.36
322.96,35.0,19.91,7.61,Residential,Split AC,21.4,4409.32
14.170061675425938,105.0,21.24,13.58,Residential,Split AC,20.34,991.29
21.97,4.0,23.38,19.03,Residential,VRF,23.92,280.24
46.33,10.0,19.6,6.61,Office,Split AC,20.34,1053.71
259.45018420769566,11.0,29.95,14.28,Residential,Split AC,25.8,127.02152588371011
42.48,19.0,76.09930907653761,19.01,Residential,Central AC,19.78,1174.93
47.47,10.0,15.04,6.62,Residential,VRF,18.58,741.33
22.04,5.0,46.19352195958381,7.1,Commercial,Split AC,25.39,585.73
27.7,8.0,17.78,23.84,Commercial,Heat Pump,18.0,427.13
38.07,14.0,8.94,0.28339111415088314,Educational,Split AC,20.73,13012.126596646707
324.8,48.0,29.06,13.96,Residential,Heat Pump,25.02,4971.23
137.17,38.0,33.85,5.17,Educational,VRF,25.0,3776.35
281.7277226160963,7.0,33.04,17.26,Commercial,Heat Pump,24.41,181.72086430788372
48.98,11.0,12.55,11.83,Office,Split AC,18.89,1472.76
62.75,15.0,6.79,23.1,Office,Central AC,18.0,2052.58
136.5,16.0,21.33,15.32,Residential,VRF,22.84,1557.34
259.93,44.0,21.17,10.23,Hospital,Central AC,21.37,5909.14
25.66,6.0,26.99,13.32,Educational,Split AC,24.59,445.24
22.8,3.0,31.35,25.54,Commercial,Central AC,24.4,477.33
117.64,18.0,23.06,28.33609517285839,Educational,VRF,22.18,10129.418398076557
57.86,20.0,15.85,22.78,Commercial,vrf,18.52,1091.42
50.78,16.0,31.92,17.25,Office,Heat Pump,21.63,1372.2
195.38,15.0,25.27,8.84,Office,Rooftop Unit,24.88,3274.29
60.44,15.0,35.73,15.32,Residential,Central AC,26.06,1914.2
138.17,29.0,26.68,17.12,Residential,Central AC,24.97,2307.22
10.47,3.0,25.6,20.41,Residential,Split AC,23.91,168.55
19.11,1.0,32.07,30.0,Residential,Rooftop Unit,25.92,281.74
13.98,4.0,14.26,-4.758930672365294,Residential,VRF,22.36,243.25
57.67,16.0,-58.83648641388196,6.59,Residential,Central AC,27.8,2077.48
27.28,8.0,26.4,16.36,Hospital,VRF,22.96,647.21
60.11,18.0,36.21,14.95,Office,Central AC,25.4,2273.9
194.93,35.0,55.00199595142429,14.18,Hospital,Central AC,24.77,6207.77
149.18,16.0,42.16,9.3,Educational,,27.61,6825.41
15.66,3.0,5.0,9.44,Office,Central AC,18.12,833.47
19.02,1.0,35.21,14.5,Office,Heat Pump,24.65,460.09
34.18,17.0,12.3,12.2,Residential,Heat Pump,21.29,921.25
51.1,13.0,83.75952357921945,13.54,Residential,Split AC,21.47,1242.73
99.57,24.0,22.34,7.3,Office,Heat Pump,23.98,2041.28
19.55,3.0,24.07,18.44,Commercial,VRF,24.18,231.65
18.92252763030578,128.0,25.99,18.75,Commercial,Split AC,25.45,1138.89
69.63,12.0,13.89,16.88,Educational,Heat Pump,21.05,1005.19
13.8,6.0,27.63,16.44,Educational,Central AC,26.24,329.3
49.21,20.0,25.91,10.36,Educational,VRF,23.95,939.23
66.68,11.0,27.51,15.89,Commercial,Central AC,26.53,1581.17
54.36,10.0,23.13,7.77,Residential,Split AC,21.86,909.7
158.08,16.0,9.45,11.85,Residential,Central AC,18.0,3893.17
18.97,4.0,15.61,23.4,Educational,Heat Pump,19.95,214.38
60.07,14.0,32.19,7.19,Office,Heat Pump,23.65,1514.44
45.12,14.0,30.38,9.72,Residential,VRF,22.96,886.2
42.24,17.0,32.65,17.44,Residential,Central AC,26.17,1264.73
72.39,-9.0,42.03,12.65,Educational,Rooftop Unit,30.0,2397.67
23.78,5.0,15.78,24.17,Educational,Split AC,18.0,311.24
66.93,13.0,22.16,11.92,Office,Split AC,22.59,1455.86
35.39,10.0,38.03,15.23,Commercial,Split AC,25.53,1604.12
31.13,20.0,17.25,7.21,Office,Split AC,19.96,1207.35
15.69,7.0,14.19,4.38,Office,Heat Pump,19.67,475.38
25.25,1.0,28.3,9.89,Office,Central AC,26.69,438.52
81.55,29.0,26.09,8.91,Office ,Rooftop Unit,23.9,2426.37
50.13,6.0,33.68,11.17,Hospital,Central AC,67.63041955165802,2119.73
18.77,7.0,,18.87,Office,Central AC,26.45,525.36
71.17,19.0,11.65,16.25,Educational,Heat Pump,22.07,1322.53
71.91,18.0,13.24,12.66,Office,Central AC,20.13,2700.07
10.46,7.0,24.17,17.74,Hospital,Heat Pump,23.63,348.52
70.81,7.0,18.64,15.97,Commercial,Heat Pump,18.28,949.47
193.16,25.0,33.55,11.96,Residential,Central AC,25.51,4814.5
37.49,14.0,6.85,-1.899184565960563,Residential,Split AC,18.0,1328.82
56.92,10.0,23.8,13.21,Residential,Rooftop Unit,22.17,893.8
38.71,16.0,27.51,8.26,Residential,VRF,25.04,859.26
78.53,8.0,27.71,13.21,Commercial,Split AC,24.42,1548.75
49.18,2.0,30.94,25.83,Educational,Split AC,24.43,9206.363728410357
77.16,19.0,25.96,7.67,Residential,Rooftop Unit,22.21,1964.41
57.44,17.0,12.91,14.9,Office,VRF,19.92,1651.71
19.13,2.0,20.85,14.26,Office,Rooftop Unit,22.54,376.15
55.3,5.0,36.52,9.85,Educational,Split AC,26.67,1627.62
14.51,7.0,28.51,8.06,Office,Split AC,24.78,516.01
63.37,5.0,34.71,20.36,Hospital,VRF,22.53,1727.98
34.51,9.0,9.21,13.59,Office,Split AC,20.28,1172.58
16.83,7.0,25.55,15.58,Residential,Heat Pump,24.21,218.78
29.74,8.0,16.0,,Residential,Split AC,19.09,576.76
43.76,5.0,25.32,30.0,Residential,Central AC,24.82,451.84
29.05,3.0,5.84,11.19,Hospital,Split AC,18.77,1604.9
23.76,6.0,33.32,16.35,Commercial,Split AC,26.38,808.75
47.96,15.0,31.82,17.69,Commercial,Heat Pump,22.65,1156.34
19.29,1.0,19.95,18.31,Hospital,Central AC,19.5,247.84
49.95,5.0,29.05,7.71,Residential,Central AC,28.03,952.14
12.27,7.0,33.65,14.23,Commercial,Split AC,24.62,538.6
14.67,6.0,15.34,0.2890171397066188,Office,Heat Pump,18.88,12073.275571592276
23.64,6.0,40.04,15.51,Office,VRF,25.97,721.05
20.03,6.0,20.47,7.68,Residential,Central AC,20.08,416.67
199.68,24.0,18.33,4.66,Educational,Central AC,18.14,3308.72
30.98,6.0,26.15,14.87,Residential,Heat Pump,22.0,351.16
13.56,4.0,19.25,,Educational,Split AC,21.65,220.95
65.15,12.0,18.75,10.27,Hospital,Central AC,20.58,1678.33
79.02,7.0,38.73,21.46,Office,Heat Pump,23.36,1449.31
151.44,39.0,22.06,11.71,Office,VRF,19.41,2394.97
37.73,10.0,14.0,16.18,Office,Split AC,20.48,913.36
17.32,8.0,13.76,15.6,Hospital,Split AC,20.48,956.66
17.96,6.0,24.1,25.42,Educational,Central AC,25.77,342.42
121.85,34.0,18.73,14.91,Commercial,Split AC,21.51,3129.47
13.66,3.0,19.54,29.04,Hospital,Split AC,20.66,289.13
12.99,4.0,18.46,10.31,Residential,Heat Pump,20.71,192.98
19.97,1.0,45.0,15.04,,Heat Pump,22.17,503.02
16.0,3.0,5.18,7.62,Hospital,Heat Pump,19.18,631.68
47.22,12.0,21.82,29.42,Office,Split AC,20.19,636.01
14.11,4.0,19.63,15.65,Hospital,Central AC,19.82,354.04
15.97,2.0,27.84,13.7,Residential,Central AC,25.11,260.25
10.76,3.0,14.88,25.03,Residential,Rooftop Unit,18.5,226.89
31.18,8.0,27.65,20.11,Residential,Split AC,25.89,507.94
49.7,8.0,21.88,20.3,Residential,VRF,19.6,543.2
118.51,33.0,43.87,12.47,Residential,VRF,24.75,3823.65
35.95,20.0,26.32,13.32,Residential,VRF,25.54,631.01
58.45,17.0,19.96,11.97,Residential,Rooftop Unit,19.81,1215.66
29.45,4.0,18.99,5.13,Commercial,Split AC,20.83,683.5
116.91,10.0,36.59,15.79,Residential,Central AC,26.32,3250.3
26.84,2.0,31.8,11.27,,Rooftop Unit,25.9,649.57
17.58,5.0,25.8,22.09,Commercial,Split AC,27.41,333.96
50.97,5.0,20.46,6.0,Educational,Rooftop Unit,20.22,758.98
18.83,4.0,36.33,12.87,Commercial,Rooftop Unit,28.1,875.85
15.5,8.0,21.63,11.01,Commercial,Heat Pump,22.79,438.7
240.92,37.0,29.98,8.15,Educational,Central AC,25.31,6510.28
30.44,12.0,27.26,20.49,Educational,Central AC,26.58,715.69
25.76,1.0,29.41,22.51,Hospital,Central AC,28.56,508.82
23.21,6.0,41.77,20.57,Residential,VRF,24.26,667.69
124.66,23.0,25.26,14.79,Commercial,Split AC,26.41,2013.98
44.14,10.0,14.94,15.61,Commercial,Split AC,20.9,1225.52
30.09,7.0,32.59,12.93,Office,Central AC,23.84,922.28
21.55,3.0,28.86,14.01,Residential,Central AC,26.93,398.96
14.94,6.0,14.96,13.93,Residential,VRF,22.77,292.84
39.47,13.0,10.91,18.62,Educational,Rooftop Unit,18.41,1217.56
39.25,6.0,43.16,20.53,Office,Central AC,29.93,1466.02
32.76,7.0,46.34972685064217,18.1,Educational,Split AC,26.15,1092.41
45.47,16.0,21.86,10.46,Residential,VRF,22.9,755.84
29.21,8.0,29.38,19.47,Residential,Central AC,27.56,538.59
28.59,7.0,25.59,10.93,Office,Split AC,22.17,722.95
51.19,9.0,26.81,10.98,Residential,Central AC,24.31,959.15
74.98,18.0,27.27,11.56,Educational,Central AC,26.35,1543.47
78.56,10.0,27.72,-1.7583638398523593,Hospital,Central AC,23.94,2084.34
198.06,21.0,11.89,17.72,Educational,Central AC,19.55,4737.43
36.9,14.0,39.4,4.63,Commercial,VRF,23.95,1955.77
40.32,5.0,34.9,14.55,Residential,Heat Pump,25.13,648.4
160.78,10.0,17.02,20.63,Residential,VRF,18.53,1228.84
125.07,34.0,31.83,16.06,Office,Central AC,,3780.82
58.62,16.0,35.08,4.8,Residential,Central AC,27.65,1947.34
49.37,19.0,30.4,10.64,Residential,Heat Pump,24.75,885.94
10.06,1.0,41.88,12.76,Residential,Rooftop Unit,29.31,339.03
26.78,6.0,7.25,11.57,Hospital,Split AC,18.93,1377.69
59.92,8.0,36.26,16.66,,Split AC,25.21,1525.33
25.33,-7.0,19.12,10.59,Office,Rooftop Unit,20.79,576.6
20.12,4.0,17.22,23.28,Residential,Split AC,19.1,278.72
267.57,50.0,30.55,30.0,Commercial,Heat Pump,20.35,4500.73
51.35,16.0,24.13,13.04,Residential,Split AC,22.04,1027.63
11.35,8.0,25.93,12.89,Residential,VRF,23.39,265.81
17.57,6.0,28.73,5.86,Residential,Split AC,24.82,563.76
101.15,27.0,33.1,30.0,Residential ,Heat Pump,25.03,1602.39
39.44,14.0,20.09,13.56,Office,Heat Pump,22.39,746.84
78.55,17.0,26.35,9.99,Residential,,22.65,1457.85
28.08,7.0,15.71,21.39,Commercial,Central AC,18.19,780.67
29.54,6.0,20.05,23.17,Educational,Split AC,21.42,524.73
24.85,7.0,29.23,4.1,Office,VRF,25.86,541.77
86.46,18.0,28.72,13.0,Residential,Split AC,27.03,1446.72
39.04,2.0,22.97,10.56,Commercial,Rooftop Unit,21.89,9131.43195180469
24.59,2.0,32.34,19.24,Office,VRF,25.11,381.18
33.12,20.0,23.82,7.36,Commercial,Rooftop Unit,22.56,1641.96
79.04,16.0,17.26,14.08,Office,Central AC,-14.333751114985281,1905.61
49.35,16.0,23.55,9.77,Commercial,Split AC,23.79,1405.46
78.83,16.0,12.79,0.3921115128713416,Residential,Central AC,19.72,9920.53339355715
63.83,17.0,25.26,18.96,,Central AC,22.97,1305.94
12.11,5.0,20.45,12.91,Educational,VRF,20.63,259.68
76.18,7.0,16.35,28.55,Commercial,Split AC,19.68,1148.98
13.85,7.0,33.27,7.63,Office,Rooftop Unit,26.53,728.23
82.79,11.0,58.14428205405797,6.92,Office,Split AC,20.94,2451.05
17.205460896466413,10.0,5.0,13.87,Commercial,Split AC,18.0,12303.38431146798
22.24,-4.0,31.3,22.19,Residential,Central AC,26.66,385.55
186.77,19.0,14.97,11.23,Commercial,Split AC,19.86,4575.61
64.43,17.0,14.46,8.12,,Heat Pump,21.99,1322.58
17.03,8.0,8.62,6.32,Commercial,VRF,20.63,778.16
76.44,20.0,8.73,8.75,Residential,Heat Pump,22.24,1888.43
55.38,13.0,20.26,11.55,Office,Rooftop Unit,23.39,1321.96
50.69,8.0,10.1,12.46,OFFICE,Central AC,19.1,1976.09
32.99,16.0,30.16,8.79,Office,Central AC,24.42,1558.45
129.23,25.0,16.57,12.06,Hospital,Heat Pump,18.0,2228.24
64.36,19.0,33.17,13.54,Office,VRF,84.85555955747667,1414.98
73.0,11.0,25.29,19.36,Educational,Split AC,24.41,1152.93
27.18,3.0,23.28,0.8815020510086777,Residential,Heat Pump,22.36,14038.85270267787
184.84,18.0,21.9,6.09,Hospital,Central AC,22.95,4581.65
62.98,11.0,6.33,8.92,Residential,Split AC,19.45,2091.81
14.9,1.0,25.56,6.39,Residential,Heat Pump,22.91,104.46
13.16,5.0,17.74,18.76,Educational,VRF,19.25,243.69
189.12,39.0,30.96,16.02,Commercial,Split AC,24.09,5423.06
59.86,6.0,20.5,12.94,Residential,Heat Pump,22.6,609.41
12.68,8.0,12.35,26.73,Office,Heat Pump,21.75,387.7
26.35,8.0,20.33,9.27,Educational,Split AC,19.86,497.11
236.62700240727293,7.0,21.56,7.47,Commercial,Split AC,22.57,25.025753711421892
283.13,2.0,24.19,17.64,Educational,VRF,23.12,11090.959377388892
189.73,35.0,6.05,13.18,Residential,Central AC,18.47,5704.79
64.14,14.0,32.0,11.75,Residential,Heat Pump,66.58989202660887,1257.49
75.82,15.0,23.98,12.88,Educational,VRF,24.49,999.6
303.94,31.0,32.06,20.17,Commercial,Split AC,23.64,6996.18
172.8,37.0,23.97,6.85,Hospital,Split AC,22.8,4882.76
10.58,3.0,26.82,22.28,Educational,,24.98,172.31
15.35,8.0,29.68,11.78,Hospital,Rooftop Unit,25.42,744.83
16.12,2.0,28.42,13.96,Commercial,VRF,25.13,261.27
37.06,9.0,40.12,12.68,RESIDENTIAL,Split AC,25.58,1319.47
13.8,4.0,37.96,17.88,Residential,Heat Pump,24.51,311.85
183.6,28.0,14.61,17.87,Commercial,Central AC,21.08,5470.88
20.29962280549991,74.0,22.61,10.4,Educational,Heat Pump,23.97,743.71
161.99,34.0,20.32,11.69,Residential,Split AC,20.58,2255.92
15.47,8.0,28.85,11.36,Educational,Heat Pump,23.78,331.89
14.5,8.0,19.17,13.53,Educational,Split AC,20.61,385.82
24.606159073578546,26.0,24.78,6.4,Residential,Split AC,23.13,13367.416265177966
64.45,-5.0,30.01,11.31,Educational,Heat Pump,23.34,1091.78
74.11,14.0,18.27,24.59,Residential,Rooftop Unit,18.88,1046.17
22.46,8.0,25.08,21.48,Residential,Heat Pump,20.71,361.5
26.54,6.0,31.1,-3.701326286852433,Residential,Split AC,26.14,504.39
35.63,12.0,32.95,-5.10840043234013,Office,Split AC,24.94,1380.98
27.51,5.0,14.48,9.52,Commercial,Central AC,19.33,1001.26
43.36,13.0,5.0,10.47,Residential,Heat Pump,21.37,1087.37
15.054522287595063,19.0,43.29,12.85,Commercial,Rooftop Unit,28.1,13927.789551329806
54.31,13.0,18.7,9.67,Residential,Split AC,19.46,1028.28
32.97,10.0,19.86,17.29,Hospital,Central AC,21.08,962.09
246.7204106994354,5.0,32.14,17.95,Commercial,Rooftop Unit,25.41,187.88062930125625
70.71,15.0,32.23,11.07,Educational,Split AC,23.59,2471.53
67.3,14.0,32.0,18.71,Commercial,Heat Pump,24.52,1448.88
19.10223108394961,5.0,20.74,22.68,Hospital,Central AC,20.07,10084.646859112956
13.89,3.0,20.61,9.44,Commercial,Central AC,20.11,380.4
22.84,2.0,-56.71671888908485,13.1,Commercial,Central AC,18.0,941.34
13.005617902384387,106.0,27.72,17.53,Educational,VRF,24.62,802.6
13.56,6.0,10.95,15.59,Residential,Split AC,21.31,384.32
22.02,8.0,13.8,6.0,Office,Rooftop Unit,20.79,984.63
19.04,8.0,16.68,8.1,Educational,Central AC,19.28,702.6
17.57,6.0,12.58,14.21,Office,VRF,21.69,605.48
226.95,40.0,40.14,19.53,Educational,Split AC,27.15,6393.23
25.98,2.0,34.81,13.3,Residential,VRF,23.6,481.19
193.97,26.0,9.02,13.33,Educational,Heat Pump,20.34,4818.59
24.31,5.0,25.38,15.35,Office ,Central AC,24.73,488.52
15.8,2.0,37.84,10.7,Commercial,Rooftop Unit,27.08,614.57
24.66,3.0,26.35,17.02,Commercial,Split AC,24.27,415.27
,3.0,23.67,17.82,Commercial,Heat Pump,22.34,292.21
50.46,20.0,18.67,19.37,Residential,Rooftop Unit,19.41,1293.5
25.26,3.0,25.86,6.83,Office,Split AC,26.5,440.24
336.81,28.0,18.16,10.29,Hospital,Central AC,18.0,7733.66
192.08,10.0,26.18,26.04,Office,Central AC,24.6,2214.66
234.4,32.0,45.0,21.49,Hospital,Central AC,29.85,11844.43
179.09,28.0,10.93,18.85,Hospital,Rooftop Unit,19.0,7677.39
65.31,10.0,30.77,25.16,Hospital,Split AC,23.41,1720.53
117.62,22.0,23.14,5.95,Residential,Heat Pump,21.11,1427.47
27.4,5.0,14.79,4.86,Office,Central AC,20.01,1009.62
32.28,12.0,5.07,21.63,Educational,Rooftop Unit,18.0,1335.05
121.37,17.0,26.41,9.75,Hospital,,22.97,3676.17
22.33,7.0,14.19,27.84,Office,Central AC,19.73,627.8
186.18,30.0,22.28,8.63,Office,Split AC,23.32,3263.56
146.14,12.0,42.09,11.59,Office,Split AC,-18.682794275451805,7049.74
18.99,1.0,35.27,18.78,Commercial,VRF,23.61,470.74
28.6,1.0,32.67,15.27,Residential,Split AC,26.67,432.24
57.79,20.0,10.51,10.47,Residential,,19.06,2121.53
38.47,13.0,28.19,13.21,Residential,VRF,27.18,748.31
52.2,10.0,18.95,17.68,Office,Rooftop Unit,19.62,1042.02
183.94,37.0,22.14,12.81,Hospital,Heat Pump,22.31,3574.66
39.91,20.0,42.5,11.86,Hospital,VRF,23.45,2857.42
61.3,18.0,26.23,8.53,Office,Split AC,24.87,1525.97
14.59,8.0,30.11,15.82,Residential,Rooftop Unit,24.88,658.04
24.39,1.0,23.67,20.8,Residential,Central AC,24.88,218.6
159.09,24.0,33.6,7.43,Educational,Central AC,26.06,5962.28
76.58,,20.05,8.12,Commercial,Central AC,21.52,1541.27
142.65,37.0,21.3,6.69,Residential,Rooftop Unit,20.04,2883.25
96.91,31.0,19.46,6.46,Residential,Rooftop Unit,21.44,2383.93
86.61,35.0,37.04,7.63,Office,Split AC,26.81,4589.95
70.95,5.0,15.77,19.43,Commercial,Central AC,19.93,1130.86
77.78,7.0,29.08,28.1,Commercial,Rooftop Unit,26.02,1535.45
75.57,17.0,42.94,8.44,Educational,VRF,23.25,3083.79
57.51,12.0,33.95,20.02,Office,VRF,26.05,1197.38
22.65,7.0,21.32,8.09,Residential,Central AC,19.77,605.03
15.81,7.0,28.63,21.8,Office,Heat Pump,27.07,309.51
77.54,10.0,26.39,24.36,Residential,Central AC,25.14,890.49
27.52,3.0,31.41,14.15,Commercial,Heat Pump,22.89,569.36
24.55,3.0,42.42,14.22,Office,Split AC,28.93,1075.61
22.51,2.0,8.36,12.22,Residential,Split AC,18.0,570.29
286.53148080859245,10.0,26.62,24.07,Residential,Heat Pump,24.64,95.19477958498209
94.95,26.0,34.96,9.89,Educational,Rooftop Unit,28.14,3637.1
41.17,14.0,5.0,11.72,Educational,VRF,21.7,1435.87
35.84,17.0,19.6,13.65,Hospital,VRF,21.69,1342.59
77.19,9.0,35.45,13.33,Residential,VRF,23.16,1955.19
13.22,5.0,17.46,26.22,Residential,Heat Pump,20.4,138.08
29.15,2.0,18.9,18.33,Residential,Central AC,19.31,286.74
155.06,40.0,14.33,25.5,Office,VRF,19.96,2768.51
69.2,19.0,27.01,5.87,Hospital,Heat Pump,24.69,2000.23
19.22,3.0,25.4,12.03,Hospital,Split AC,25.26,499.24
27.55,5.0,26.65,13.25,Residential,Rooftop Unit,24.44,460.38
35.29,7.0,12.41,14.16,Office,Split AC,22.01,1109.42
31.1,9.0,23.62,11.98,Residential,Split AC,23.78,607.83
29.29,4.0,18.01,12.81,Office,VRF,20.59,437.0
25.2,5.0,17.62,3.22,Hospital,Heat Pump,20.32,648.58
31.55,6.0,28.64,17.21,Educational,VRF,25.64,481.71
52.0,12.0,35.06,30.0,Educational,Central AC,24.73,1289.61
199.71,37.0,31.64,6.58,Educational,Split AC,24.28,6035.48
60.25,18.0,30.08,-7.3787220611334385,Office,Split AC,25.7,1608.67
66.29,16.0,20.6,14.16,Educational,Split AC,20.48,1225.92
12.2,5.0,33.79,14.19,Office,Heat Pump,25.1,300.36
70.68,15.0,11.83,18.79,Office,Split AC,19.72,1419.85
36.32,6.0,15.23,8.48,Commercial,central ac,18.0,1105.45
50.72,20.0,24.92,20.61,Hospital,Split AC,23.39,1676.63
38.69,14.0,20.29,8.0,Residential,Rooftop Unit,21.76,1041.88
96.6,39.0,29.78,14.11,Office,Heat Pump,25.21,2284.72
20.41,5.0,,9.66,Commercial,Split AC,22.3,761.72
67.84,13.0,21.82,5.07,Residential,Central AC,22.79,1502.9
276.1273167361208,13.0,15.92,16.84,Commercial,Split AC,20.18,69.86531537054866
10.82,6.0,14.01,12.92,Residential,Split AC,19.51,300.48
23.81,7.0,26.02,15.74,Hospital,VRF,21.48,545.18
75.07,14.0,33.36,11.99,Commercial,Split AC,26.64,2881.47
110.08,25.0,26.0,23.47,Hospital,VRF,23.1,2907.66
62.77,14.0,53.89444215618935,9.58,Commercial,Central AC,22.1,1921.04
25.96,2.0,13.07,10.14,Office,Split AC,20.32,660.97
17.7,5.0,21.7,13.18,Commercial,Heat Pump,20.41,315.81
47.69,6.0,19.74,28.763025667082267,Educational,Split AC,20.64,10004.671589239439
12.56,1.0,42.33,10.74,Residential,Split AC,28.15,396.05
18.86,8.0,16.81,16.45,Educational,Split AC,19.35,434.02
12.91,8.0,24.42,13.59,Office,Central AC,22.66,388.0
138.68,23.0,23.59,13.53,Hospital,Split AC,22.22,3435.08
335.47,26.0,40.63,21.49,Residential,Split AC,26.79,6709.09
70.77,17.0,27.27,16.77,Office,Split AC,26.99,1607.92
163.21,34.0,18.37,7.39,Office,Heat Pump,18.15,2328.74
96.82,27.0,33.97,6.01,Residential,Split AC,26.99,3181.45
48.65,15.0,28.29,11.87,Residential,Heat Pump,24.77,747.96
63.27,12.0,21.1,29.08,Hospital,Rooftop Unit,20.64,1569.25
10.54,5.0,23.27,20.08,Educational,Split AC,23.01,201.12
14.3,5.0,39.21,7.38,Office,Central AC,26.84,741.64
78.68,9.0,31.77,6.12,Office,Central AC,24.5,2320.28
56.47,1.0,21.03,24.48,Office,Central AC,21.24,8211.82012564604
145.35,20.0,31.64,6.68,Residential,Central AC,25.31,3872.48
62.57,6.0,23.47,12.45,Hospital,Rooftop Unit,22.9,-483.1899164734667
18.23,3.0,18.46,8.34,Hospital,Rooftop Unit,19.85,484.31
10.92,1.0,16.83,,Residential,Heat Pump,18.0,60.54
61.63,18.0,24.07,13.14,Office,VRF,22.84,1097.61
167.76,16.0,40.58,16.62,Residential,Central AC,26.22,4657.41
58.94,16.0,12.22,18.76,Residential,vrf,19.58,976.85
38.65,18.0,14.51,13.6,Educational,VRF,22.12,878.39
70.45,9.0,28.26,7.89,Commercial,VRF,25.47,1479.05
108.3,27.0,31.62,20.64,Commercial,VRF,22.99,3251.66
40.3,5.0,5.0,7.82,Residential,Split AC,18.0,1274.7
28.13,7.0,15.7,7.75,Commercial,Heat Pump,18.0,674.6
42.31,9.0,22.0,12.01,Educational,Heat Pump,19.82,599.02
17.05,1.0,19.39,15.7,Office,Split AC,22.0,320.5
63.01,15.0,29.28,14.2,Commercial,Rooftop Unit,27.1,1856.83
14.51,3.0,23.19,15.6,Hospital,Central AC ,21.42,398.28
35.28,16.0,27.8,10.17,Residential,Split AC,25.86,756.44
169.83,20.0,19.08,10.86,Educational,Split AC,20.91,2775.52
311.3388530045338,31.0,19.85,13.34,Commercial,VRF,23.21,34.72601654588714
21.63,8.0,10.22,9.93,Commercial,Rooftop Unit,18.0,1093.72
56.87,18.0,38.0,22.68,Residential,VRF,23.65,1087.48
70.54,12.0,18.45,20.63,Educational,Central AC,19.44,1224.53
44.32,7.0,29.46,13.02,Educational,Rooftop Unit,28.07,899.0
194.47,31.0,39.18,14.28,Office,Heat Pump,24.36,6046.56
43.44,16.0,22.58,21.8,Office,Central AC,20.95,1159.68
43.4,16.0,19.29,10.67,Commercial,Heat Pump,19.12,904.11
18.24538742467901,105.0,13.5,4.88,Educational,Split AC,20.74,712.08
44.23,14.0,25.92,9.47,Hospital,Central AC,23.62,1542.88
79.39,7.0,11.25,13.21,Educational,VRF,22.23,1674.02
29.23,3.0,51.588574856755876,7.59,Residential,Rooftop Unit,25.41,729.38
22.74,4.0,12.88,9.97,Residential,Split AC,20.03,515.8
58.37,20.0,29.9,10.75,Office,Rooftop Unit,27.03,1759.67
15.48,2.0,16.77,30.0,Residential,Split AC,18.97,137.85
58.8,17.0,41.06,15.87,Residential,Split AC,27.09,1972.42
123.6,15.0,18.14,17.14,Commercial,VRF,18.0,1483.68
17.33,1.0,30.86,30.0,Educational,Central AC,24.91,212.22
25.33,7.0,26.08,10.73,Educational,Split AC,24.07,472.75
24.97,8.0,21.85,22.08,Office,Central AC,22.97,495.24
147.23,37.0,33.2,25.88,Residential,Heat Pump,25.64,1966.15
25.78,4.0,22.33,-1.140332325453457,Commercial,Heat Pump,22.76,326.65
39.65,13.0,14.44,8.95,Commercial,Rooftop Unit,19.84,1619.35
45.18,17.0,26.94,11.64,Residential,Split AC,26.5,1109.51
35.87,-8.0,16.68,12.19,Residential,Split AC,19.07,884.58
-47.8867310115444,8.0,32.64,4.4,Educational,Heat Pump,23.29,1160.86
19.33,7.0,5.59,24.58,Hospital,VRF,21.23,733.79
13.01,-3.0,42.29,12.49,Commercial,VRF,22.27,818.07
38.47,14.0,19.03,21.64,Residential,Central AC,20.01,661.97
43.01,8.0,21.38,20.49,Residential,Central AC,22.48,672.2
38.98,11.0,29.36,26.02,Office,Rooftop Unit,27.05,818.95
46.07,19.0,7.91,7.29,Residential,Split AC,18.54,1927.14
15.47,2.0,30.26,4.11,Commercial,Central AC,24.22,512.59
23.37,3.0,18.45,26.43,Residential,VRF,19.73,257.01
178.97,11.0,23.29,12.62,Commercial,Rooftop Unit,22.54,3298.63
22.27,3.0,22.68,14.69,Educational,Rooftop Unit,23.49,357.64
24.32173665762364,81.0,23.64,18.69,Commercial,Central AC,24.27,344.15
20.5,2.0,41.52,28.561502359101603,Educational,VRF,24.12,11450.829175386403
10.96,1.0,21.69,23.68,Residential,Central AC,21.04,95.87
48.21,16.0,22.78,0.3144443801303475,Commercial,Heat Pump,19.27,14585.258661273232
61.14,12.0,21.92,21.21,Office,Rooftop Unit,22.1,1179.34
15.37,6.0,25.55,25.33,Office,VRF,23.57,291.74
81.07,13.0,22.67,12.88,Hospital,Rooftop Unit,22.56,1984.15
18.28,7.0,20.61,6.98,Educational,Rooftop Unit,19.73,460.58
27.03,,22.16,10.78,Educational,VRF,21.78,299.82
17.21,6.0,19.61,18.13,Educational,rooftop unit,19.61,477.48
12.97,2.0,33.49,9.65,Residential,Rooftop Unit,26.04,350.8
50.83,16.0,26.76,30.0,Commercial,Split AC,24.91,1177.44
29.65,7.0,,28.38,Residential,Central AC,25.71,488.18
11.76,3.0,42.88,6.65,Commercial,Central AC,27.17,837.78
72.28,18.0,26.73,11.98,commercial,Heat Pump,24.06,1383.15
43.81,11.0,26.91,22.63,Residential,VRF,25.03,603.53
11.091331044385306,6.0,6.53,11.38,Residential,Central AC,18.0,10735.206992912694
152.88,35.0,20.47,21.95,Office,VRF,18.24,2189.24
173.89,38.0,37.06,24.51,Office,Heat Pump,,3019.69
149.72,-6.0,30.65,15.12,Hospital,Heat Pump,24.68,3771.22
17.49,2.0,28.01,11.14,Educational,Central AC,27.17,304.49
89.5,26.0,19.7,12.98,Hospital,Rooftop Unit,22.82,3007.37
18.56,1.0,42.1,12.06,Residential,Split AC,27.65,542.9
309.84,23.0,16.32,28.91178306086009,Residential,Split AC,18.02,13866.616848118978
34.74,10.0,26.04,18.28,Educational,Central AC,22.36,1005.43
116.62,22.0,28.48,14.41,Residential,Central AC,26.24,1993.88
165.57,13.0,24.75,15.74,Office,Central AC,24.19,2356.09
256.01,27.0,27.23,7.86,Residential,Split AC,26.03,3008.77
87.73,40.0,33.17,15.23,Residential,Split AC,25.63,2889.85
190.11,12.0,14.6,30.0,Office,VRF,22.17,1907.42
36.78,11.0,31.98,15.22,Educational,Central AC,26.45,1214.17
238.58,1.0,38.05,14.12,Educational,Split AC,24.89,8307.998051192757
101.04,-4.0,19.84,5.71,Residential,Split AC,20.28,2175.91
21.21,6.0,21.46,11.08,Office,Rooftop Unit,21.72,573.44
28.25,6.0,20.8,9.05,Educational,Split AC,21.36,408.34
18.892723157241416,123.0,14.79,18.19,Residential,Central AC,19.54,5477.11
69.81,14.0,24.84,5.81,Hospital,VRF,23.22,1598.29
21.356335819657282,11.0,24.81,20.58,Hospital,Central AC,22.33,10319.151093184684
39.45,9.0,16.31,8.37,Residential,Heat Pump,19.35,411.3
24.93,2.0,25.18,4.63,Hospital,Split AC,21.61,626.48
27.7,5.0,15.81,24.21,Residential,heat pump,19.62,263.41
34.34,11.0,7.2,0.4713306660318891,Educational,VRF,20.64,13485.64052055201
44.0,10.0,25.77,24.23,Commercial,Heat Pump,23.88,677.46
-22.681683973787422,18.0,16.38,10.3,Office,Heat Pump,19.6,962.19
18.86,1.0,26.08,10.62,Residential,Central AC,23.68,284.12
30.05,20.0,,30.0,Residential,VRF,25.48,739.26
77.79,18.0,13.18,10.95,Commercial,Split AC,20.47,3106.13
140.73,-2.0,31.3,25.02,Hospital,Split AC,25.41,2987.38
13.9,5.0,7.43,15.49,Hospital,Heat Pump,19.36,499.43
77.46,18.0,11.02,24.95,Office,Central AC,21.06,2501.76
12.026224990256623,88.0,27.73,13.42,Hospital,Split AC,24.0,679.65
24.23,7.0,30.75,19.42,Office,Split AC,25.12,621.56
18.27,2.0,26.42,11.7,Residential,Central AC,22.47,281.13
23.39,8.0,20.69,11.65,Educational,Split AC,19.69,538.27
249.80559549761753,3.0,42.29,19.79,Office,Split AC,30.0,26.325520985279105
44.73,14.0,7.66,29.07,Residential,Heat Pump,19.56,759.9
41.54,9.0,28.31,30.0,Residential,Central AC,25.86,569.55
71.71,18.0,41.82,18.62,Office,Split AC,27.08,2455.89
19.17,7.0,44.3,10.12,Office,Split AC,27.64,896.78
45.28,17.0,25.96,21.28,Educational,VRF,25.24,778.63
87.62,38.0,13.73,17.95,Office,Central AC,20.81,2915.21
316.50163953218185,9.0,27.56,23.18,Educational,Split AC,25.54,136.15363435798503
30.2,18.0,12.46,17.08,Commercial,Split AC,19.91,1485.6
30.36,14.0,10.43,8.65,Residential,Heat Pump,20.26,769.55
123.31,23.0,22.71,14.57,Residential,Rooftop Unit,21.61,2210.8
135.39,20.0,36.47,22.76,Residential,Split AC,26.7,2728.47
68.42,7.0,17.11,18.24,Office,Split AC,21.74,1253.36
115.77,25.0,19.61,21.57,Residential,Central AC,22.08,1852.54
68.86,13.0,26.14,19.99,Hospital,Split AC,25.55,1469.49
163.45,15.0,18.73,30.0,Commercial,Rooftop Unit,18.0,2076.04
131.24,27.0,23.73,17.09,Residential,Rooftop Unit,20.23,2279.11
70.09,15.0,21.86,11.84,Residential,Split AC,22.51,1372.79
32.99,20.0,53.06259606674428,7.64,Commercial,VRF,24.23,1378.08
45.84,9.0,58.80105717112663,25.03,Commercial,Split AC,20.61,808.86
18.73,5.0,20.64,11.62,Commercial,Split AC,21.48,571.54
36.8,5.0,9.35,9.77,Hospital,Split AC,18.0,1378.31
33.95,8.0,12.09,11.78,Hospital,VRF,21.1,1111.94
63.61,12.0,15.24,18.11,Educational,VRF,18.22,828.72
25.21,1.0,5.0,12.54,Residential,Rooftop Unit,18.0,889.8
24.767177756133883,113.0,27.33,16.34,Commercial,Rooftop Unit,26.57,418.48
11.81,6.0,19.75,0.4778588438309048,Commercial,Split AC,21.11,12966.122623153107
56.41,5.0,25.33,10.53,Commercial,VRF,23.47,742.95
12.45,2.0,19.36,18.43,Hospital,Rooftop Unit,21.2,349.11
175.26,40.0,27.1,0.577737105531271,Hospital,Heat Pump,24.72,10944.768859318761
105.73,24.0,20.91,8.14,Office,VRF,22.48,1959.11
168.96,35.0,19.15,16.83,Office,Heat Pump,20.94,2373.24
15.76,3.0,30.74,6.31,Residential,Central AC,26.14,464.43
21.49,4.0,31.62,13.83,Residential,VRF,25.25,421.91
28.94,1.0,21.89,,Educational,Split AC,21.98,343.14
15.11,2.0,32.62,9.27,Residential,Rooftop Unit,23.93,417.99
318.15,49.0,16.85,9.71,Office,VRF,18.0,5116.83
11.44,6.0,40.51,20.26,Educational,Split AC,26.23,413.87
76.27,11.0,24.8,8.9,Educational,Central AC,24.15,1228.55
152.52,13.0,43.22,12.92,Commercial,Split AC,25.88,6081.03
169.67,15.0,17.01,16.11,Commercial,Heat Pump,18.0,2024.45
85.4,25.0,22.74,11.96,Residential,Heat Pump,22.48,761.99
94.39,28.0,34.16,24.15,Residential,Heat Pump,24.05,1544.53
197.77,17.0,22.41,12.96,Residential,Rooftop Unit,21.95,2640.33
24.89,3.0,41.17,17.49,Office,Heat Pump,22.66,630.1
20.92,5.0,22.51,5.79,Commercial,Rooftop Unit,20.78,547.85
25.04,8.0,21.3,12.87,Educational,Rooftop Unit,22.51,705.63
243.76,43.0,11.77,27.73,Commercial,Rooftop Unit,21.25,4839.0
44.91,16.0,25.01,18.87,Commercial,Central AC,22.69,1367.23
39.11,14.0,37.49,22.87,Commercial,Central AC,27.82,1358.48
52.89,20.0,22.37,15.96,Residential,Central AC,21.99,957.94
28.53,1.0,18.62,7.78,Office,Split AC,20.72,451.33
73.57,13.0,22.27,18.19,Residential, Split AC,22.73,908.4
15.15,3.0,7.08,15.98,Residential,Split AC,19.32,457.42
51.89,9.0,29.91,15.37,Commercial,Split AC,26.88,1242.06
29.33,7.0,19.5,19.26,Office,Split AC,20.28,511.45
26.73,3.0,27.52,17.15,Residential,Heat Pump,25.11,266.89
323.12,49.0,27.13,19.54,Commercial,Rooftop Unit,24.81,7495.68
83.8,14.0,19.5,29.05,Residential,Central AC,20.98,976.12
148.85,18.0,28.07,30.0,Hospital,Central AC,26.06,2494.22
55.51,12.0,28.46,12.59,Commercial,Central AC,27.58,1304.91
22.89,1.0,16.72,16.35,Residential,Central AC,18.53,281.98
22.4,4.0,43.62,11.3,Residential,Central AC,27.53,922.97
171.8,15.0,38.35,13.21,Residential,Heat Pump,22.61,3937.04
21.11,7.0,40.71,29.96,Office,Split AC,26.68,687.24
27.28,3.0,23.04,15.12,Commercial,Split AC,22.17,407.33
21.18,5.0,37.83,9.73,Hospital,Central AC,28.52,1513.89
59.97,16.0,5.0,6.83,Residential,Heat Pump,21.37,1931.91
103.41,39.0,13.36,5.3,Residential,Heat Pump,22.93,2391.96
69.34,10.0,28.7,9.39,Hospital,Heat Pump,27.97,1471.45
60.11,18.0,36.21,14.95,Office,Central AC,25.4,2273.9
25.96,2.0,13.26,10.14,Office,Split AC,20.32,660.97
66.33,5.0,22.57,27.17,Residential,Heat Pump,20.85,411.46
18.33,8.0,21.24,20.88,Commercial,VRF,21.5,416.64
17.04,6.0,18.56,18.67,Office,Split AC,18.8,369.92
83.57,32.0,25.31,6.93,Educational,Central AC,24.38,2015.69
27.38,3.0,21.31,13.43,Hospital,Heat Pump,21.93,490.21
27.67,7.0,21.06,13.71,Residential,VRF,21.55,369.49
55.64,7.0,27.2,13.95,Residential,Central AC,27.42,860.99
36.25,20.0,38.85,12.51,Residential,Heat Pump,25.21,1220.74
79.24,15.0,17.68,13.05, Educational,Heat Pump,20.11,1099.93
59.63,14.0,,15.0,Commercial,Split AC,21.88,1694.69
11.7,7.0,40.35,11.33,Residential,VRF,25.3,359.55
142.42,19.0,20.92,12.0,Commercial,Split AC,23.41,2793.51
18.55,8.0,22.53,24.09,Hospital,VRF,20.77,453.47
16.96,2.0,18.35,15.67,Residential,Split AC,21.68,236.57
56.72,13.0,23.12,15.1,Educational,Rooftop Unit,22.56,1178.58
14.99,8.0,22.32,9.53,Residential,Rooftop Unit,22.69,406.66
193.0,27.0,27.22,13.44,,VRF,26.94,3989.58
-29.75797435672367,3.0,34.26,12.84,Commercial,Split AC,24.18,947.5
192.95,29.0,28.96,11.36,Residential,Split AC,25.18,3638.85
29.62,4.0,26.87,12.84,Educational,Rooftop Unit,23.57,561.01
77.33,17.0,20.36,17.51,Residential,Central AC,20.37,1205.83
154.14806633902836,3.0,14.81,13.96,Residential,Split AC,20.28,48.0907670589729
29.37,7.0,39.78,15.11,Office,Central AC,27.38,1268.7
21.65,8.0,14.84,22.83,Educational,VRF,21.75,430.87
37.34,2.0,41.89,9.82,Hospital,Heat Pump,24.1,11590.011613788598
38.3,8.0,28.63,7.98,Office,Heat Pump,25.75,-79.40234948412322
24.36,3.0,42.96,10.84,Commercial,Central AC,28.26,1177.1
226.17,34.0,20.11,5.42,Residential,Split AC,21.34,3664.94
45.81,19.0,36.02,9.24,Office,Split AC,26.43,2237.75
59.57,17.0,29.4,14.3,Commercial,Split AC,28.81,1613.9
32.28,12.0,5.07,21.63,Educational,Rooftop Unit,18.0,1335.05
26.04,1.0,21.59,12.81,Commercial,VRF,22.52,295.77
26.53,1.0,45.0,9.12,Hospital,Split AC,27.78,2235.9
17.68,2.0,29.59,6.12,RESIDENTIAL,Central AC,27.71,280.8
47.19,5.0,43.87,10.61,Residential,Central AC,29.92,1449.78
143.52,32.0,27.41,18.81,Office,Heat Pump,22.04,2012.47
40.08,8.0,21.39,12.81,Residential,Central AC,21.29,704.88
60.43,19.0,33.19,10.25,Commercial,Heat Pump,23.34,1740.94
273.39891818343864,8.0,17.19,17.04,Residential,VRF,20.5,90.13781594005292
26.92,5.0,38.14,24.86,Residential,Heat Pump,23.82,429.96
15.027892080326787,117.0,14.65,15.74,Office,Split AC,20.76,650.5
231.05151722007452,50.0,15.67,12.35,Residential,Heat Pump,19.67,78.77021594109918
77.44,18.0,21.7,10.85,Residential,Central AC,19.61,1290.11
11.17,3.0,19.87,10.42,Commercial,Central AC,20.25,332.68
10.24,5.0,20.25,10.97,Hospital,Split AC,22.75,403.09
25.84,5.0,16.83,6.96,Office,Split AC,21.52,582.71
21.25,1.0,5.18,21.66,Office,Heat Pump,21.36,418.76
128.25,29.0,25.57,7.5,Office,Split AC,22.83,2562.32
24.39,1.0,36.4,17.52,Office,VRF,25.26,631.05
134.18,11.0,29.63,20.21,Residential,VRF,26.72,1563.73
37.33,18.0,20.37,13.01,Residential,split ac,21.39,946.24
13.85,8.0,21.01,7.8,Residential,Split AC,20.58,426.89
38.38,9.0,17.0,7.72,Office,Split AC,18.0,869.0
13.81,4.0,30.99,13.63,Commercial,Central AC,24.47,430.82
343.84,25.0,29.28,12.0,Residential,Central AC,27.58,5679.72
10.92,7.0,31.15,21.11,Educational,Rooftop Unit,24.87,372.83
43.67,7.0,17.91,18.69,Educational,Rooftop Unit,18.77,671.92
202.39,30.0,39.66,26.025829830592716,Educational,Split AC,26.99,13801.246600894061
15.79,2.0,28.15,24.33,Residential,VRF,24.96,174.74
17.92,5.0,26.5,11.91,Residential,Split AC,25.84,311.18
295.92,34.0,30.79,28.95,Educational,Central AC ,24.54,4889.61
157.38,17.0,30.0,10.53,Commercial,VRF,22.81,3359.2
25.45,2.0,13.19,12.15,Commercial,Split AC,19.81,672.68
95.2,22.0,19.03,11.34,Residential,Rooftop Unit,19.93,1707.21
71.51,16.0,26.41,8.95,Commercial,Heat Pump,25.52,1380.8
30.02,20.0,17.01,24.66,Commercial,Heat Pump,20.8,-58.46707653624081
67.54,20.0,27.91,13.8,Office,Split AC,27.52,1353.58
18.497724127668977,82.0,25.19,11.1,Hospital,Split AC,24.26,1402.22
19.02,1.0,35.21,14.5,Office,Heat Pump,24.65,460.09
21.35,6.0,23.13,11.21,Commercial,VRF,23.25,407.92
62.14,6.0,37.43,16.69,Residential,Central AC,25.31,1475.51
23.56,3.0,23.36,14.93,Office,VRF,22.89,329.2
15.26,7.0,22.91,26.9,Educational,Split AC,24.74,313.92
26.07,8.0,21.19,22.22,Hospital,Rooftop Unit,24.7,941.73
57.34,20.0,35.94,14.98,Commercial,Central AC,27.22,2338.45
56.43,19.0,20.69,14.23,Residential,Central AC,21.95,1119.07
12.02,7.0,26.56,16.58,Commercial,Heat Pump,24.91,249.78
22.01,8.0,37.23,11.2,Educational,Central AC,27.87,943.95
13.72,3.0,25.36,10.36,Office,Split AC,22.77,313.87
49.18,20.0,17.47,30.0,Residential,Central AC,18.0,962.01
39.84,14.0,19.12,11.72,Residential,Heat Pump,19.56,623.56
13.4,4.0,38.95,15.88,Commercial,Rooftop Unit,26.84,691.47
162.33,13.0,22.4,13.71,Residential,Split AC,22.46,1923.82
20.09,2.0,33.41,5.74,Educational,Split AC,26.48,580.01
11.67,2.0,25.5,11.62,Office,Split AC,22.82,247.58
27.8,1.0,12.5,11.21,Commercial,Split AC,20.19,743.7
157.07,31.0,20.68,24.97,Residential,Rooftop Unit,22.11,1940.82
48.16,11.0,16.58,14.07,Residential,VRF,18.24,722.34
196.68,34.0,7.79,17.08,Residential,Split AC,18.72,4431.38
55.08,20.0,15.46,11.35,Commercial,VRF,18.0,1783.38
20.42338365536801,88.0,34.92,30.0,Residential,Central AC,29.68,812.64
11.75,8.0,22.18,12.94,Hospital,Central AC,21.4,643.9
10.137188258510568,112.0,28.92,4.07,Residential,Rooftop Unit,29.07,487.82
17.65,8.0,23.98,13.5,Residential,Central AC,23.29,426.04
15.76,3.0,30.74,6.31,Residential,Central AC,26.14,464.43
317.7506052946137,8.0,39.81,13.73,Office,Rooftop Unit,28.03,79.42159066724193
10.88,2.0,20.8,11.7,Office ,Central AC,22.79,214.19
147.8,22.0,22.84,10.46,Educational,Heat Pump,20.43,1814.93
168.1,31.0,10.36,19.9,Commercial,Central AC,18.0,6022.28
18.31,6.0,19.01,13.69,Educational,Rooftop Unit,18.81,549.51
52.93,19.0,21.02,12.09,Commercial,VRF,22.63,1399.99
13.49,3.0,15.19,27.06,Educational ,Split AC,18.0,229.17
15.69,5.0,13.3,17.55,Educational,VRF,21.78,364.97
79.89,9.0,26.37,20.5,Educational,VRF,24.01,880.6
26.44,5.0,28.06,8.55,Office,Split AC,24.59,541.84
138.4,40.0,17.91,21.02,Commercial,Central AC,21.0,3425.97
27.32,7.0,27.9,22.2,Residential,VRF,24.11,342.04
24.73,2.0,27.1,14.53,Residential,Split AC,24.72,-149.58415047736457
248.85840930312304,21.0,31.49,3.42,Commercial,Split AC,25.16,86.69307109370133
29.34,8.0,21.7,7.53,Residential,Split AC,21.19,601.53
67.38,7.0,13.61,8.85,Educational,Central AC,20.37,1585.26
59.44,8.0,34.77,11.35,Commercial,Split AC,25.48,2556.51
66.22,12.0,13.83,6.58,Educational,Central AC,19.93,1956.9
97.5,23.0,9.18,24.5,Residential,VRF,21.84,1580.8
156.75,33.0,33.69,18.2,Hospital,Split AC,24.58,6955.79
39.29,8.0,11.82,8.23,Office,Central AC,21.01,1301.92
63.01,13.0,26.77,20.96,Residential,Split AC,27.7,871.45
54.64,16.0,22.34,10.63,Office,Central AC,72.49416698007971,1149.46
20.63,4.0,25.72,18.17,Residential,Rooftop Unit,25.25,354.64
13.91,5.0,35.29,19.9,Educational,Rooftop Unit,26.13,554.43
196.0,15.0,25.89,15.42,Residential,Rooftop Unit,25.08,2837.45
23.85,1.0,26.74,10.07,Commercial,Split AC,24.54,449.24
40.7,5.0,37.13,12.73,Commercial,Central AC,27.72,1527.61
21.84,6.0,18.18,24.53,HOSPITAL,Split AC,19.47,456.9
27.83,2.0,22.08,2.97,Office,Split AC,25.85,435.09
25.03,2.0,17.39,18.84,Commercial,Rooftop Unit,,500.26
28.0,6.0,35.18,16.38,Residential,Split AC,24.48,633.92
108.42,35.0,21.45,7.3,Office,Split AC,18.9,2765.48
28.86,7.0,38.99,21.24,Commercial,Heat Pump,24.73,726.05
19.83,2.0,29.51,4.7,Commercial,Split AC,27.75,614.52
95.29,40.0,26.02,25.222224986293966,Educational,VRF,22.23,13472.331944501158
195.94,34.0,27.81,7.2,Residential,Central AC,25.56,4408.53
21.049028029593973,112.0,10.64,14.76,Residential,Split AC,20.71,982.81
23.07,2.0,16.87,12.74,Commercial,VRF,18.39,348.32
16.06,7.0,37.31,16.79,Residential,Split AC,24.06,480.04
93.81,33.0,10.09,16.49,Educational,Split AC,18.75,3248.45
22.02,8.0,30.63,7.91,Educational,Central AC,24.17,741.03
14.43,7.0,24.07,13.6,Residential,Heat Pump,21.01,225.32
56.84,9.0,25.77,14.23,Office,Heat Pump,24.31,692.57
75.28,10.0,23.99,10.94,commercial,Rooftop Unit,23.72,1765.01
167.03,19.0,24.17,23.28,Residential,Heat Pump,24.21,
-27.270047211095775,20.0,27.05,13.61,Office,Central AC,24.29,1545.89
25.39,5.0,21.86,-3.438295450338519,Office,Central AC,22.57,601.82
17.83,5.0,16.64,3.76,Commercial,VRF,19.22,448.05
17.986789690351117,82.0,14.54,26.68,Educational,VRF,22.9,401.48
68.79,11.0,29.35,19.88,Office,Central AC,27.1,1377.75
294.76,53.0,21.37,19.5,Commercial,VRF,21.94,3988.47
123.32,16.0,38.48,19.5,Commercial,Heat Pump,24.39,3300.31
62.94,9.0,21.69,17.1,Educational,Central AC,21.23,931.43
13.18,3.0,37.08,6.38,Office,VRF,24.78,-140.594963811885
34.64,5.0,44.12,18.46,Office,Rooftop Unit,28.26,1475.89
12.37,4.0,17.26,16.77,Educational,Central AC,18.93,-69.42958828184763
45.97,5.0,20.97,10.88,Hospital,Central AC,23.2,1072.72
11.37,1.0,25.87,30.0,Residential,Central AC,27.45,12817.535697260362
20.56,4.0,30.68,21.63,Residential,Rooftop Unit,26.42,495.56
28.3,4.0,24.5,26.14,Residential,Heat Pump,25.87,287.0
279.88686294285196,13.0,22.94,25.73,Commercial,Split AC,21.63,137.02285501590165
27.69,2.0,7.23,13.12,Hospital,Rooftop Unit,18.0,1441.24
79.02,9.0,-54.39614139442715,9.78,Educational,Rooftop Unit,20.27,1503.37
328.7315635978597,8.0,31.52,7.58,Office,Rooftop Unit,24.72,164.57436040136355
42.39,13.0,21.69,12.74,Residential,Central AC,20.53,668.59
196.37,14.0,13.35,6.19,Office,Rooftop Unit,19.19,6453.16
17.56,8.0,22.37,11.62,,Split AC,21.75,337.27
29.24,4.0,16.68,12.76,Residential,VRF,18.39,342.25
29.33,3.0,25.07,14.39,Commercial,Central AC,25.37,563.16
44.02,20.0,11.19,23.18,Commercial,Split AC,18.0,1540.06
31.97,15.0,5.55,18.1,Commercial,,19.98,1569.7
20.26,4.0,30.41,19.59,Commercial,Central AC,27.8,453.75
14.99,7.0,30.78,17.31,Residential,Heat Pump,24.04,255.43
53.94,6.0,32.55,16.83,Residential,Split AC,24.63,963.89
194.94,29.0,27.07,22.92,Hospital,VRF,26.84,3487.18
19.77,8.0,43.38,15.34,Office,VRF,22.19,944.37
48.0,12.0,27.83,7.93,Commercial,Rooftop Unit,25.0,1689.21
18.2,4.0,19.87,11.85,Residential,VRF,22.01,234.42
22.65,1.0,58.7534717719085,19.81,Hospital,Rooftop Unit,25.16,440.75
10.680378768246376,7.0,30.75,21.25,Hospital,Heat Pump,21.12,9151.023249433443
14.93,7.0,17.63,6.83,Educational,Split AC,23.44,423.38
31.1,10.0,6.38,6.63,Commercial,VRF,18.69,1263.11
11.6,2.0,22.22,14.44,Hospital,Rooftop Unit,19.89,369.79
60.26,7.0,16.55,12.06,Educational,Split AC,21.05,1330.07
74.13,15.0,28.18,17.61,Residential,VRF,26.03,1052.13
113.0,37.0,22.06,6.35,Commercial,Central AC,21.48,3583.59
69.19,16.0,33.6,26.84,Educational,Heat Pump,24.08,994.62
150.42,39.0,27.53,16.64,Office,Heat Pump,24.39,2321.34
22.61,4.0,30.95,12.49,Educational,,24.67,708.97
74.35,16.0,31.47,19.9,Residential,Split AC,25.36,1506.78
25.88,4.0,21.81,9.97,Residential,VRF,22.63,308.43
72.08,11.0,25.97,21.23,Residential,Split AC,23.79,821.28
49.1,19.0,16.76,16.22,Office,Central AC,19.01,1326.18
13.867848907031284,85.0,8.98,11.61,Residential,Rooftop Unit,18.0,987.85
73.81,9.0,14.29,10.71,Residential,Heat Pump,21.1,1156.5
25.82,4.0,10.46,16.8,Commercial,Split AC,20.89,823.3
84.16,20.0,25.49,,Hospital,Rooftop Unit,27.86,2813.89
43.73,17.0,17.95,7.14,Hospital,Central AC,18.97,1544.21
22.68,8.0,25.07,18.7,Residential,Split AC,23.29,450.48
25.7,7.0,13.7,-8.346905704162358,Commercial,Heat Pump,22.22,562.53
38.63,9.0,42.87,15.18,Residential,Central AC,28.31,1460.67
20.18,5.0,23.96,14.93,Commercial,Heat Pump,20.68,427.43
41.35,18.0,23.95,11.58,Educational,VRF,22.94,951.09
61.86,14.0,32.0,0.37958875154219685,Commercial,Heat Pump,22.3,11620.859074730895
62.51,18.0,22.57,20.66,Office,Split AC,21.23,1218.36
68.42,19.0,18.43,23.86,Educational,Central AC,19.67,1554.78
197.0,15.0,21.24,14.68,Hospital,Split AC,21.31,3959.45
65.24,10.0,19.38,8.26,Educational,Rooftop Unit,21.24,1308.19
230.74,28.0,19.27,12.88,Educational,Heat Pump,18.06,2190.85
18.41,2.0,9.94,9.3,Residential,Split AC,19.82,463.1
45.63,19.0,38.79,16.82,Office,Split AC,25.72,1997.49
68.47,18.0,23.22,17.84,educational,Split AC,25.31,1341.18
23.09,2.0,9.31,15.71,Residential,Central AC,71.83541697215689,413.9
169.42,15.0,43.01,9.77,Office,Central AC,28.03,8621.64
136.4,16.0,13.99,16.08,Office,Rooftop Unit,20.22,3976.33
41.56,20.0,37.17,10.97,Residential,Split AC,27.34,1686.07
85.79,-2.0,23.65,7.21,Hospital,Split AC,20.58,2898.81
148.35,39.0,20.98,14.93,Office,VRF,20.85,2256.13
83.87,13.0,22.24,5.58,Commercial,Heat Pump,23.62,1230.45
16.25,2.0,24.18,10.51,Educational,Central AC,21.82,315.99
14.06,1.0,21.8,20.83,Residential,CENTRAL AC,22.1,119.77
83.03,36.0,15.54,7.25,Commercial,Rooftop Unit,18.0,3837.35
54.41,12.0,18.58,8.92,Commercial,Central AC,20.09,1071.95
73.88,12.0,22.93,6.14,COMMERCIAL,Central AC,20.09,1761.03
157.09,33.0,19.69,30.0,Hospital,Central AC,21.67,3821.51
81.14,23.0,75.137055098198,26.26,Residential,Split AC,30.0,2402.35
78.08,12.0,8.73,6.83,Commercial,Split AC,18.12,3162.19
12.21,4.0,33.87,11.49,Educational,Rooftop Unit,27.28,411.99
31.9,19.0,36.6,17.26,Office,Split AC,26.12,1482.28
11.27,8.0,27.19,15.99,Office,Split AC,24.26,401.98
74.73,15.0,33.07,16.68,Office,,25.44,2282.81
84.52,36.0,31.55,15.82,Commercial,Heat Pump,24.61,2675.46
27.58,4.0,39.43,18.53,Office,Split AC,26.61,806.64
127.03,17.0,22.33,13.49,Residential,Heat Pump,22.34,1130.03
115.11,26.0,12.97,11.45,Educational,Split AC,22.43,3223.37
69.35,8.0,8.91,14.02,Residential,Split AC,18.24,1992.61
12.25,6.0,12.0,10.46,Residential,Split AC,20.54,462.76
126.84,15.0,34.71,9.4,Office,Heat Pump,20.25,3457.84
85.57,38.0,39.66,15.01,Office,Heat Pump,24.62,3301.3
23.929688772865134,12.0,28.28,13.95,Residential,Heat Pump,25.49,12540.82390846954
160.44,10.0,20.62,28.66,Educational,Split AC,20.48,1421.06
55.09,20.0,19.95,14.87,Office,Split AC,,1332.62
149.25,25.0,14.03,12.29,Residential,Rooftop Unit,20.4,3735.04
163.39,13.0,17.43,13.16,Residential,CENTRAL AC,18.9,2204.16
44.49,12.0,29.78,11.74,Residential,Split AC,27.28,1038.61
22.29,1.0,42.17,16.97,Residential,Central AC,28.85,681.68
29.0,7.0,36.87,7.5,Residential,Central AC,25.68,1130.81
20.38,5.0,19.86,7.88,Residential,Central AC,20.45,422.94
113.72,39.0,30.76,8.59,Residential,Heat Pump,20.68,2363.42
27.64,5.0,,30.0,Residential,VRF,21.12,251.43
274.43,37.0,12.96,20.21,Office,Heat Pump,23.76,4697.54
34.58,15.0,23.01,17.0,Residential,Heat Pump,,430.89
59.22,20.0,25.36,7.56,Hospital,Split AC,26.0,2284.12
138.55,18.0,19.0,16.27,Commercial,Split AC,20.62,2414.83
39.62,19.0,21.89,0.2657292776004928,Office,Heat Pump,21.8,8937.929770368022
153.1,16.0,14.6,15.42,Educational,Central AC,21.24,3332.07
167.9,21.0,30.45,6.41,Hospital,Split AC,25.35,7028.36
64.57,11.0,18.22,19.57,Educational,VRF,20.62,815.04
18.97,6.0,29.13,7.32,Office,Central AC,26.04,613.6
66.1,17.0,16.59,7.76,Residential,Split AC,18.25,1386.58
19.26,5.0,12.93,13.57,Hospital,Heat Pump,21.98,602.01
14.94,6.0,25.94,14.41,Residential,Central AC,24.61,294.17
47.22,14.0,27.52,4.46,Commercial,VRF,25.94,1323.54
62.69,8.0,25.76,14.64,Commercial,VRF,23.98,927.29
19.1,-7.0,26.65,28.65,Residential,Rooftop Unit,24.61,223.6
14.561343851911198,97.0,13.97,9.17,Hospital,Rooftop Unit,20.02,2181.7
177.9,34.0,40.91,19.9,Commercial,Split AC,26.32,7439.55
62.12,,23.01,10.72,Office,Split AC,20.37,1216.31
24.46,4.0,27.35,11.37,Hospital,Central AC,24.47,662.46
70.99,16.0,10.43,9.42,Hospital,Split AC,19.3,3867.69
32.76,8.0,31.81,5.44,Office,Split AC,23.08,1277.31
65.98,5.0,28.26,0.5901939938461884,Hospital,VRF,26.35,11506.989406934434
37.7,8.0,29.7,9.89,Office,VRF,70.0207610075142,753.06
56.98,16.0,22.76,10.11,Hospital,Rooftop Unit,22.12,2072.1
18.06,8.0,23.99,17.15,Residential,VRF,22.03,259.77
192.79,34.0,44.79,8.53,Residential,Split AC,27.37,7834.18
14.92,8.0,28.46,15.44,Educational,Heat Pump,27.58,366.51
15.76,6.0,5.15,15.96,Office,Central AC,18.0,764.74
40.34,8.0,5.84,17.32,Residential,Split AC,20.77,1130.64
21.89,6.0,11.45,13.84,Residential,Central AC,19.47,700.98
25.32,7.0,30.83,30.0,Office,Heat Pump,23.05,343.39
19.3,8.0,25.02,4.23,Educational,Central AC,24.28,627.26
57.03,17.0,6.65,-3.5020134712902586,Office,Rooftop Unit,18.0,2495.96
49.73,13.0,35.75,7.28,Commercial,Split AC,25.56,2184.86
28.31,7.0,43.41,10.59,Hospital,Split AC,27.11,1596.53
10.02,7.0,31.18,12.77,Office,Rooftop Unit,25.77,509.75
50.56,13.0,10.06,25.28,Office,Heat Pump,21.01,936.19
182.15,27.0,30.7,10.85,Commercial,Central AC,25.43,5393.65
29.43,7.0,12.53,13.32,Hospital,Split AC,20.19,1322.17
30.29,6.0,7.05,9.21,Office,Central AC,18.0,1415.25
11.35,4.0,15.79,9.1,Residential,Central AC,18.0,302.62
177.74,11.0,22.42,18.14,Office,Rooftop Unit,25.42,2743.31
87.31,31.0,72.42125109919571,18.59,Residential,Split AC,18.0,2399.18
12.23,2.0,13.61,14.61,Residential,Central AC,20.87,169.88
40.74,6.0,23.05,17.47,Office,Split AC,22.73,625.85
164.67,15.0,24.36,14.85,Commercial,Split AC,23.96,2298.88
160.94,21.0,34.02,16.01,Office,Heat Pump,23.05,3628.75
12.63,2.0,21.62,8.88,Residential,Split AC,21.37,164.78
109.43,39.0,6.79,17.38,Office,Rooftop Unit,18.11,5215.23
56.77,13.0,39.36,7.2,Hospital,Central AC,27.65,3987.41
25.68,7.0,26.65,13.48,Residential,Central AC,24.95,472.14
158.39,21.0,17.09,0.636416882171999,Commercial,Split AC,19.83,14114.674904634441
17.4,8.0,42.59,18.88,Office,Split AC,29.37,941.96
40.8,12.0,23.62,13.01,Office,Heat Pump,24.03,633.26
19.06,7.0,24.72,11.32,Office,Central AC,23.66,618.59
26.47,3.0,8.34,15.05,,VRF,22.53,736.63
55.45,17.0,31.36,24.95,Residential,Central AC,25.91,-385.96361261440296
77.38,11.0,22.29,12.67,Residential,Split AC,21.84,1074.57
165.33,33.0,23.95,7.43,Residential,Split AC,23.2,2699.54
55.97,15.0,19.16,-4.359614310254701,Commercial,VRF,20.52,1321.65
28.75,5.0,22.61,20.87,Educational,Split AC,25.19,455.62
18.74,5.0,17.26,30.0,Hospital,Central AC,18.67,663.94
132.61,15.0,17.37,20.19,Residential,VRF,18.0,1042.57
62.42,16.0,24.29,28.69,Residential,Rooftop Unit,22.83,1198.17
42.93,6.0,34.65,28.15,hospital,Split AC,26.52,1075.31
131.74,,34.77,30.0,Residential,Split AC,25.8,2272.82
127.6,40.0,28.26,10.32,Hospital ,Heat Pump,27.29,3272.48
22.13,6.0,31.14,6.95,Residential,Heat Pump,22.84,470.26
35.41,8.0,25.9,6.92,Educational,Heat Pump,22.26,657.68
13.887884810882497,109.0,12.37,8.49,Residential,VRF,22.46,2218.95
64.05,12.0,23.01,7.16,Residential,VRF,21.72,898.5
150.88,19.0,6.93,12.36,Residential,Central AC,18.0,4379.8
16.99,6.0,32.76,30.0,Residential,Split AC,24.84,230.59
20.5,4.0,24.18,10.27,Residential,Split AC,24.09,263.48
11.61,1.0,19.85,9.31,Residential,VRF,18.0,
29.66,2.0,49.19189986860022,12.56,Educational,Rooftop Unit,26.18,725.22
52.46,11.0,8.88,7.52,Commercial,Central AC,18.0,2507.38
63.98,20.0,19.4,21.03,Hospital,Heat Pump,22.73,1718.89
19.67480869199433,28.0,20.84,6.31,Office,Central AC,20.65,10170.14520648528
200.8,28.0,31.09,21.89,Educational,Split AC,26.06,3748.49
22.32,2.0,15.92,12.47,Office,Heat Pump,18.0,292.08
93.31,28.0,17.18,9.79,Educational,VRF,18.99,1432.54
82.42,40.0,19.2,17.89,Office,Heat Pump,22.94,1801.74
22.7,2.0,26.97,11.02,Office,Heat Pump,24.14,252.65
84.34,40.0,31.23,6.58,Office,Heat Pump,23.33,2360.46
182.83,14.0,17.99,12.89,Educational,Split AC,21.28,2715.93
10.03,3.0,21.77,21.68,,Split AC,22.52,193.35
31.34,18.0,37.9,13.67,Office,VRF,22.75,1268.19
46.17,11.0,20.6,20.01,Educational,,22.45,579.22
57.54,16.0,43.08,19.02,Residential,Split AC,26.36,1869.64
329.49,40.0,35.31,13.86,Office,Central AC,26.11,
56.85,5.0,23.08,8.66,Residential,Central AC,20.73,792.51
158.28,17.0,32.49,11.82,Office,Heat Pump,22.7,3604.79
61.17,8.0,25.04,28.23,Residential,Central AC,23.71,938.7
18.22,6.0,9.15,4.57,Residential,VRF,20.87,615.59
52.32,6.0,38.04,26.20188152097362,Office,VRF,23.69,13610.428198811947
55.18,16.0,10.8,15.18,Office,Split AC,19.54,1717.51
19.39,6.0,32.11,16.82,Educational,Rooftop Unit,25.05,677.53
35.56,6.0,9.68,19.81,Residential,,20.37,547.98
213.6710209613068,40.0,11.83,9.71,Residential,VRF,20.25,125.8978919312918
22.554573501913936,15.0,24.74,20.52,Residential,VRF,22.08,11219.926388207403
23.939255546276115,7.0,10.91,7.68,Hospital,Central AC,18.0,10831.823447263228
21.85,2.0,,7.53,Residential,Split AC,25.72,345.69
62.42,20.0,31.24,12.95,Office,VRF,23.24,1767.63
73.74,17.0,21.04,13.29,residential,Heat Pump,23.22,908.83
26.7,3.0,23.37,25.53,Office,Split AC,22.86,363.75
50.01,8.0,24.88,8.4,Residential,Split AC,26.03,759.56
20.36,5.0,34.62,15.04,Residential,Split AC,26.61,465.37
121.75,37.0,20.37,9.42,Educational,VRF,22.0,2170.01
138.15,25.0,16.61,23.6,,Central AC,18.94,2110.17
10.31,6.0,31.13,16.35,Hospital,Split AC,25.25,587.41
50.53,8.0,15.61,10.75,Educational,Heat Pump,18.12,650.23
40.78,5.0,-63.93413903346371,6.15,Educational,VRF,19.37,560.0
26.64,4.0,28.1,14.11,Residential,Rooftop Unit,26.33,417.85
15.25,8.0,19.66,9.4,Residential,Central AC,19.43,448.89
243.97,42.0,31.14,11.89,,Central AC,27.12,5870.59
257.88,50.0,30.73,22.73,Office,Central AC,27.38,5369.36
68.45,14.0,15.27,6.91,Commercial,Split AC,18.04,1924.75
27.58,2.0,27.52,18.96,Hospital,Heat Pump,23.97,397.6
19.79,8.0,18.3,17.85,Commercial,Heat Pump,18.86,308.88
254.1435356608254,26.0,28.13,16.85,Commercial,Central AC,24.59,35.989659268023885
12.2,2.0,21.41,11.81,Office,Central AC,19.96,227.98
76.98,14.0,31.51,14.03,Residential, Central AC,25.99,1874.94
21.64,2.0,16.81,15.16,Hospital,VRF,18.29,411.37
71.72,9.0,25.44,16.35,Commercial,Split AC,22.06,1359.61
322.84,49.0,17.67,7.32,Residential,Split AC,18.0,4186.62
23.84,2.0,16.29,28.6,Residential,Split AC,20.91,227.65
342.1229471597905,6.0,26.49,15.9,Residential,Central AC,25.77,125.43983618037893
16.21,1.0,32.18,10.97,Residential,Rooftop Unit,25.05,352.96
11.04,1.0,12.08,14.25,Office,Split AC,18.89,280.92
17.04,5.0,36.69,18.92,Residential,Central AC,27.43,496.47
18.06,5.0,10.94,8.0,Educational,Split AC,18.0,504.12
19.04,2.0,84.88800127355813,8.86,Educational,Split AC,21.31,544.53
19.9,6.0,9.49,5.6,Office,Split AC,19.07,794.21
18.24,4.0,25.94,20.37,Residential,Heat Pump,27.01,246.15
49.56,13.0,15.86,9.0,Office,Central AC,19.96,1209.09
40.57,12.0,36.5,30.0,Office,Heat Pump,23.78,746.93
59.41,9.0,6.87,19.69,Residential,VRF,19.83,1185.92
57.83,12.0,6.46,10.25,Educational,Central AC,18.0,2335.15
77.78,7.0,29.08,28.1,Commercial,Rooftop Unit,26.02,1535.45
251.15542430120456,7.0,33.59,10.96,Hospital,VRF,22.85,40.06127815772339
21.22,4.0,26.65,30.0,Commercial, Split AC,23.95,359.95
62.41,11.0,26.53,15.28,Commercial,Split AC,24.66,1259.35
18.15,5.0,41.81,16.62,Commercial,VRF,24.6,853.42
195.48,30.0,30.99,10.12,Residential,Split AC,24.57,4056.62
66.45,12.0,18.51,8.98,Commercial,VRF,20.09,984.0
16.48540878177465,85.0,36.4,4.08,Educational,Central AC,27.06,809.29
43.7,16.0,33.89,7.14,Commercial,VRF,22.53,1679.28
16.886044070984795,77.0,19.33,19.16,Residential,VRF,21.61,757.14
223.98665886626003,14.0,29.33,15.92,Hospital,Heat Pump,26.74,55.297787726373585
205.03,23.0,29.22,13.8,Office,VRF,25.74,3214.56
16.95,6.0,22.5,23.53,Residential,Split AC,24.11,354.1
175.82,39.0,24.87,11.84,Residential,VRF,22.74,2493.3
66.45,15.0,23.74,-8.284387217119937,Educational,Rooftop Unit,22.66,1090.7
12.95,7.0,24.51,6.61,Educational,VRF,25.33,285.83
18.51120949459912,6.0,26.07,14.52,Residential,Central AC,24.36,13010.148936278743
10.52,5.0,31.71,10.48,Residential,Heat Pump,23.13,212.89
16.02811520535597,84.0,29.69,14.15,Residential,Central AC,25.23,435.31
129.04,33.0,33.34,27.12,Residential,Heat Pump,22.83,1790.19
24.85,3.0,29.21,27.6,,Central AC,25.94,378.84
12.143657505021295,18.0,31.28,12.57,Commercial,Split AC,22.78,12752.106780721862
121.66,27.0,,7.75,Residential,Central AC,18.0,2462.92
69.5,16.0,38.84,9.63,Residential,Split AC,26.5,1999.97
63.53,19.0,88.83356888703972,17.19,Office,Split AC,19.59,2251.04
182.5,29.0,20.19,11.58,Commercial,Rooftop Unit,22.97,4221.65
16.14,8.0,24.46,18.3,Educational,Heat Pump,22.61,234.17
33.66,15.0,27.21,16.05,Office,VRF,26.32,728.5
39.21,19.0,16.54,11.86,Educational,Central AC,18.0,1182.92
30.17,15.0,6.46,13.75,Residential,Split AC ,18.0,1115.09
64.39,8.0,34.81,22.71,Commercial,Split AC,28.55,1793.86
36.28,15.0,34.98,11.9,Residential,Split AC,27.22,1360.68
17.250129948414884,93.0,29.32,16.29,Educational,Central AC,26.15,389.35
25.17,7.0,8.37,11.53,Residential,Central AC,18.0,888.92
54.6,13.0,19.11,19.91,Residential,VRF,21.0,730.76
281.3246389975866,5.0,24.76,14.01,Commercial,Split AC,24.65,100.5013446338076
83.87,14.0,14.64,21.1,Office,Split AC,21.19,
50.52,15.0,26.86,10.91,Residential,VRF,24.44,732.73
79.11,13.0,29.89,25.51,Commercial,Split AC,26.08,1483.22
36.78,5.0,24.02,21.63,Educational,VRF,23.16,463.92
39.11,12.0,41.95,15.81,Commercial,Central AC,27.57,
12.12,1.0,35.9,17.57,Office,Central AC,29.0,339.7
21.38,7.0,30.89,6.01,Residential,Heat Pump ,24.47,420.72
91.38,40.0,28.22,12.77,Residential,Split AC,26.13,2457.52
257.23,20.0,18.64,19.8,Educational,Central AC,20.2,3198.77
31.77,10.0,30.97,15.4,Commercial,Split AC,26.52,973.18
35.25,20.0,43.41,19.86,Residential,SPLIT AC,28.83,1582.27
51.47,19.0,19.3,5.6,Office,Split AC,21.07,984.24
39.75,10.0,20.6,26.05,office,Central AC,22.67,787.97
16.87,6.0,20.53,17.08,Office,Central AC,19.82,514.45
57.97,8.0,29.46,30.0,Office,Heat Pump,25.91,586.4
12.89,4.0,33.27,21.83,Commercial,VRF,23.65,407.21
17.17,4.0,16.2,20.11,Commercial,Heat Pump,18.0,277.3
164.23,39.0,17.93,10.92,Educational,Rooftop Unit,20.58,3553.27
45.27,11.0,31.49,11.73,Educational,Rooftop Unit,24.76,1413.13
113.91,17.0,11.69,14.14,Hospital,Central AC,19.63,4985.17
14.83,7.0,20.25,6.32,Residential,Heat Pump,19.45,221.11
19.85,7.0,12.7,20.75,Commercial,Central AC,19.2,880.28
178.37,33.0,5.0,13.48,Educational,Central AC,18.0,6102.33
33.85,11.0,19.38,15.25,Commercial,Split AC,22.02,1008.97
42.53,11.0,22.99,5.97,Hospital,Central AC,22.59,1455.68
38.98,9.0,32.41,10.87,Residential ,Central AC,27.5,955.38
15.76,8.0,13.01,23.62,,Central AC,18.52,513.12
211.05,53.0,48.32445425455639,7.39,Residential,Rooftop Unit,20.88,4613.74
73.68,5.0,28.16,6.2,Commercial,Central AC,24.72,1826.42
86.88,20.0,24.56,12.67,Educational,Central AC,24.68,1914.65
25.13,3.0,29.59,20.73,Residential,Central AC,28.95,465.76
25.34,4.0,24.69,17.57,Office,Split AC,24.1,304.7
25.97,7.0,29.99,,Hospital,VRF,26.94,702.29
24.25,6.0,40.51,18.37,Hospital,Central AC,29.92,1679.62
31.53,10.0,31.13,21.24,Commercial,Central AC,23.63,1034.31
31.67,16.0,18.05,4.87,Hospital,Heat Pump,18.26,1212.37
18.51,7.0,24.47,10.35,Hospital,VRF,24.48,509.34
50.13,5.0,11.14,30.0,Residential,VRF,20.27,435.99
158.08,16.0,9.45,11.85,Residential,Central AC,18.0,3893.17
29.79,4.0,,18.68,Residential,Central AC,18.64,620.67
21.29,4.0,29.74,12.99,Commercial,,27.19,356.26
60.07,14.0,32.19,7.19,Office,Heat Pump,23.65,1514.44
47.67,6.0,9.83,14.01,Residential,Central AC,18.0,1353.14
97.52,29.0,36.98,8.34,Office,Central AC,26.9,4418.12
75.82,8.0,19.6,11.05,Residential,Split AC,21.42,970.85
30.44,11.0,18.0,9.46,Hospital,Split AC,19.7,1006.67
89.85,36.0,30.4,30.0,Office,Split AC,23.68,2556.05
42.21,11.0,-52.980275543191524,12.42,Educational,VRF,24.39,816.99
17.01,4.0,17.89,15.83,Office,Split AC,18.45,270.91
49.14,20.0,26.68,7.4,Commercial,Split AC,24.46,1407.96
76.56,5.0,17.67,13.94,Residential,Split AC,21.59,992.32
39.81,11.0,34.37,10.08,Office,Split AC,24.94,1625.13
27.12,3.0,31.63,19.46,Commercial,central ac,24.39,662.28
21.97,3.0,8.15,16.96,Residential,Heat Pump,19.48,475.73
13.43,8.0,21.0,12.98,Residential,Rooftop Unit,22.61,476.42
151.54,15.0,26.2,5.57,Residential,Central AC,23.38,2271.31
66.77,7.0,22.57,6.0,Commercial,Split AC,22.04,1294.71
22.43,2.0,24.84,18.59,Educational, Central AC,25.42,285.98
22.14,8.0,28.64,17.88,Educational,Split AC,25.71,521.75
60.76,7.0,28.05,14.4,Office,Central AC,27.45,1191.27
101.12,20.0,34.63,25.90122363989709,Hospital,Split AC,29.06,10799.49515757406
27.32,8.0,14.86,11.74,Office,Heat Pump,21.92,509.8
91.98,24.0,23.84,7.51,Office,Split AC,23.96,2291.85
,27.0,18.26,6.29,Residential,Central AC,21.52,3651.56
190.26,25.0,18.54,30.0,Office,Heat Pump,20.03,1978.77
23.47,2.0,29.81,11.08, Commercial,VRF,28.76,297.92
11.7,4.0,24.85,16.86,Educational,Split AC,23.86,161.22
21.61,8.0,23.45,28.97,Residential,Central AC,24.31,374.86
164.26,14.0,13.89,18.19,Residential,Split AC,22.01,2115.31
25.82,5.0,28.41,16.17,Educational,Split AC,25.7,513.71
10.56,2.0,34.07,6.61,Commercial,Split AC,28.05,305.41
21.88,4.0,19.95,12.57,Residential,Central AC,22.09,377.09
284.83874610818754,5.0,34.43,30.0,Commercial,VRF,23.09,123.80144094245392
62.23,16.0,29.91,11.68,Hospital,Heat Pump,27.1,1570.73
201.79,30.0,38.14,8.43,Residential,Rooftop Unit,29.57,7382.55
149.73,31.0,28.94,17.07,Office,Central AC,24.86,3483.45
17.082807894350772,5.0,15.22,11.07,Hospital,Split AC,18.76,9442.401926872937
58.19,12.0,24.25,20.96,Commercial,Rooftop Unit,24.49,1201.18
187.37,26.0,27.43,15.04,Residential,Central AC,25.54,2993.88
193.62,34.0,32.04,24.25,Commercial,Central AC,25.84,5171.43
10.31,6.0,31.13,16.35,Hospital,Split AC,25.25,587.41
191.39,32.0,29.54,6.59,Hospital,Split AC,27.42,5908.71
39.36,5.0,22.48,13.73,Educational,VRF,23.46,466.09
31.46,12.0,32.1,15.48,Hospital,,22.64,977.55
17.83,5.0,21.25,21.12,Office,VRF,19.82,250.42
189.96,39.0,21.43,8.63,Hospital,Central AC,20.77,5113.86
19.8,4.0,16.31,15.61,Commercial,Heat Pump,18.98,282.29
33.26,8.0,32.17,6.36,Commercial,Central AC,25.84,1276.14
181.48,38.0,14.13,22.28,Educational,Split AC,20.69,3146.04
64.97,19.0,21.66,18.0,Educational,VRF,20.82,1065.05
73.17,13.0,16.82,22.64,Educational,Central AC,19.42,1062.76
61.69,11.0,29.59,11.04,Commercial,Central AC,29.18,1593.24
16.45,-2.0,21.5,11.22,Commercial,Central AC,22.12,452.03
192.03,12.0,31.58,7.99,Commercial,Rooftop Unit,26.77,6673.49
21.78,4.0,18.38,-8.062725488013236,Hospital,Heat Pump,20.73,433.22
17.19,2.0,20.44,10.5,Residential,Split AC,23.08,12924.608921227702
10.55,8.0,29.33,16.04,Commercial,Split AC,25.78,527.87
104.48,1.0,30.44,11.4,Commercial,Central AC,24.36,11731.446676364367
168.84,11.0,25.43,9.58,Residential,Split AC,25.98,1912.8
256.02,25.0,32.17,16.48,Educational,Heat Pump,25.0,4133.17
24.22,3.0,29.37,10.26,Commercial,Central AC,25.71,672.63
74.81,5.0,21.56,11.28,Residential,Split AC,22.21,811.55
55.38,2.0,24.79,21.29,Educational,Heat Pump,24.73,9734.778097367629
14.55,2.0,21.31,14.32,Hospital,Heat Pump,21.26,201.34
155.63,39.0,38.97,9.14,Office,VRF,26.35,4331.96
16.34,2.0,22.0,15.81,Residential,VRF,21.19,142.57
22.52,6.0,32.72,22.83,Residential,Central AC,26.06,542.51
49.83,15.0,17.42,11.72,Residential,Split AC,18.4,914.01
63.08,16.0,17.61,12.45,Commercial,Rooftop Unit,18.98,1754.29
18.03,5.0,45.0,12.82,Residential,Split AC,28.67,754.69
12.75,5.0,29.41,9.07,Commercial,Rooftop Unit,25.97,363.05
16.38,4.0,37.13,6.9,Residential,VRF,22.77,418.63
47.12,-2.0,19.47,8.25,Residential,Rooftop Unit,21.75,1149.86
13.49,3.0,26.84,30.0,Educational,Rooftop Unit,26.3,202.88
133.63,25.0,23.1,14.09,Office,Split AC,22.18,2636.23
10.54,5.0,23.27,20.08,Educational,Split AC,23.01,201.12
26.08,2.0,18.75,17.34,Commercial,Split AC,21.12,330.75
12.05,2.0,44.39,11.73,Commercial,Central AC,30.0,633.07
150.6483400552842,17.0,19.12,22.94,Office,Split AC,20.08,28.391833460262163
38.84,11.0,17.6,13.63,Residential,Central AC,20.99,644.18
18.56,3.0,13.76,12.98,Office,Split AC,19.58,462.77
43.64,20.0,,15.73,Residential,Central AC,28.98,1743.19
171.31,16.0,19.43,12.45,Commercial,Split AC,20.22,2951.94
57.33,14.0,23.08,14.68,Office,Heat Pump,21.72,847.75
61.18,19.0,28.67,16.0,Residential,Split AC,25.81,1409.41
35.75,19.0,9.93,17.36,Office,Central AC,19.2,1751.5
104.02,16.0,31.79,22.42,Office,Central AC,24.87,2069.25
155.68,28.0,32.69,30.0,Hospital,Split AC,27.1,4244.84
20.91,1.0,14.98,25.78,Residential,Heat Pump,22.61,173.9
235.8,50.0,15.82,0.4856874752643783,Hospital,VRF,18.79,10396.156754051763
66.13,14.0,42.03,13.44,Residential,Split AC,26.59,2750.34
82.14,33.0,25.89,22.29,Residential,Split AC,23.72,1615.87
69.86,10.0,18.3,10.25,Hospital,VRF,,1309.99
54.99,16.0,19.43,13.6,Commercial,Rooftop Unit,19.63,1645.79
124.21,26.0,14.19,7.98,office,Split AC,20.58,3324.14
46.35,18.0,25.16,9.95,Residential,Central AC,23.61,1098.54
91.64,12.0,24.19,11.11,Commercial,Heat Pump,22.78,1296.45
192.03,12.0,31.58,7.99,Commercial,Rooftop Unit,26.77,6673.49
51.7,5.0,8.46,17.22,Commercial,Heat Pump,19.68,1219.46
68.85,7.0,23.5,24.41,EDUCATIONAL,VRF,23.19,584.83
19.516210741559416,83.0,26.49,7.36,Residential,Central AC,25.06,1048.49
23.92,6.0,25.81,19.55,Commercial,Central AC,,532.22
33.38,18.0,21.05,8.42,Commercial,Central AC,21.72,1437.4
195.02,27.0,13.82,9.16,Office,Central AC,18.26,5163.61
19.3,5.0,24.47,14.01,Educational,Central AC,22.78,406.18
247.90023179958808,2.0,18.05,8.93,Educational,Central AC,18.24,104.49140484186955
252.97,40.0,31.79,15.25,,Central AC,24.12,5626.32
65.76,12.0,24.16,,Educational,Central AC,20.99,1120.37
182.82,25.0,20.43,26.87,Residential,VRF,21.17,1295.21
29.52,5.0,20.92,11.43,Residential,VRF,20.66,344.13
71.7,19.0,24.59,7.57,Educational,Central AC,24.46,1372.68
245.82,45.0,23.27,10.59,Educational,Split AC,22.96,4069.07
117.7,37.0,16.31,6.3,Hospital,VRF,21.81,4435.0
45.81,19.0,36.02,9.24,Office,Split AC,26.43,2237.75
109.0,13.0,18.4,12.53,Hospital,Split AC,20.48,2600.08
60.94,6.0,20.64,12.88,Residential,Rooftop Unit,19.98,933.64
77.97,13.0,27.08,11.17,Residential,Central AC,25.39,1364.74
119.53,15.0,29.11,18.67,,Split AC,26.48,3003.43
178.22,15.0,15.61,6.79,Hospital,VRF,18.69,4102.87
12.94,7.0,12.37,6.57,Residential,VRF,21.2,424.92
22.265285752553822,14.0,32.62,11.18,Hospital,Rooftop Unit,25.6,9082.473654073334
25.37,3.0,-61.30817436503879,11.99,Hospital,VRF,23.38,479.15
161.99,34.0,20.02,11.69,Residential,Split AC,20.58,2255.92
68.19,13.0,25.45,20.8,Office,Split AC,26.23,1099.96
58.88,17.0,43.84,20.76,Educational,Split AC,27.69,1912.86
78.4,7.0,27.8,9.14,Residential,Split AC,28.65,1034.61
86.55,24.0,25.15,26.06520047614512,Office,VRF,24.31,11413.05283052403
28.04,6.0,49.32623590865691,5.25,Educational,Central AC,28.14,1508.74
15.405884081331187,126.0,26.83,7.43,Office,Heat Pump,25.33,665.98
345.75,53.0,11.65,18.42,Commercial,Heat Pump,20.61,8392.94
45.66,9.0,26.6,22.3,Hospital,VRF,24.95,995.24
14.43,4.0,21.26,7.77,Commercial,Rooftop Unit,22.06,408.57
26.12,8.0,30.27,22.27,Office,Heat Pump,22.78,510.46
37.86,10.0,24.35,12.77,Office,split ac,23.35,719.23
101.66,30.0,18.33,11.65,Commercial,Rooftop Unit,19.13,3340.69
24.08,5.0,16.23,9.71,Commercial,VRF,18.36,536.66
38.62,6.0,24.24,7.58,Commercial,Central AC,22.86,885.11
73.67,14.0,29.33,8.7,Hospital,VRF,25.06,2062.53
215.87,42.0,17.88,21.21,Residential,Split AC,19.94,3028.55
25.04,3.0,31.39,10.35,Residential,Central AC,27.06,426.76
18.67,7.0,12.15,22.64,Residential,Central AC,19.86,-121.70699337939183
42.81,7.0,16.81,14.68,Commercial,Split AC,20.48,915.7
35.95,20.0,26.44,13.32,Residential,VRF,25.54,631.01
23.73,6.0,17.62,13.4,Residential,Rooftop Unit,18.0,543.5
27.91,8.0,14.2,13.07,Hospital,Heat Pump,21.99,741.76
254.56977406869055,8.0,26.92,13.01,Office,VRF,27.41,123.99768865672351
21.35,1.0,23.08,18.2,Residential,Central AC,22.93,279.8
66.4,7.0,27.11,7.38,Residential,Heat Pump,26.37,592.77
51.13,,31.03,11.72,Office,Split AC,24.64,1870.38
154.89,11.0,38.6,10.71,Commercial,Split AC,26.01,6244.68
48.72,17.0,22.02,26.88,Residential,Rooftop Unit,21.56,968.28
176.56,20.0,37.83,17.55,Commercial,VRF,23.73,5015.44
14.2,4.0,20.93,12.43,Office,Split AC,20.03,278.37
10.81,7.0,43.61,20.84,Hospital,Split AC,28.38,641.11
19.99,5.0,16.07,16.29,Hospital,Heat Pump,19.03,448.75
72.18,19.0,24.15,22.28,Residential,Heat Pump,22.92,853.98
33.78,5.0,25.99,7.32,Commercial,Split AC,23.25,664.34
246.6204066126545,12.0,30.38,12.43,Hospital,Rooftop Unit,26.06,114.11905464190502
188.56,27.0,20.87,20.65,Residential,Split AC,21.73,2449.32
139.74,37.0,24.62,8.75,Office,Central AC,24.15,3211.02
29.91,6.0,23.52,7.79,Commercial,Split AC,23.28,690.27
270.7614132483898,7.0,30.49,7.18,Educational,Split AC,24.44,83.31419656686755
116.37,24.0,33.08,16.97,Commercial,Rooftop Unit,25.86,4251.4
146.74,22.0,25.98,7.05,Residential,VRF,26.72,1954.4
27.61,2.0,27.64,9.99,Hospital,Heat Pump,26.32,421.9
16.568280872888643,108.0,30.71,11.6,Office,Central AC,26.41,1910.18
11.016181155950294,112.0,19.78,12.92,Residential,Rooftop Unit,20.34,2063.51
16.04678029564827,126.0,23.14,15.99,Commercial,Central AC,24.78,542.38
136.38,14.0,25.45,19.89,Residential,Split AC,26.93,1503.46
160.81,20.0,33.58,9.98,Office,Heat Pump,21.88,3931.66
37.29,14.0,24.15,5.97,Residential,Heat Pump,22.82,591.62
158.07,12.0,42.75,15.59,Educational,Rooftop Unit,30.0,6710.61
24.89,3.0,16.54,27.3,Commercial,Split AC,20.5,387.63
57.27,20.0,31.66,30.0,Residential,Central AC,27.37,1479.99
181.34,10.0,39.6,15.5,Residential,Rooftop Unit,28.04,5740.22
155.97,28.0,22.12,13.51,COMMERCIAL,Split AC,21.76,3428.08
31.92,6.0,6.58,30.0,Residential, Heat Pump,21.64,446.85
349.0798521567594,7.0,32.41,20.71,Educational,Heat Pump,23.86,77.34709072313642
25.45,8.0,27.96,23.38,Commercial,Rooftop Unit,26.75,757.22
101.48,27.0,44.22,6.12,Residential,Heat Pump,26.07,3608.2
27.63,2.0,11.04,29.6,Residential,Central AC,18.96,384.9
,35.0,31.42,18.04,Commercial,Central AC,25.58,5161.9
32.87,11.0,23.0,10.87,Residential,Rooftop Unit,22.71,766.27
282.11,28.0,5.79,12.3,Residential,VRF,21.96,5858.53
,27.0,23.8,8.29,Residential,Rooftop Unit,24.8,2792.61
47.96,15.0,31.82,17.69,Commercial,Heat Pump,22.65,1156.34
201.51,25.0,19.46,8.39,Office,Rooftop Unit,20.14,3507.75
28.07,-5.0,27.09,10.46,Hospital,Central AC,24.48,714.14
179.29,14.0,35.26,9.21,Office,Central AC ,28.23,4864.51
11.12,2.0,21.72,12.22,Residential,Split AC,23.1,164.48
27.72,1.0,17.38,10.76,Commercial,VRF,20.21,395.12
282.96,48.0,39.04,16.73,Residential,Rooftop Unit,27.84,9943.04
24.26,8.0,33.8,7.97,Residential,VRF,23.96,604.4
23.66,4.0,10.81,17.7,Educational,Heat Pump,19.17,363.48
29.85,3.0,31.11,11.14,Residential,split ac,23.48,538.75
32.73,5.0,9.04,13.8,Residential,Central AC,18.57,894.82
23.07,6.0,36.99,7.21,Residential,Central AC,27.12,853.53
36.9,14.0,39.4,4.63,Commercial,VRF,23.95,1955.77
40.52,14.0,6.65,6.4,Commercial,Split AC,18.75,1956.56
72.83,14.0,16.42,26.28,COMMERCIAL,Central AC,18.63,1550.31
15.86,1.0,31.96,23.12,Residential,Heat Pump,22.89,146.21
58.27,14.0,15.62,9.9,Office,VRF,19.85,1237.73
71.45,15.0,26.96,13.15,Office,Rooftop Unit,23.85,1930.81
39.85,12.0,23.39,30.0,Residential,Split AC,24.43,564.81
12.99,5.0,22.5,13.93,Commercial,Split AC,25.1,344.34
195.43,12.0,32.91,8.72,Educational,Central AC,26.11,4602.95
96.57,13.0,41.83,16.67,Residential,Central AC,29.09,3078.67
41.24,11.0,31.68,18.45,Educational,Split AC,24.63,1064.21
39.95,19.0,30.27,7.56,Office,VRF,22.9,1398.83
27.11,3.0,81.84031923135178,13.44,Hospital,Rooftop Unit,20.95,1148.54
20.26,5.0,22.36,5.61,Hospital,Central AC,19.66,645.29
127.08,23.0,35.69,12.15,Office,VRF,24.13,3600.97
77.35,9.0,33.18,13.33,Educational,Heat Pump,23.26,1496.65
69.6,20.0,85.02446160594616,4.96,Residential,Rooftop Unit,27.45,2387.66
22.28,-4.0,23.04,8.99,Educational,Central AC,22.13,251.59
45.42,5.0,10.65,19.46,Educational,Rooftop Unit,18.85,1205.63
34.68,10.0,12.98,19.76,Commercial,Central AC,18.87,1241.78
19.36,8.0,31.56,13.32,Office,VRF,24.47,553.45
13.55,8.0,14.37,24.92,Hospital,Heat Pump,23.49,536.4
143.92,11.0,26.76,21.6,Office,Split AC,26.07,1633.29
15.66,2.0,21.6,27.304529829173088,Commercial,Split AC,21.6,10243.396922413238
23.6,3.0,15.17,28.91,Educational,Split AC,18.0,358.84
75.68,9.0,8.16,12.12,Commercial,Split AC,18.19,2798.56
79.67,19.0,26.46,9.7,Residential,Heat Pump,24.5,1000.36
42.83,18.0,9.92,30.0,Residential,Heat Pump,20.14,703.82
66.56,11.0,34.2,8.79,Educational,VRF,21.74,1814.5
23.398798158379186,6.0,32.8,7.09,Residential,Central AC,24.89,13946.396280161964
14.99,3.0,18.29,8.03,Residential,Central AC,18.93,238.78
32.18,13.0,25.74,7.23,Office,Central AC,23.35,1065.64
24.04,8.0,15.64,11.34,Educational,VRF,18.32,489.65
301.8237489146224,5.0,38.59,8.44,Residential,Central AC,29.06,117.74168492747941
29.91,-8.0,28.32,18.55,Residential,Split AC,25.97,343.25
27.51,7.0,43.2,25.49,Residential,Rooftop Unit,29.76,1038.36
153.58,32.0,9.74,0.5529523403870608,Commercial,Heat Pump,20.66,12117.962036328474
29.09,2.0,20.03,11.41,Office,Heat Pump,21.89,311.03
21.09,4.0,28.23,16.61,Commercial,Rooftop Unit,27.68,476.99
76.59,8.0,27.28,14.34,Educational,Central AC,25.1,1028.87
149.14,31.0,9.27,16.46,Commercial,Split AC,18.86,4929.29
10.72,4.0,16.66,6.22,Residential,Split AC,19.56,295.06
109.86,25.0,11.85,-7.708078523571544,Office,Rooftop Unit,18.0,3642.43
54.43,16.0,26.22,9.18,Office,VRF,24.65,1017.87
55.01,10.0,23.11,13.16,Office,Rooftop Unit,22.85,1262.85
161.22,23.0,23.49,5.84,Office,Rooftop Unit,24.24,3529.9
42.06,12.0,43.48,5.74,OFFICE,Heat Pump,24.98,1542.93
16.32,3.0,52.92056618113077,6.75,Residential,Heat Pump,25.51,187.13
45.7,,29.1,24.09,Office,Central AC,25.8,1389.33
27.47,,29.3,10.26,Educational,Rooftop Unit,26.28,807.31
18.97,7.0,16.55,24.51,Residential,Central AC,18.91,327.16
11.63,4.0,38.02,17.02,Educational,Split AC,27.32,377.33
32.54,20.0,30.54,13.2,Residential,Rooftop Unit,24.84,1285.4
74.01,11.0,24.05,8.88,Educational,Split AC,22.36,1114.65
29.14,5.0,6.69,4.82,Residential,Heat Pump,21.59,748.65
23.36,8.0,32.17,16.81,Residential,Split AC,24.48,645.07
188.68,2.0,17.48,13.76,Residential,Heat Pump,18.43,12658.833670267664
26.09,2.0,15.89,13.43,Office,Central AC,18.0,422.18
13.66,5.0,16.17,17.98,Residential,Split AC,18.0,263.24
11.26,4.0,24.29,15.08,Residential,Central AC,22.09,231.33
25.65,8.0,25.19,5.52,,Rooftop Unit,24.95,1066.32
25.76,8.0,19.34,14.98,Office,Split AC,21.64,677.26
29.35,3.0,7.5,9.04,Commercial,Heat Pump,21.59,850.41
25.51,8.0,17.65,16.62,Office,Split AC,20.3,563.17
19.81,8.0,21.46,11.77,Commercial,Central AC,22.13,633.78
46.82,16.0,15.2,15.61,Residential,Split AC,,959.78
50.64,8.0,15.45,6.47,Educational,Rooftop Unit,19.18,1073.79
75.29,13.0,34.1,17.14,Commercial,Split AC,25.39,2288.29
57.17,19.0,28.96,8.64,Residential,Heat Pump,,1116.06
40.35,15.0,34.37,19.03,Educational,Central AC,25.81,1346.55
28.56,7.0,29.53,30.0,Commercial,Central AC,28.17,630.2
214.9254907433694,2.0,26.05,12.97,Residential,Heat Pump,21.56,87.69393341398664
46.42,13.0,33.06,21.24,Hospital,Split AC,24.34,1793.51
45.92,16.0,29.66,21.42,residential,Split AC,27.14,1154.25
72.75,15.0,10.5,21.58,Office,Split AC,19.09,1985.15
15.170088538020956,6.0,10.82,17.08,Residential,Rooftop Unit,20.82,10461.02445692748
65.12,12.0,11.85,6.54,Residential,Central AC,19.4,1702.07
24.93,8.0,22.26,6.53,Residential,Split AC,22.74,558.63
253.2213453494275,10.0,36.45,7.22,Commercial,VRF,20.51,63.831024390234155
15.25,6.0,26.45,10.54,Residential,Central AC,24.71,334.03
15.8,4.0,19.88,29.75,Residential,Rooftop Unit,23.61,271.92
36.56,20.0,5.0,14.84,Residential,Split AC,19.52,1390.88
18.06,3.0,20.32,12.44,Office,Heat Pump,22.62,272.15
27.3,1.0,21.72,20.58,Hospital,Split AC,22.51,325.13
15.21,3.0,15.2,7.64,,Split AC,18.0,420.6
26.7,5.0,14.39,20.89,Hospital,Central AC,18.9,820.85
11.3,4.0,13.13,12.42,Commercial,Split AC,22.2,507.77
18.91,7.0,24.01,15.91,Commercial,VRF,24.94,373.79
92.96,20.0,18.09,7.38,Residential,Central AC,20.19,1639.85
78.7,9.0,24.45,15.85,Educational,Split AC,22.34,1086.41
64.71,16.0,31.45,15.95,Residential,Split AC,24.0,1621.99
12.73,6.0,17.61,28.82,Educational,Rooftop Unit,19.97,392.98
47.95,8.0,29.04,20.5,Residential,Heat Pump,28.37,485.2
58.44,12.0,43.83,,Office,VRF,23.7,1690.03
174.1,23.0,38.64,13.6,Educational,Central AC,27.28,5511.73
166.62,22.0,7.46,11.38,,Split AC,18.3,4689.3
26.32,1.0,30.79,17.49,,Rooftop Unit,26.32,799.23
74.9,13.0,34.25,5.24,Educational,Rooftop Unit,26.47,2938.99
20.12,4.0,17.45,23.28,Residential,Split AC,19.1,278.72
14.04,2.0,12.55,23.45,Residential,Split AC,20.91,145.32
36.79,8.0,16.45,8.15,Residential,VRF,18.64,535.67
49.22,11.0,28.78,11.27,Office,VRF,27.69,790.64
10.173665075750659,36.0,36.53,14.02,Residential,VRF,24.3,14391.128823619623
77.1,11.0,20.64,7.49,Hospital,Central AC,22.7,2126.2
22.27,5.0,27.32,11.61,Office,Split AC,24.78,425.23
13.34,7.0,26.18,12.68,Hospital,Rooftop Unit,26.98,594.82
32.55,8.0,15.27,28.45,Residential,Split AC,18.0,479.96
20.47,8.0,27.11,18.74,Commercial,Rooftop Unit,22.69,712.55
36.65,15.0,22.32,8.19,Commercial,Rooftop Unit,21.74,1549.79
191.36,23.0,17.89,8.36,Educational,Split AC,20.68,3721.54
22.19,8.0,28.58,16.82,Residential,VRF,25.29,334.16
63.79,12.0,16.63,15.92,Educational,VRF,18.0,686.03
70.83,14.0,21.73,,Commercial,Central AC,20.59,1496.75
136.94,31.0,27.56,11.11,Residential,Central AC,25.62,2796.01
28.39,2.0,32.11,16.06,Office,Heat Pump,23.01,469.24
-27.32959438242121,8.0,40.53,17.76,Office,Split AC,28.14,2053.76
27.38,6.0,16.15,18.11,Residential,Split AC,19.54,473.75
64.72,19.0,23.83,22.12,Commercial,Split AC,22.78,1484.16
32.2,20.0,22.42,24.07,Hospital,VRF,,1206.17
15.73,2.0,26.66,23.3,Residential,Central AC,24.14,221.59
26.66,4.0,24.2,10.84,Residential,Split AC,22.7,379.17
26.35,2.0,32.55,8.29,Educational,Split AC,25.89,662.89
56.25,5.0,6.73,9.96,Educational,Central AC,18.0,2372.64
66.04,13.0,29.68,10.92,Residential,Heat Pump,-9.338733740913915,886.31
317.92,45.0,33.59,20.4,Residential,Central AC,26.88,6582.99
71.06,18.0,22.09,9.21,Residential,Heat Pump,20.95,977.98
42.48,11.0,28.2,14.65,Office,Split AC,25.32,1002.52
69.68,20.0,7.41,13.04,Hospital,VRF,20.0,2942.34
49.95,5.0,28.83,7.71,Residential,Central AC,28.03,952.14
,19.0,37.81,25.6,Residential,Split AC,25.41,1864.54
19.69,2.0,16.42,13.33,Office,Central AC,18.33,8875.31199461782
285.7171271685043,3.0,35.75,8.72,Residential,VRF,22.37,197.40782533244035
48.34,14.0,29.55,7.36,Office,Split AC,26.73,1469.18
48.7,6.0,20.64,18.7,Residential,Split AC,21.03,489.71
279.0393956813983,5.0,26.79,8.51,Commercial,Central AC,24.82,193.98600031040525
149.6,,34.49,16.27,Residential,Central AC,27.7,3541.26
26.38,5.0,25.24,11.41,Office,Split AC,23.84,551.63
254.90577162760144,5.0,35.92,7.51,Residential,Split AC,25.56,49.043181053920264
130.99,34.0,27.21,26.681609090597906,Commercial,VRF,22.29,11927.410151915501
306.42,53.0,25.82,15.96,Residential,VRF,24.57,2957.48
35.52,9.0,13.58,10.17,Commercial,Heat Pump,19.95,1053.21
184.7,34.0,43.43,14.22,Residential,Rooftop Unit,30.0,7960.82
,5.0,21.64,16.59,Residential,Rooftop Unit,24.07,228.44
85.77,38.0,18.6,23.06,Educational,VRF,22.54,1714.15
41.87,15.0,15.31,11.31,Residential,Split AC,20.0,859.93
122.76,28.0,25.02,24.41,Residential,Central AC,24.14,2193.72
12.38,2.0,24.13,11.12,Educational,Split AC,22.45,186.26
28.3,4.0,24.5,26.14,Residential,Heat Pump,25.87,287.0
16.85,4.0,31.19,14.17,RESIDENTIAL,Central AC,25.99,374.35
40.64,14.0,18.24,24.84,Office,Split AC,19.63,926.24
20.02,1.0,22.61,10.29,Office,Central AC,22.98,297.9
11.84,5.0,6.05,9.95,Educational,central ac,18.0,488.29
16.735868187192672,86.0,35.02,12.38,Educational,Rooftop Unit,25.06,472.58
170.82,10.0,19.33,21.77,Commercial,CENTRAL AC,20.27,2510.17
-26.486818267163272,6.0,19.33,17.89,Residential,VRF,22.03,514.89
53.06,-1.0,21.01,11.51,Residential,Split AC,21.93,1003.99
27.9,7.0,,13.37,Hospital,VRF,22.62,1147.65
28.65,2.0,30.51,13.09,Commercial,Central AC,25.08,741.83
19.78,2.0,17.36,5.93,Residential,VRF,21.34,10229.466682862194
48.21,2.0,35.39,3.27,Residential,Heat Pump,23.73,8042.8126416995565
17.73,6.0,22.27,12.79,residential,Central AC,24.44,466.52
18.79,3.0,29.74,11.81,Commercial,Central AC,27.62,523.66
22.56,1.0,23.7,15.8,Residential,Split AC,22.39,199.23
180.18,28.0,12.89,16.69,Office,Split AC,20.75,4490.15
65.9,5.0,21.82,6.44,Educational,Split AC,22.48,933.82
10.09,3.0,31.16,18.35,Office,Central AC,25.75,253.41
127.51,31.0,32.12,24.96,Educational,Split AC,23.18,2678.2
119.74,19.0,27.01,30.0,Residential,,25.3,1170.97
66.31,7.0,7.35,12.53,Office,Heat Pump,21.61,1635.62
22.47,3.0,26.76,8.21,Residential,Split AC,24.31,348.47
23.03,1.0,23.23,29.69,Educational,Heat Pump,24.54,196.01
153.46,10.0,23.01,6.89,Office,Central AC,22.85,2522.93
125.47,33.0,32.47,6.56,Residential,Split AC,26.11,-390.22421210497225
-49.74239496228682,6.0,10.01,13.03,Office,Split AC,18.44,962.71
14.678706482840006,119.0,36.11,19.75,Educational,Split AC,25.23,1834.28
29.5,5.0,10.82,20.81,Office,Heat Pump,20.9,503.58
14.71,2.0,87.03013264575563,29.15,Hospital,Central AC,26.47,266.78
169.85,20.0,24.46,7.46, Commercial,Central AC,20.26,3776.37
19.83,2.0,29.51,4.7,Commercial,Split AC,27.75,614.52
79.51,13.0,32.76,28.85,Commercial,Heat Pump,22.49,1140.35
43.02,18.0,24.77,10.75,Hospital,Central AC,25.94,1913.55
16.11030937590055,94.0,25.26,7.85,Commercial,Heat Pump,26.23,292.08
26.98,7.0,5.0,27.1,Residential,Split AC,19.11,620.03
,9.0,24.03,10.47,Hospital,Split AC,25.96,1156.14
34.36,5.0,30.91,10.85,Office,Split AC,24.99,811.67
26.79,6.0,29.09,16.24,Commercial,Central AC,23.97,749.32
78.65,18.0,13.97,13.73,Commercial,Central AC,18.61,2610.37
15.74,5.0,38.82,21.05,Office,Central AC,28.21,561.41
61.24,14.0,23.46,12.23,Hospital,VRF,24.99,1371.27
140.82,28.0,26.66,10.89,Educational,Central AC,24.91,3066.58
27.62,6.0,23.07,8.33,Residential,Split AC,24.33,447.26
35.7,14.0,6.28,23.78,Educational,Central AC,18.0,1114.85
78.05,10.0,44.44,0.12759623105179324,Residential,Split AC,25.95,13633.166255386677
29.67,5.0,19.98,9.99,Residential,Rooftop Unit,21.88,564.43
20.37,6.0,33.32,14.06,Hospital,VRF,21.39,747.92
27.7,6.0,18.39,6.99,Residential,Heat Pump,18.41,361.43
169.43,18.0,33.86,0.5467372764912977,Educational,Heat Pump,24.14,12285.508468572887
74.46,6.0,28.56,20.0,Commercial,Split AC,26.11,1429.99
35.28,8.0,25.76,14.38,Residential,Central AC,25.09,598.45
18.431061350600565,2.0,25.13,5.93,Office,Split AC,23.79,9443.21116117587
25.45,6.0,27.83,14.91,Commercial,Split AC,26.7,609.7
119.41,34.0,15.95,13.85,Residential,Central AC,,2207.93
68.25,19.0,12.78,9.13,Residential,Heat Pump,20.02,1225.55
115.91,38.0,19.34,8.24,Residential,VRF,21.11,2040.26
20.78,7.0,38.75,13.57,Office,Split AC,24.06,1026.59
12.86,5.0,41.42,27.57,Residential,Rooftop Unit,27.27,323.31
283.35613856606767,15.0,16.66,17.39,Residential,Central AC,18.91,125.9360581310182
35.32,13.0,17.08,12.84,Office,Rooftop Unit,21.33,1207.29
44.66,11.0,25.12,9.94,Commercial,VRF,22.2,
35.77,15.0,25.43,12.47,Residential,VRF,22.37,606.35
12.74,2.0,30.43,13.09,Commercial,Central AC,26.35,316.03
29.89,6.0,24.28,14.48,Educational,Split AC,25.35,407.55
72.44,18.0,25.28,24.28,Commercial,Central AC,23.56,1712.44
16.56,1.0,20.75,8.04,Residential,Split AC,21.57,148.39
101.72,29.0,8.51,7.6,Residential,VRF,19.81,2696.31
177.34,11.0,6.37,10.32,Commercial,VRF,20.9,5940.47
24.86,4.0,16.7,7.37,Educational,Rooftop Unit,20.05,571.89
70.48,15.0,16.77,26.675609149899785,Office,Central AC,19.87,13884.06783382337
64.69,11.0,22.74,13.7,Office,Split AC,21.08,970.7
206.96,34.0,27.21,11.79,Commercial,Split AC,25.65,5327.6
286.1999720556622,1.0,25.61,23.55,Commercial,Rooftop Unit,24.86,136.05276762983783
-48.43482153669084,44.0,6.1,15.73,Office,Central AC,18.07,8702.73
11.7,7.0,36.52,16.71,Residential,Heat Pump,23.22,345.34
44.96,9.0,25.48,16.91,Educational,Central AC,24.49,528.16
,19.0,30.72,14.35,Educational,Split AC,24.12,2307.62
24.48,6.0,9.73,9.39,Educational,Central AC,18.26,883.08
32.72,15.0,63.27575988639747,21.22,Educational,Heat Pump,25.05,1000.58
77.74,14.0,38.25,9.1,Commercial,Split AC,29.42,2766.89
32.96,7.0,31.77,9.78,Residential,Split AC,25.41,835.05
36.77,19.0,41.7,27.69,Residential,Split AC,26.18,1161.39
-34.53952082135733,3.0,28.91,9.75,Commercial,Central AC,24.97,476.32
43.18,10.0,30.44,16.52,Office,VRF,22.26,888.5
27.7,1.0,,6.5,Residential,Central AC,27.76,1031.66
123.78,39.0,20.76,8.29,office,Heat Pump,22.08,2247.0
76.43,6.0,21.86,12.81,Office,Rooftop Unit,23.74,1322.31
246.3,48.0,13.42,23.29,Residential,VRF,20.54,3441.12
71.86,7.0,22.14,22.81,Residential,Split AC,22.46,572.91
20.4,6.0,12.45,14.4,Hospital,VRF,19.89,658.34
116.84,13.0,7.71,14.02,Educational,Central AC,18.0,3721.21
12.44,5.0,15.83,10.54,Educational,Split AC,18.52,290.44
-21.770611103020457,8.0,24.73,17.58,Hospital,Split AC,21.77,1402.83
90.63,30.0,30.28,13.09,Office,Split AC,22.58,2756.84
56.44,20.0,22.81,16.76,Commercial,Rooftop Unit,22.56,1597.56
24.99,8.0,9.81,7.67,Office,Split AC,19.96,1140.8
57.51,12.0,33.95,20.02,Office,VRF,26.05,1197.38
17.62,4.0,20.67,12.89,Commercial ,Split AC,22.02,386.49
37.98,13.0,42.37,11.69,Hospital,VRF,23.13,2511.22
16.29,5.0,5.37,-8.74767973975349,Educational,Heat Pump,20.44,531.93
56.07,8.0,31.61,14.22,Hospital,Split AC,25.53,1838.51
11.06,2.0,36.2,21.77,Office,Heat Pump,23.48,257.62
300.9711381327943,1.0,23.04,13.78,Commercial,Split AC,21.49,65.22448683280541
72.95,16.0,17.16,9.27,Office,Central AC,20.52,1896.82
68.81,7.0,29.15,6.7,Office,Split AC,25.6,1558.75
27.69,-8.0,6.07,26.52,Office,Rooftop Unit,18.0,1008.92
320.86,26.0,32.81,21.48,Residential,Split AC,,5428.31
14.45,5.0,20.42,12.82,Residential,Rooftop Unit,19.9,314.37
23.02,2.0,25.16,17.84,Educational,Split AC,23.06,329.39
15.881710185505252,18.0,17.06,15.27,Office,Central AC,18.7,12563.871079438984
177.29,23.0,18.93,27.82,Hospital,VRF,20.03,2471.28
87.39,29.0,56.91960451000049,15.51,Office,VRF,21.44,2002.11
43.04,13.0,33.18,14.38,Commercial,Central AC,25.5,1942.9
303.94,31.0,32.06,20.17,Commercial,Split AC,23.64,6996.18
46.2,19.0,27.31,0.5555542918718006,Commercial,Heat Pump,25.2,10996.791359685038
69.96,16.0,20.06,11.02,Residential,Heat Pump,19.19,767.04
250.23,41.0,23.21,8.66,Educational,Heat Pump,25.45,3401.76
122.66,1.0,24.95,9.52,Residential,Split AC,22.41,12800.689936221585
61.93,1.0,21.03,8.96,Residential,Split AC,19.54,11386.216697053587
43.22,8.0,31.19,5.64,Commercial,Heat Pump,24.22,1365.28
41.44,18.0,22.41,6.13,Residential,VRF,22.83,812.06
111.48,34.0,18.55,15.97,Hospital,Central AC,20.04,3769.68
54.38,19.0,19.04,28.86,Residential,Split AC,18.23,933.33
255.43,39.0,29.58,4.73,Office,Heat Pump,27.53,5125.38
21.3,6.0,27.28,9.1,Office,Rooftop Unit,26.34,699.58
27.67,1.0,35.93,15.88,Office,Central AC,25.83,838.6
55.11,17.0,34.18,12.94,Residential,Central AC,25.08,1711.65
29.33,2.0,29.34,8.6,Office,Split AC,28.99,492.77
54.09,8.0,86.38587130168236,6.94,Commercial,VRF,25.68,1016.41
28.26,8.0,30.51,21.39,Office,Heat Pump,21.95,590.87
48.75,7.0,24.15,27.273656121654298,Office,Rooftop Unit,23.44,10716.82522512702
163.83,16.0,5.95,8.78,Commercial,VRF,20.71,6550.93
70.13,19.0,40.21,12.88,Residential,Split AC,25.88,1756.6
22.17,3.0,23.18,25.05,Residential,Split AC,20.71,232.95
17.76,,30.04,16.9,Hospital,Split AC,26.11,560.34
78.64,17.0,20.54,13.98,Office,Central AC,21.73,1855.87
283.86523772823796,33.0,5.0,8.41,Office,Split AC,18.66,174.2514218947931
169.83,14.0,15.32,10.75,Commercial,Heat Pump,19.01,3202.76
25.76,6.0,32.93,11.15,Office,Central AC,27.51,1030.07
23.79,6.0,27.3,15.91,Hospital,Central AC,25.86,820.85
38.13,11.0,8.92,14.66,Residential,Heat Pump,23.35,-165.19403983250754
187.18098528318376,25.0,19.92,7.77,Office,VRF,22.1,45.72185438330365
26.39,2.0,23.13,19.83,Residential,Central AC,22.43,228.59
18.064293143663377,98.0,13.27,17.07,Office,Central AC,18.0,618.42
170.62,17.0,11.7,19.05,residential,Central AC,18.02,2949.34
159.46,17.0,36.65,20.08,Residential,Central AC,26.35,3434.51
324.14,50.0,20.5,0.7515510009667251,Office,VRF,21.2,9119.16440239041
14.454065606179007,17.0,36.26,10.31,Office,Split AC,25.34,10614.017673516615
72.74,17.0,27.27,29.45533691184685,Educational,Heat Pump,26.34,9513.378616211328
14.09,3.0,35.84,15.69,office,Split AC,24.44,542.1
68.94,15.0,29.07,14.59,Office,Rooftop Unit,27.6,1715.55
12.01,2.0,24.01,14.56,Educational,Heat Pump,22.84,126.04
134.92,23.0,25.76,15.37,Residential,Split AC,24.73,2030.89
150.48,25.0,42.06,10.8,Educational,Split AC,25.98,6173.92
13.49,4.0,14.96,27.31,Office,Central AC,21.68,336.69
73.84,-9.0,27.32,3.6,Residential,Split AC,27.54,1452.72
25.15,4.0,25.24,20.93,Educational,Central AC,22.79,400.66
46.17,18.0,65.20235953016734,30.0,Hospital,Central AC,22.63,1509.03
20.49,6.0,31.41,15.43,Office,Split AC,24.88,650.97
130.38,37.0,31.3,8.58,Office,Split AC,24.9,3757.41
148.23,29.0,5.0,4.57,Hospital,Heat Pump,19.8,6041.8
169.27,11.0,20.11,14.1,Educational,Rooftop Unit,21.29,2156.1
38.53,10.0,18.27,13.66,Residential,Central AC,20.44,707.79
21.3,7.0,30.94,19.31,Educational,Heat Pump,23.02,477.35
55.36,14.0,19.38,7.77,Residential,Heat Pump,20.8,820.64
33.78,15.0,29.93,13.61,Office,Split AC,28.1,1197.54
69.9,18.0,21.97,4.76,Residential,Split AC,21.19,1514.74
29.99,7.0,18.67,8.96,Commercial,Split AC,20.06,676.12
253.39,47.0,12.72,30.0,Commercial ,Heat Pump,21.52,3374.86
31.41,9.0,26.42,14.41,,VRF,26.45,403.39
59.18,19.0,25.64,12.25,Residential,Rooftop Unit,24.24,1451.76
23.86,2.0,28.86,8.5,Educational,Rooftop Unit,26.45,575.75
13.76,6.0,-56.37793160344276,19.07,Office,VRF,20.16,412.1
,3.0,24.41,18.12,Residential,VRF,23.45,199.63
14.02,7.0,17.15,10.03,Office,heat pump,19.34,360.6
70.6,14.0,26.7,12.68,Hospital,VRF,26.02,1652.33
16.62,3.0,25.82,12.51,Residential,Split AC,25.42,241.1
52.61,7.0,51.541868156693376,6.36,Commercial,Central AC,26.85,1700.19
22.01,8.0,37.23,11.2,Educational,Central AC,27.63,943.95
183.22,14.0,16.56,10.62,Office,VRF,19.55,3059.31
15.96,1.0,26.89,27.15,Residential,Rooftop Unit,26.51,151.59
74.91,16.0,32.26,17.27,Educational,Central AC,25.31,1987.24
28.75,3.0,44.02,8.72,Educational,Central AC,29.54,1223.1
140.84,32.0,32.13,6.9,Residential,VRF,24.2,3482.55
19.549135983429345,93.0,29.66,9.6,Hospital,VRF,25.51,1558.58
75.96,19.0,24.21,15.06,Residential,VRF,26.27,971.09
73.42,7.0,16.83,15.47,Commercial,Central AC,19.84,1605.45
26.4,8.0,43.35,6.57,Office,Central AC,28.75,1439.29
22.16,1.0,20.86,12.83,Office,Rooftop Unit,21.6,11718.124213072428
25.76,5.0,10.05,7.79,Commercial,Split AC,19.21,902.44
157.52,25.0,25.89,11.11,Residential,VRF,26.87,1759.77
10.52,5.0,31.71,10.48,Residential,Heat Pump,23.13,212.89
14.458772075694313,122.0,16.95,20.43,Office,VRF,18.0,1014.23
73.35,14.0,27.33,20.98,Office,Split AC,24.2,1398.28
22.52,4.0,36.39,13.34,Commercial,Rooftop Unit,28.7,990.19
58.77,8.0,12.12,19.63,Residential,Split AC,22.49,1218.67
65.78,15.0,33.68,14.37,Commercial,Split AC,23.7,2225.88
45.54,11.0,26.87,6.26,Residential,,25.86,955.93
58.25,15.0,5.0,9.47,Hospital,Split AC,19.72,4113.75
55.7,15.0,34.72,19.93,Residential,VRF,25.47,1002.24
17.37,1.0,18.43,19.13,Office,VRF,21.99,8500.385075257214
161.38,26.0,30.67,14.22,Office,Split AC,25.43,4244.92
26.86,1.0,23.59,28.68,Commercial,Split AC,22.63,249.13
31.95,17.0,39.56,16.9,Hospital,Rooftop Unit,26.82,2355.84
115.81,13.0,36.72,14.06,Residential,Heat Pump,24.21,2173.33
13.4,7.0,23.86,12.02,Residential,Split AC,24.35,400.97
12.17,1.0,28.48,14.82,Commercial,Split AC,25.13,209.71
21.97,6.0,19.28,14.84,Residential,Split AC,20.97,370.67
55.96,11.0,25.06,18.29,Commercial,Split AC,23.33,1104.77
11.21,4.0,14.97,21.0,Residential,Split AC,19.7,180.11
274.9,50.0,25.69,11.98,Commercial,Heat Pump,23.69,3331.73
17.96,2.0,20.22,11.58,Commercial,Split AC,20.01,310.04
12.67,2.0,26.57,19.74,Residential,Split AC,25.11,161.1
-42.30009120334439,6.0,21.76,14.9,Commercial,Central AC,24.07,690.07
16.038606601893488,20.0,17.1,8.92,Residential,Split AC,20.14,15724.498975375467
-21.75179599290263,3.0,25.59,14.36,Commercial,Central AC,25.12,395.42
20.74,1.0,34.35,11.49,Residential,VRF,24.43,448.63
58.88,17.0,43.84,20.76,Educational,Split AC,27.69,1912.86
65.49,5.0,21.92,7.94,Residential,Rooftop Unit,22.53,796.96
47.59,17.0,18.4,10.55,Office,Heat Pump,21.27,860.16
78.02,14.0,79.16728963053842,12.25,Office,Split AC,19.69,1646.08
13.94,3.0,26.81,10.3,Hospital,Central AC,27.52,552.19
144.24,11.0,23.61,14.97,Hospital,Heat Pump,22.64,1746.96
32.03,20.0,24.2,18.46,Residential,Central AC,21.99,786.55
30.28,8.0,21.0,15.16,Residential,Heat Pump,22.52,396.52
20.04,3.0,16.67,16.14,Office,CENTRAL AC,20.97,333.47
151.42,35.0,26.06,-7.280375247327188,Commercial,Split AC,24.43,3760.96
10.55,4.0,39.17,22.54,Office,Heat Pump,23.38,339.54
143.52,32.0,27.41,18.81,Office,Heat Pump,22.04,2012.47
11.16,3.0,31.43,13.22,Residential,Heat Pump,24.09,214.62
147.28,22.0,39.88,9.47,Residential,VRF,25.42,4562.99
12.38,4.0,26.89,4.16,Commercial,Split AC,26.04,377.78
10.099455248184926,85.0,21.83,11.4,Residential,Heat Pump,22.84,722.68
31.6,10.0,8.61,13.09,Commercial,Central AC,18.33,1377.62
74.2,11.0,20.3,18.52,Commercial,Rooftop Unit,20.22,1589.14
75.72,19.0,29.84,13.42,Commercial,Split AC,26.5,2282.39
154.67,39.0,25.67,10.78,Residential,Heat Pump,23.35,2352.63
123.28,38.0,33.98,16.47,Office,Rooftop Unit,27.34,4688.06
37.22,10.0,29.8,17.54,Residential ,Split AC,25.12,799.05
21.77,2.0,16.8,11.2,Office,Central AC,18.0,292.19
296.3345108566928,3.0,21.85,5.8,Residential,Split AC,21.68,80.32341467097626
19.73,1.0,20.26,10.62,Residential,Central AC,22.56,238.98
48.46,16.0,25.69,21.18,Residential,Central AC,24.03,895.02
35.55,12.0,8.24,17.71,Commercial,Heat Pump,20.55,1012.04
10.94,6.0,31.87,20.37,Educational,Central AC,24.74,478.77
42.82,6.0,14.22,17.87,Residential,Rooftop Unit,21.34,888.83
21.09,8.0,41.44,11.49,Residential,Split AC,28.57,752.29
16.28,2.0,23.02,12.88,Educational,Central AC,23.93,
13.659563445441156,127.0,27.54,17.67,Hospital,VRF,25.04,1043.7
25.94,3.0,43.76,19.0,Residential,Central AC,29.97,865.58
,8.0,22.49,20.66,Residential,Split AC,21.83,545.24
61.74,17.0,20.25,8.61,Office,Split AC,18.25,1274.4
20.11,7.0,26.08,20.01,Residential,VRF,25.87,285.2
148.8,32.0,33.14,16.68,Residential,VRF,24.38,2807.0
53.78,6.0,17.67,23.34,Educational,Split AC,18.67,643.99
270.66,41.0,26.97,13.44,Office,Rooftop Unit,24.32,6296.21
61.72,13.0,22.15,21.2,Residential,VRF,22.0,673.45
15.15,4.0,26.84,16.75,Commercial,VRF,25.0,288.81
51.82,9.0,34.68,10.76,Residential,Split AC,25.26,1505.41
101.76,34.0,20.6,26.02,Hospital,Split AC,21.84,3036.5
96.96,37.0,17.63,17.39,Educational,Split AC,19.92,2292.95
15.28,6.0,31.78,4.99,Commercial,Central AC,24.85,806.19
28.98,1.0,26.36,22.36,Office,Heat Pump,24.01,271.88
27.43,3.0,-51.396483194840826,6.05,Educational,Central AC,20.83,910.27
138.54,34.0,24.73,10.88,Commercial,Rooftop Unit,28.05,3606.15
57.07,20.0,19.58,13.51,Residential,Rooftop Unit,22.28,1311.55
12.34,7.0,41.79,25.27,Hospital,VRF,23.26,602.09
45.36,19.0,40.52,20.03,Residential,Central AC,28.7,-498.9976035170581
16.66165512631815,95.0,19.17,19.7,Residential,Central AC,18.91,414.52
81.6,11.0,26.8,20.08,Office,Split AC,24.13,1371.92
257.49711692305044,1.0,10.76,10.18,Office,Central AC,18.65,74.66336941406192
166.38,39.0,16.95,5.74,Hospital,,18.25,5578.86
206.84494343913505,15.0,30.49,18.45,Commercial,Central AC,24.09,54.756743905366
195.07,20.0,27.96,28.04274143194621,Residential,Split AC,27.16,9436.518815878242
21.69,8.0,8.19,11.03,Residential,Rooftop Unit,18.18,890.1
197.21,31.0,35.42,15.38,Office,Central AC,25.28,5943.2
18.01,3.0,17.69,0.9176844287632394,Residential,Central AC,21.14,8999.65241640119
86.96,32.0,16.68,5.32,Educational,Rooftop Unit,20.5,3078.27
69.9,17.0,29.92,9.55,Residential,Split AC,29.22,1418.43
17.25,7.0,16.5,13.6,Hospital,,18.41,791.46
61.3,19.0,28.29,12.94,Residential,Split AC,24.98,1707.66
68.94,15.0,8.43,17.01,Commercial,VRF,22.76,2370.5
29.99,6.0,19.54,19.43,Commercial,Split AC,21.95,602.85
46.75,16.0,16.82,13.46,Educational,VRF,19.71,818.05
20.73,4.0,19.51,12.96,Hospital,,20.17,529.06
72.6,7.0,26.65,18.69,Hospital, Split AC,25.46,1356.85
49.8,11.0,12.89,-1.4668834423341908,Office,Heat Pump,20.85,1112.29
29.48,2.0,23.03,22.98,Residential,Central AC,25.26,304.69
24.18,1.0,23.03,17.87,Residential,Split AC,22.01,264.91
57.51,11.0,33.95,20.02,Office,VRF,26.05,1197.38
18.47,8.0,16.36,24.35,Office,VRF,21.26,383.18
53.63,6.0,32.71,10.45,Commercial,Central AC,24.38,2108.21
20.97,6.0,22.77,5.43,Residential,VRF,20.48,354.49
39.76,15.0,23.88,6.59,Educational,Heat Pump,25.34,710.87
24.7,2.0,43.43,21.91,Residential,VRF,25.7,440.42
16.44,4.0,23.45,14.86,Commercial,Split AC,24.62,284.45
96.76,14.0,22.0,-2.26360323697692,Educational,Rooftop Unit,21.92,1384.92
31.05,1.0,24.18,23.93,Residential,Heat Pump,22.88,8855.951209861085
18.66,6.0,37.12,10.66,Residential,Central AC,26.79,714.62
11.47,8.0,27.01,12.24,Office,Split AC,25.22,477.17
86.98,16.0,18.66,12.06,Office,Central AC,22.24,1839.55
38.68,5.0,54.81412941927472,22.73,Educational,Rooftop Unit,27.84,1375.7
68.34,11.0,19.72,16.23,Office,Central AC,19.99,1146.01
176.12,12.0,7.88,7.58,Educational,Central AC,18.0,5986.31
24.54,8.0,19.68,9.65,Office,VRF,20.85,456.31
26.02,4.0,18.78,7.75,Educational,Central AC,21.48,584.88
13.8,8.0,25.48,22.6,Office,VRF,24.22,364.46
24.47,5.0,33.41,12.59,,Heat Pump,24.25,494.15
30.24,7.0,35.43,3.61,Commercial,VRF,26.52,1095.21
10.55,6.0,38.48,19.22,Office,Split AC,24.88,514.15
142.21,23.0,,10.56,Office,VRF,21.39,2790.82
323.77,25.0,40.39,26.02,Office,VRF,27.65,6225.32
43.54,16.0,16.16,30.0,Residential,VRF,18.37,608.41
74.98,8.0,23.01,24.09,Hospital,Central AC,21.06,1540.71
73.28,7.0,19.21,8.6,Office,Split AC,19.56,938.71
62.73,18.0,23.01,26.75956115559107,Residential,Central AC,23.77,9705.717756486412
68.44,19.0,34.88,6.15,Educational,Split AC,24.13,2157.41
64.0,16.0,26.27,7.86,Residential,Heat Pump,25.01,873.3
159.3,38.0,20.28,16.32,Educational,Heat Pump,18.53,2162.08
59.2,10.0,24.8,25.01,Educational,Central AC,21.31,823.39
11.08,8.0,20.42,16.92,Office,VRF,24.05,375.09
44.15,16.0,23.93,11.16,Office,Central AC,23.32,1060.45
250.51,20.0,24.37,12.02,Residential,Rooftop Unit,22.36,3785.11
21.23,7.0,22.71,16.71,Commercial,Split AC,22.27,540.86
64.96,19.0,37.93,4.97,Educational,Heat Pump,21.58,2253.8
182.84,15.0,7.41,25.72,Commercial,Central AC,18.0,4565.6
20.02934084333918,91.0,32.59,20.26,Commercial,Split AC,25.74,2967.02
77.45,12.0,18.48,13.32,Residential,Central AC,21.26,1122.44
66.77,13.0,21.41,10.27,Residential,Central AC,22.84,1060.34
56.55,15.0,16.91,19.51,Office,Split AC,19.59,1071.96
14.72,1.0,27.77,9.08,Commercial,Rooftop Unit,27.9,263.43
44.7,11.0,21.08,9.26,Commercial,,22.91,1307.53
24.45,2.0,17.71,19.18,Commercial,,19.98,372.99
19.06,1.0,23.71,16.59,Commercial,Split AC,19.37,370.76
-34.133002927295095,14.0,40.03,16.47,Residential,Central AC,26.65,1355.31
12.9,2.0,31.25,20.75,Office,Rooftop Unit,23.62,213.71
22.04,7.0,24.04,17.85,Commercial,Split AC,21.96,723.26
23.37,8.0,12.87,5.9,Hospital,Heat Pump,22.96,988.75
22.13,1.0,22.06,13.89,Residential,Heat Pump,21.93,125.94
10.12,3.0,17.67,21.27,Office,Central AC,19.46,243.46
105.34,15.0,23.91,16.72,Commercial,Heat Pump,23.75,1357.6
347.91,46.0,25.74,25.35,Office,VRF,25.87,3632.94
19.85,7.0,12.7,20.75,Commercial,Central AC,19.2,880.28
13.1,4.0,16.28,30.0,Hospital,VRF,18.87,299.61
55.16,13.0,18.85,23.67,Office,Heat Pump,20.06,758.81
12.46,-3.0,13.24,29.3,Residential,Heat Pump,21.08,147.87
15.15,1.0,11.45,13.39,Hospital,Split AC,20.31,552.29
63.84,15.0,25.17,16.43,Commercial,Heat Pump,24.86,1021.85
22.45,3.0,32.61,12.47,Office,Central AC ,24.96,654.43
13.19,8.0,27.49,6.55,,Split AC,26.27,359.27
60.16,7.0,12.12,12.34,Educational,Split AC,20.97,1369.56
16.23,7.0,40.26,12.39,Residential,Central AC,28.77,575.31
243.71,26.0,21.66,23.36,Commercial,Split AC,22.01,4012.88
51.22,14.0,9.52,12.49,Residential,Split AC,21.4,1477.51
125.78,19.0,34.43,5.37,Residential ,Central AC,27.09,3787.32
164.03,21.0,32.02,-8.569095775905005,Residential,Central AC,23.71,3951.61
13.980303427349503,85.0,21.05,17.99,Commercial,Split AC,22.3,701.7
26.59,5.0,25.8,21.61,Office,VRF,23.45,338.03
154.22,19.0,17.67,14.25,Educational,Central AC,20.26,2501.27
302.11,40.0,22.31,17.25,Educational,VRF,22.62,2721.63
25.49,4.0,11.96,26.12,Residential,Central AC,20.93,533.68
51.44,20.0,24.32,15.37,Office,Split AC,23.19,1385.58
16.24,7.0,21.86,25.27,Residential,Rooftop Unit,22.58,335.97
315.16,23.0,34.91,11.16,Educational,Rooftop Unit,25.28,9276.37
24.39,6.0,20.28,21.6,Hospital,Rooftop Unit,20.03,706.95
10.29,7.0,25.76,10.62,Office,Split AC,22.53,425.96
17.92,8.0,32.9,12.99,Residential,VRF,26.7,472.69
154.06135412792906,23.0,6.77,17.0,Residential,Split AC,18.47,99.08046422996854
43.94,13.0,41.45,0.5924199279879373,Residential,Central AC,28.68,12615.407373705795
-7.0973219894708155,7.0,21.83,17.86,Residential,Split AC,23.07,340.1
133.07,15.0,29.6,26.5,Educational,Split AC,26.69,1839.77
56.56,14.0,5.1,13.3,,Split AC,18.0,2068.3
19.37,2.0,26.83,10.0,Hospital,Rooftop Unit,25.56,470.05
21.63,1.0,15.45,20.18,Residential,Central AC,18.0,232.39
77.05,18.0,30.31,30.0,Hospital,Rooftop Unit,25.36,2125.3
24.45,6.0,34.33,23.6,Commercial,Central AC,26.26,738.42
11.19,3.0,15.79,10.19,Office,Split AC,19.27,260.74
17.41,3.0,18.19,7.37,Commercial,Central AC,20.31,472.86
26.01,5.0,19.71,13.32,Commercial,VRF,20.79,309.89
64.74,10.0,5.6,14.64,Commercial,Central AC,18.0,3112.89
60.04,17.0,27.3,13.94,Residential,Heat Pump,25.13,772.75
139.29,39.0,-60.96707665523961,12.21,Office,Central AC,26.19,5831.69
92.37,33.0,27.68,3.94,Residential,Rooftop Unit,27.39,2211.56
31.84,5.0,26.27,12.12,Educational,Split AC,24.15,531.0
19.02,3.0,23.58,11.32,Commercial,Split AC,22.42,318.62
19.29,1.0,19.95,18.31,Hospital,Central AC,19.5,247.84
177.04,17.0,25.84,18.68,Residential,Central AC,25.55,2025.27
41.19,15.0,30.91,6.12,Residential,Rooftop Unit,25.98,1614.43
60.05,5.0,32.79,12.75,Residential,Rooftop Unit,25.79,1384.89
148.84,20.0,20.66,25.2,Office,Split AC,21.81,1969.46
56.11,16.0,24.94,12.9,Hospital,Central AC,21.85,1668.51
21.59,1.0,38.11,23.88,Commercial,Central AC,26.81,540.41
167.25,10.0,22.61,15.97, Office,Heat Pump,20.77,1648.2
16.48168642205418,113.0,30.03,10.37,Office,Central AC,24.29,1500.15
47.1,20.0,42.16,10.43,Commercial,Split AC,27.78,2729.64
44.35,16.0,25.25,30.0,Residential,Split AC,24.05,807.29
134.32,30.0,23.83,13.62,Residential,VRF,22.82,1733.84
60.29,8.0,24.38,10.67,Residential,VRF,22.0,766.32
17.0,2.0,7.82,18.29,Residential,Central AC,20.99,438.51
171.45,36.0,14.48,11.43,Residential,Central AC,20.08,
10.17,2.0,40.18,11.35,Educational,Central AC,28.4,521.77
47.59,17.0,18.4,10.55,Office,Heat Pump,21.27,860.16
24.596173116490988,13.0,19.03,19.06,Office,Central AC,18.94,9566.78197696249
18.53,4.0,29.92,18.62,Office,Rooftop Unit,26.49,498.45
23.26,2.0,41.94,5.48,Hospital,Central AC,27.05,1494.17
54.11,11.0,15.76,14.78, Hospital,Central AC,18.26,1654.3
17.28,7.0,5.0,19.73,Residential,VRF,20.39,457.94
16.31,7.0,15.53,15.11,Commercial,Rooftop Unit,18.71,604.29
22.68,6.0,31.94,12.43,Residential,Heat Pump,22.97,354.64
26.32,8.0,21.54,24.02,Educational,Central AC,23.62,498.45
17.94,2.0,24.81,7.27,Residential,Split AC,25.43,-290.475275158298
27.11,1.0,24.96,30.0,Educational,Central AC,22.35,338.39
48.94,,18.49,16.82,Residential,Central AC,19.79,653.91
68.78,13.0,18.86,27.8,Residential,Split AC,21.69,893.2
71.28,-8.0,11.78,11.23,Residential,Split AC,18.0,1931.4
62.11,16.0,21.21,22.63,Office,Split AC,23.44,1167.3
94.2,18.0,10.59,8.47,Residential,Heat Pump,23.46,2273.16
11.22,4.0,26.22,26.34,Educational,Heat Pump,26.39,107.79
42.93,6.0,34.65,28.15,hospital,Split AC,26.52,1075.31
14.35,7.0,11.14,3.26,Residential,Rooftop Unit,18.13,604.53
340.8393934113689,11.0,14.54,3.17,Commercial,Rooftop Unit,22.47,91.99423821807795
52.83,18.0,22.81,,Commercial,Central AC,22.1,1754.99
308.42,25.0,29.86,8.71,Office,Central AC,27.19,8561.58
25.71,2.0,19.08,12.78,Hospital,CENTRAL AC,19.62,556.35
33.41,6.0,21.68,18.19,,Central AC,21.99,468.65
69.93,7.0,15.2,14.93,Educational,Central AC,18.0,1319.02
184.7,23.0,19.53,4.25,Commercial,Split AC,20.97,4510.58
13.03,3.0,23.71,11.14,,Split AC,23.35,300.27
156.61,18.0,26.46,13.23,Commercial,Central AC,26.18,2817.37
48.53,11.0,5.0,12.03,Residential,Heat Pump,21.86,1211.51
111.51,29.0,24.47,11.24,Residential,Split AC,24.43,1996.73
27.38,6.0,16.15,18.11,Residential,Split AC,19.54,473.75
18.79,6.0,31.94,10.87,Educational,Rooftop Unit,24.08,620.25
21.43546503717109,94.0,18.52,20.05,Educational,Rooftop Unit,20.38,685.64
43.97,18.0,24.32,15.82,Commercial,Central AC,23.98,
34.24,2.0,31.04,14.53,Educational,Central AC,25.83,12904.682403996469
22.985119188598254,93.0,30.14,24.05,Commercial,VRF,21.5,308.88
166.77,32.0,5.11,15.51,Office,VRF,22.53,5747.14
121.64,13.0,16.45,6.64,Hospital,Split AC,20.06,3436.42
166.17,20.0,26.33,7.32,Office,Central AC,25.37,3255.72
26.21,2.0,20.35,11.66,Commercial,Split AC,22.75,460.1
28.95,2.0,30.25,18.96,Office,Heat Pump,24.97,302.07
39.89,12.0,43.82,5.41,Educational,Central AC,30.0,2287.04
104.8,30.0,19.34,24.61,Residential,VRF,21.81,1234.14
349.7918454333469,7.0,33.61,12.16,Residential,Central AC,26.82,36.956442290132
27.69,1.0,20.85,20.52,Residential,Split AC,20.99,257.13
21.59,2.0,25.41,13.88,Residential ,Split AC,24.83,207.11
49.89,16.0,44.47,10.52,Commercial,VRF,26.34,3085.48
22.05,2.0,17.44,17.69,Residential,Central AC,19.11,290.42
26.96,1.0,37.59,28.04,Residential,VRF,25.8,268.73
141.53,14.0,35.32,9.34,Office,Rooftop Unit,28.26,5462.74
69.87,6.0,19.49,15.95,Residential,Rooftop Unit,21.06,891.05
33.49,11.0,22.09,7.32,Hospital,Central AC,22.51,1376.87
189.79881145208086,11.0,29.49,15.69,Educational,Central AC,26.37,64.80038521621762
19.1,8.0,19.45,19.61,Office,Central AC,19.69,528.96
59.56,7.0,5.87,14.29,Office,Split AC,18.0,2129.6
121.47,40.0,17.21,12.28,Residential,Split AC,19.23,2325.82
21.13,5.0,24.68,20.03,Residential,VRF,26.1,242.35
15.34,1.0,27.01,11.81,Office,Central AC,24.75,291.18
311.4583383463409,7.0,30.34,12.49,Office,Split AC,22.94,61.75354732572878
29.98,7.0,17.79,8.19,Educational,Split AC,19.36,683.38
80.51,35.0,28.1,14.01,Office,VRF,27.8,1730.28
24.72,7.0,5.96,30.0,Office,,18.0,632.92
15.682601250130965,84.0,26.26,15.16,Hospital,VRF,24.15,529.7
12.46,2.0,18.3,25.21,Commercial,Central AC,18.84,298.65
39.81,9.0,22.99,9.48,Residential,Split AC,23.65,561.74
79.23,15.0,14.54,14.19,Educational,Split AC,18.82,1705.15
106.7,23.0,17.69,5.3,Residential,Split AC,19.89,2069.17
43.22,14.0,31.35,8.92,Residential,Central AC,25.78,1519.29
41.95,13.0,21.12,6.27,Educational,VRF,20.72,636.68
73.52,17.0,44.89,17.48,Residential,VRF,23.83,2540.17
79.02,6.0,19.77,13.87,Residential,Central AC,22.11,948.66
12.39922219469048,9.0,20.1,16.28,Educational,Central AC,21.97,10103.956067728683
16.34,8.0,28.51,19.18,Commercial,Rooftop Unit,26.4,660.94
246.4,30.0,32.15,28.55,Educational,Split AC,25.46,3639.08
14.59,3.0,6.54,14.79,Hospital,Rooftop Unit,18.45,862.41
13.36,,5.3,12.07,Educational,VRF,23.02,574.31
22.43,8.0,41.87,15.2,Commercial,Heat Pump,25.69,880.25
59.61,5.0,24.92,23.17,Residential,Heat Pump,24.96,437.87
23.81,1.0,17.55,7.1,Residential,Rooftop Unit,20.17,359.97
188.96,13.0,,13.27,Commercial,VRF,18.23,2215.71
10.28,7.0,11.75,15.33,Commercial,Split AC,20.13,582.92
163.66,34.0,41.98,12.66,Office,Central AC,29.87,8187.76
164.65,37.0,26.55,8.88, Residential,Rooftop Unit,24.72,3079.03
155.1,32.0,18.29,18.0,Residential,Central AC,19.74,2578.63
17.23,1.0,31.09,13.19,Educational,Central AC,25.91,342.38
10.84,4.0,22.55,11.92,Commercial,Heat Pump,21.74,177.8
27.78,4.0,29.62,9.52,Commercial,Split AC ,27.57,707.59
13.86,2.0,19.66,16.86,Educational,Rooftop Unit,19.58,253.98
128.72,14.0,30.05,16.99,Educational,Rooftop Unit,26.09,2773.03
329.29,41.0,19.15,11.36,Educational,Split AC,20.93,4070.8
268.95,39.0,35.63,18.24,Office,Central AC,26.9,8234.59
11.51,4.0,6.18,12.54,Office,Central AC,18.88,564.86
74.28,12.0,8.71,18.25,Hospital,Central AC,18.0,3401.44
24.11,2.0,27.42,10.32,Office,VRF,25.59,351.88
27.45,,19.45,19.27,Office,Central AC,20.31,455.05
26.98,8.0,24.53,,Commercial,VRF,22.97,649.89
15.97,4.0,16.13,22.14,Office,VRF,20.69,342.4
77.65,13.0,42.17,11.48,Educational,Split AC,28.09,3255.21
20.58,6.0,30.56,6.48,Educational,Split AC,,656.89
,40.0,25.22,6.19,Residential,Split AC,24.81,2231.3
13.11,8.0,22.62,9.8,Hospital,VRF,19.46,493.66
42.21,6.0,20.47,26.785954533737158,Residential,Split AC,21.26,11586.423503439348
26.98,4.0,30.62,18.67,Educational,SPLIT AC,21.98,419.54
256.02,25.0,32.17,16.48,Educational,Heat Pump,25.0,4133.17
10.05,1.0,38.64,5.88,Residential,Split AC,28.48,281.85
11.21,3.0,21.98,14.97,Residential,VRF,22.88,140.9
31.72,9.0,24.86,8.9,Educational,Heat Pump,22.33,459.78
28.39,4.0,22.81,14.23,Residential,Rooftop Unit,20.9,411.66
47.82,8.0,25.16,13.08,Office,VRF,26.35,556.59
44.72,5.0,33.81,14.94,Residential,Split AC,26.51,861.54
17.39,7.0,8.34,10.98,Residential, Central AC,18.0,713.04
51.37,11.0,12.04,24.62,Residential,Central AC,19.81,978.3
75.54,18.0,16.26,12.39,Hospital,Central AC,19.4,2036.33
44.39,13.0,18.78,10.97,Residential,Central AC,19.88,1016.86
65.44,8.0,32.11,6.24,Residential,Heat Pump,25.32,998.3
,31.0,29.54,10.98,Office,VRF,25.27,3824.36
347.89,43.0,27.3,15.28,Hospital,Central AC,23.67,
77.73,6.0,24.54,23.94,Residential,Heat Pump,22.93,673.49
36.77,20.0,13.58,25.19,Office,Heat Pump,22.35,874.44
72.71,5.0,23.82,19.37,Residential,Split AC,26.35,849.61
94.19,32.0,6.79,9.52,Commercial,Central AC,18.0,4748.0
84.11,14.0,22.2,16.93,Office,Central AC,22.04,1589.79
24.23,6.0,29.74,0.3780754230372968,Office,Split AC,25.29,14506.959512740597
20.63,7.0,16.1,14.48,Residential,Split AC,20.02,427.59
77.47,7.0,25.37,11.84,Residential,Heat Pump,23.3,793.93
58.33,9.0,28.85,13.18,Office,Central AC,29.01,1011.53
47.9,19.0,17.63,21.54,Residential,Split AC,-3.463105790555339,935.8
23.24,1.0,24.91,13.54,Educational,Rooftop Unit,24.1,332.44
13.07,1.0,25.63,11.1,Educational,Central AC,-1.4628042282067177,248.27
47.13,20.0,23.7,17.46,Commercial,Split AC,22.25,1476.58
163.52,34.0,18.32,5.12,Hospital,Rooftop Unit,19.5,5436.25
35.78,12.0,31.02,11.94,Residential,Heat Pump,24.02,792.56
-10.398332888568762,3.0,19.14,23.87,Commercial,Central AC,18.0,351.63
175.16983708459068,10.0,27.18,13.8,Residential,Split AC,24.86,41.65218489691517
59.44,8.0,22.12,8.14, Residential,Split AC,23.0,808.79
152.14,15.0,34.74,15.88,Educational,VRF,23.52,2745.56
12.67057377191059,87.0,23.38,22.28,Hospital,VRF,23.22,404.47
17.09,5.0,20.71,7.34,Residential,Central AC,21.54,338.81
80.93,37.0,29.88,0.8092178331978762,Residential,Heat Pump,25.88,12620.920016615204
23.42,,17.47,20.23,Residential,Central AC,19.83,303.5
24.31,8.0,14.93,20.94,Commercial,Split AC,19.13,741.55
24.29,5.0,21.23,10.63,Residential, Central AC,20.91,398.56
27.82,7.0,25.96,17.32,Residential,Split AC,23.24,408.55
19.727288161461914,105.0,19.6,16.65,Educational,Heat Pump,21.01,920.15
107.96,25.0,46.968329673169194,13.96,Residential,Central AC,18.0,3746.18
48.13,7.0,28.28,19.05,Residential,Split AC,27.47,731.63
175.13,30.0,25.1,17.7,Office,Central AC,24.5,2825.03
71.04,15.0,25.01,6.04,Commercial,VRF,24.05,1364.61
20.96,4.0,19.72,28.15,Office,Split AC,19.77,296.68
77.5,11.0,24.3,17.57,Residential,Split AC,22.59,1112.65
17.37,6.0,39.31,20.8,Commercial,Split AC,27.3,743.63
,6.0,6.68,19.56,Residential,Central AC,18.0,1442.62
77.32,17.0,26.27,21.19,Office,Central AC,25.08,1671.63
55.19,6.0,21.44,30.0,Commercial,Split AC,21.81,652.93
146.63,24.0,28.85,16.52,Commercial,Rooftop Unit,27.35,
19.54,8.0,31.86,16.93,Hospital,Central AC,25.67,1043.91
12.0,5.0,42.68,3.49,Residential,,29.76,705.74
51.91,9.0,20.5,30.0,Educational,Central AC,21.15,726.48
60.33,10.0,22.41,10.59,Residential,Split AC,24.46,902.95
22.47976931086192,21.0,7.15,7.93,Commercial,Heat Pump,20.73,10831.920082958264
23.36,5.0,24.95,20.83,Hospital,VRF,24.78,347.32
97.94,1.0,12.43,28.09,Commercial,Split AC,20.96,12380.535126602777
23.35,5.0,31.08,8.28,Office,Heat Pump,25.82,524.31
135.69,10.0,20.53,9.83,Educational,Central AC,19.76,2355.94
86.0,1.0,12.22,11.02,Educational,Central AC,20.53,8692.20474467339
60.64,8.0,24.37,10.46,Educational,Central AC,22.43,1009.46
298.87,30.0,29.25,10.07,OFFICE,VRF,27.08,5164.3
17.0,2.0,22.54,19.83,Residential,Split AC,22.64,111.03
73.52,20.0,15.27,19.32,Commercial,Rooftop Unit,18.0,2140.1
18.27,4.0,5.0,19.8,Office,VRF,21.07,491.83
67.28,19.0,26.46,12.54,Residential,Split AC,23.08,1365.38
57.57,10.0,32.57,5.51,Commercial,Central AC,24.08,2113.85
128.51,18.0,28.33,9.0,Educational,Split AC,26.45,1998.0
49.93,20.0,27.04,-8.957120182801308,Educational,Central AC,23.32,1246.67
183.92,19.0,22.35,11.81,Residential,Central AC,21.55,2431.37
16.49,1.0,32.15,11.23,Hospital,Split AC,26.02,495.39
21.48,4.0,22.03,8.96,Residential,Central AC,20.46,398.85
15.72,6.0,20.9,11.41,Office,VRF,21.53,273.51
104.88,34.0,27.31,12.98,Hospital,Split AC,24.76,3300.34
347.74072086322235,6.0,22.8,20.8,Office,Split AC,21.95,109.39130328670709
15.69,8.0,14.48,30.0,Commercial,Heat Pump,24.33,368.71
22.17,4.0,19.35,30.0,Commercial,Rooftop Unit,20.36,422.3
117.45,16.0,22.74,14.25,Educational,Split AC,22.82,1428.9
19.47,2.0,30.93,14.22,Educational,VRF,23.09,318.34
21.13,1.0,31.8,9.49,Residential,Heat Pump,23.75,10538.65433738556
72.67,16.0,24.08,15.37,Commercial,Split AC,23.24,1786.2
61.78,10.0,35.14,22.37,Residential,Heat Pump,23.5,950.85
25.17,5.0,27.26,14.95,Office,VRF,24.26,485.81
66.78,13.0,30.22,18.63,Hospital,Split AC,24.23,2463.2
58.63,13.0,14.82,9.69,Residential,Rooftop Unit,18.91,1596.99
22.3,3.0,12.56,12.28,Commercial,Central AC,21.52,754.3
18.07,,22.97,27.59,Residential,Split AC,21.51,188.27
62.97,10.0,20.09,12.3,Office,Heat Pump,20.84,835.14
22.64,1.0,33.51,3.86,Residential,Heat Pump,22.23,540.82
10.76,1.0,24.96,26.63155587035112,Office,Split AC,24.62,12603.44670716195
131.24,14.0,20.06,-1.6905035262513333,Residential,Split AC,22.95,2213.96
15.49,4.0,25.24,8.03,Hospital,Central AC,25.3,434.56
16.5,4.0,21.3,18.07,Office,Split AC,18.0,433.09
31.83,16.0,36.38,18.17,Office,Central AC,27.34,1507.1
108.13,40.0,20.16,12.49,Commercial,Split AC,20.17,2891.11
121.34,19.0,23.43,22.99,Office,Central AC,22.35,2130.69
13.22,2.0,18.64,10.49,Office,Heat Pump,20.42,226.55
45.12,14.0,30.38,9.72,Residential,VRF,22.96,886.2
76.28,10.0,23.09,13.46,Commercial,VRF,21.63,1161.22
26.39,3.0,23.66,3.08,Educational,Heat Pump,23.36,233.53
22.92,7.0,15.21,8.0,Residential,Split AC,18.06,514.07
14.86,5.0,21.31,28.4,Residential,Central AC,20.51,261.67
26.77,4.0,30.42,19.59,Residential,Rooftop Unit,24.17,502.01
65.94,20.0,28.76,18.99,Educational,Split AC,25.63,1243.06
22.9,7.0,16.6,9.31,Educational,Central AC,19.53,437.97
46.99,16.0,36.31,27.413081247319322,Residential,Central AC,27.01,13775.849372414561
22.46,3.0,19.33,11.49,,Central AC,20.28,345.87
47.74,9.0,22.26,8.22,Office,Central AC,21.88,852.42
47.71,19.0,29.27,29.53,Hospital,Central AC,24.6,1480.14
23.42,7.0,26.81,14.77,Residential,Rooftop Unit,25.1,471.98
28.16,3.0,27.11,6.47,Hospital,VRF,27.65,598.54
63.13,12.0,32.44,6.46,Commercial,Rooftop Unit,25.34,2724.99
14.384412190048167,96.0,37.17,13.16,Residential,Heat Pump,22.26,585.61
23.0,5.0,13.88,9.98,Educational,Split AC,20.15,558.49
236.16,32.0,16.65,11.23,HOSPITAL,Central AC,19.76,7145.75
196.81,36.0,18.92,23.66,Office,Heat Pump,18.24,2390.27
196.76,27.0,22.21,12.83,Residential,Central AC,23.38,3109.02
141.25,14.0,29.18,12.36,Residential,Split AC,27.28,2132.9
28.25,7.0,22.84,8.2,Office,Rooftop Unit,24.06,549.5
76.18,5.0,31.33,20.55,Office,VRF,20.86,-249.5074965898715
141.76,35.0,27.79,7.12,Educational,Split AC,24.93,2637.25
-11.334235078399999,7.0,30.47,14.88,Office,Heat Pump,23.78,662.5
82.79,38.0,26.03,11.67,Office,Split AC,23.59,2092.02
18.7,8.0,7.09,20.78, Hospital,Central AC,18.75,1077.47
174.63,25.0,51.400603129280626,26.7,Educational,Rooftop Unit,25.76,3958.62
26.83,3.0,23.32,8.32,Educational,Split AC,23.32,399.12
63.91,9.0,,7.14,Residential,Central AC,23.38,809.05
40.85,5.0,29.19,8.26,Residential,Rooftop Unit,26.41,818.89
19.05,7.0,5.0,14.95,Office,Split AC,18.88,819.12
16.24,6.0,10.67,11.77,Residential,Central AC,18.71,628.19
18.270571017952058,7.0,21.23,19.51,Office,Split AC,24.36,15894.204051854475
77.84,9.0,44.03,12.0,Commercial,VRF,24.84,3121.19
56.57,12.0,30.84,11.42,Residential,VRF,25.57,969.03
24.75,5.0,21.69,20.56,Commercial,Central AC,23.88,522.94
12.09,3.0,-68.23981504078169,7.69,Residential,Split AC,23.71,272.22
48.08,11.0,21.83,18.89,Commercial,Rooftop Unit,23.16,1324.01
11.09,7.0,8.22,6.15,Residential,Split AC,20.52,525.5
195.43,28.0,26.56,,Commercial,Central AC,25.08,3738.44
11.07,1.0,36.82,20.69,Commercial,Central AC,26.78,286.49
108.83,25.0,26.0,12.29,Residential,Rooftop Unit,25.81,1881.01
133.75,15.0,27.74,10.24,Educational,Split AC,26.51,2522.29
41.12,6.0,29.56,7.72,Commercial,Split AC,24.85,1259.57
38.9,6.0,26.29,26.16,Office,Rooftop Unit,25.27,666.83
134.92,23.0,25.76,15.37,Residential,Split AC,24.73,2030.89
198.33,24.0,28.58,21.17,Commercial,Split AC,25.82,4082.26
45.96,17.0,11.47,15.97,Office,Central AC,19.77,1661.13
57.97,13.0,27.38,15.52,Commercial,Split AC,24.85,1248.3
76.33,16.0,17.87,15.91,Residential,Heat Pump,22.36,856.76
29.38,8.0,28.11,9.34,Residential,Heat Pump,27.51,441.45
19.37,8.0,14.24,7.44,Residential,Heat Pump,22.96,419.21
61.85,13.0,27.05,12.68,Hospital,Central AC,24.29,1720.97
15.25,6.0,26.45,10.54,Residential,Central AC,24.71,334.03
20.67,7.0,19.47,11.72,Educational,Split AC,20.11,456.44
,13.0,31.23,10.49,Office,VRF,22.53,1876.23
15.03,2.0,35.67,9.88,Hospital,Split AC,26.39,633.57
11.05,2.0,,10.96,Residential,Central AC,25.21,270.2
46.78,16.0,53.423062004495236,30.0,Hospital,Rooftop Unit,21.39,1400.21
,5.0,32.32,28.31,Office,Central AC,25.65,1008.74
280.45936785538316,11.0,21.14,14.24,Office,Rooftop Unit,22.53,102.9092841599543
89.22,38.0,24.19,9.91,Commercial,Split AC,21.86,3084.51
65.64,18.0,26.21,10.45,Residential,Split AC,24.52,1223.4
52.58,5.0,20.38,9.67,Office,Rooftop Unit,19.51,1012.12
15.35,2.0,17.67,17.25,Office,Central AC,20.12,269.42
73.19,6.0,10.63,11.38,Commercial,Central AC,19.86,2535.78
50.33,5.0,30.33,9.91,Residential,CENTRAL AC,21.2,1272.27
180.18,28.0,12.89,16.69,Office,Split AC,20.75,4490.15
21.29,2.0,20.07,16.56,Educational,VRF,20.27,235.86
176.11,16.0,34.01,16.5,Residential,Central AC,27.29,2930.79
12.08,3.0,41.83,16.63,Residential,Central AC,29.24,382.92
26.63,8.0,16.44,8.59,Office,Central AC,68.53853733014847,805.08
57.48,10.0,10.12,25.52,Residential,Central AC,18.0,1119.3
132.53,28.0,19.7,15.99,Residential,Rooftop Unit,23.63,2331.85
30.05,8.0,30.78,26.91,Office,Heat Pump,23.85,525.7
12.031230429208764,83.0,33.81,10.99,Residential,Split AC,25.57,1350.59
14.53,5.0,27.55,8.87,Hospital,Central AC,25.97,515.66
55.53,18.0,33.86,21.45,Residential,Central AC,25.36,1660.29
72.86,14.0,15.44,9.97,Residential,Split AC,18.0,1433.54
35.97,15.0,20.53,19.28,Office,Rooftop Unit,19.84,1073.91
10.47,2.0,23.51,25.593857991307406,Office,Central AC,20.98,12764.18681068861
47.39,12.0,31.34,22.04,Residential,Rooftop Unit,27.98,1112.47
77.1,19.0,22.66,30.0,Residential,Split AC,23.59,1011.89
48.1,5.0,12.89,28.99,Educational,Central AC,20.29,712.16
294.0868841463657,8.0,18.34,14.81,Residential,Central AC,19.4,177.25444021763357
243.0190591252857,39.0,24.65,7.52,Educational,Central AC,25.09,166.01342852755505
157.17,14.0,16.88,6.2,Educational,Split AC,19.87,2651.46
68.27,10.0,36.83,4.83,Residential,Central AC,27.01,2336.15
99.46,12.0,25.48,7.71,Hospital,Central AC,24.6,2731.89
91.44,10.0,32.2,4.27,Commercial,VRF,24.84,2782.2
281.58,38.0,26.23,10.07,Office,VRF,24.1,4251.96
12.96,7.0,29.32,14.06,Residential,Heat Pump,29.74,172.27
128.63,27.0,43.39,10.3,Residential,VRF,23.72,4949.31
40.5,5.0,37.17,20.24,Educational,Heat Pump,22.88,999.47
39.89,12.0,26.33,24.26,Commercial,Rooftop Unit,24.43,1014.7
14.33,,18.55,11.98,Residential,VRF,20.36,221.69
17.88,6.0,25.65,20.12,Educational,Central AC,23.68,373.72
295.1,38.0,28.11,7.87,Hospital,VRF,26.91,6251.6
29.6,3.0,20.87,15.6,Hospital,Split AC,23.09,524.97
56.87,17.0,21.56,21.95,Residential,Central AC,19.76,984.2
11.29,6.0,23.27,7.59,Office,Split AC,22.24,391.01
72.41,8.0,21.22,17.85,Residential,Central AC,21.27,695.83
78.13,6.0,18.85,13.54,Office,Central AC,19.7,1232.02
15.6,8.0,18.51,20.15,Residential,Split AC,20.13,243.68
27.37,7.0,18.38,25.37,Residential,Central AC,20.28,452.07
150.3,17.0,26.93,7.98,Commercial,HEAT PUMP,22.6,2888.93
208.32,54.0,18.37,25.99,Office,Split AC,20.16,3939.97
68.16,7.0,26.68,-1.7305507288155857,Office,Central AC,26.73,1248.71
18.83,1.0,14.57,25.934649783900472,Residential,Central AC,18.23,10217.590318156814
106.71,23.0,24.68,12.51,Commercial,VRF,22.53,1938.43
29.91,8.0,8.76,22.27,Educational ,Central AC,18.91,768.42
18.24,6.0,45.0,10.47,Residential,Central AC,30.0,811.48
17.16,3.0,42.09,12.99,Commercial,Heat Pump,24.3,582.01
17.37,2.0,27.16,14.04,Educational,Central AC,25.7,271.69
-12.804505697283599,1.0,29.49,11.97,Office,Split AC,26.76,311.8
62.96,17.0,30.23,17.2,Residential,Rooftop Unit,23.06,1773.85
193.91,40.0,20.0,17.21,Office,VRF,20.59,2783.31
21.24,8.0,17.72,18.36,Commercial,VRF,20.66,562.23
32.24,17.0,15.76,13.24,Office,VRF,18.42,889.88
30.71,16.0,23.93,20.87,Residential,VRF,24.93,640.43
24.7,2.0,35.84,23.84,Commercial,Split AC,24.64,615.85
17.58,4.0,25.8,22.09,Commercial,Split AC,27.41,333.96
88.99,27.0,32.22,18.57,Office,,24.94,3115.93
29.31,2.0,41.21,14.0,Office,Central AC,27.81,993.22
173.2,10.0,39.64,24.84,Office,Heat Pump,23.66,3241.86
35.24,10.0,6.12,11.74,Educational,Central AC,18.0,1719.48
74.29,19.0,36.47,10.38,Residential,Central AC,26.46,
26.37,3.0,14.63,15.94,Residential,VRF,21.92,332.81
58.59,18.0,21.76,0.6769578213120665,Residential,Central AC,20.07,10453.47265840965
170.57,21.0,33.38,10.66,Residential,Rooftop Unit,28.72,4158.32
304.73,34.0,25.91,13.95,Commercial ,VRF,24.69,3777.0
35.64,16.0,21.32,20.43,Educational,Rooftop Unit,20.99,1104.17
58.47,8.0,13.15,27.82,Residential,Split AC,18.89,772.94
72.23,9.0,21.84,14.11,Office,Split AC,21.87,1041.29
191.74,23.0,11.93,17.21,Office,Rooftop Unit,19.21,5437.01
39.87,20.0,30.58,20.92,Hospital,VRF,22.24,1630.81
20.65,2.0,22.83,17.69,Commercial,Central AC,21.83,12235.087665911764
49.67,17.0,26.18,11.7,Residential,Split AC,25.2,1216.51
296.4234151585871,18.0,28.13,8.18,Office,Rooftop Unit,24.45,114.72564560674378
66.39,19.0,17.89,22.03,Commercial,Split AC,18.0,1218.4
55.08,20.0,15.55,11.35,Commercial,VRF,18.0,1783.38
173.2,37.0,14.49,4.96,Residential,Central AC,20.56,4695.2
199.14,15.0,11.14,15.96,Office,Central AC,19.25,5817.25
59.14,10.0,7.65,9.33,Residential,Split AC,18.0,1875.9
10.03487022158656,118.0,28.39,15.62,Office,Split AC,27.54,448.4
53.84,11.0,38.97,14.46,Commercial,Split AC,27.77,2338.4
59.21,20.0,20.22,18.43,HOSPITAL,Central AC,20.58,2271.64
160.34,40.0,32.67,6.66,Residential,Heat Pump,24.05,3639.57
15.49,8.0,24.38,6.94,Office,Central AC,22.42,535.47
15.51,4.0,37.1,6.5,Hospital, VRF,22.39,665.86
10.03,6.0,21.46,23.31,Educational,Rooftop Unit,22.47,277.76
26.17,1.0,43.99,7.9,Educational,Central AC,28.29,1223.88
19.15,5.0,18.5,17.96,Hospital,Rooftop Unit,18.83,492.01
13.9,6.0,32.88,,Residential,Central AC,25.33,503.06
16.73,4.0,33.65,17.37,Commercial,Central AC,25.8,643.52
224.8,36.0,32.7,13.13,Residential,Central AC,23.29,5276.63
221.0,45.0,23.77,8.92,Office,Rooftop Unit,23.9,4430.24
23.76,7.0,28.7,8.81,Hospital,Rooftop Unit,24.91,1078.79
-37.18652376856383,3.0,28.46,9.1,Office,Central AC,24.3,442.19
27.25,5.0,5.03,9.69,Office,HEAT PUMP,19.47,865.69
69.35,12.0,12.7,11.99,Office,Central AC,20.46,1777.33
10.55,6.0,16.33,8.29,Residential,Split AC,18.0,233.36
52.83,14.0,29.57,13.53,Residential,Rooftop Unit,27.2,1316.97
75.39,15.0,5.0,14.04,Residential,VRF,23.23,1978.34
19.16,2.0,9.76,15.36,Office,Split AC,19.48,481.96
44.02,20.0,11.19,23.18,Commercial,Split AC,18.0,1540.06
218.88,27.0,16.5,30.0,Residential,Rooftop Unit,18.0,2406.6
146.8,27.0,5.0,8.95,Office,Central AC,18.0,6509.88
26.36,5.0,13.77,14.25,Hospital,Central AC,20.69,974.96
169.18,17.0,34.84,10.51,Residential,Central AC,27.52,5194.12
78.23,10.0,33.74,21.17,Hospital,Heat Pump,22.18,1886.54
46.17,14.0,23.63,10.18,Office,Split AC,23.35,1012.82
21.82,7.0,5.77,7.57,Residential,VRF,19.56,862.01
142.87,36.0,17.8,11.71,Residential,VRF,19.89,1904.79
24.1,5.0,18.36,14.07,Office,Split AC,20.14,509.14
184.49,12.0,28.65,5.25,residential,VRF,26.81,2340.08
147.85,38.0,25.23,17.66,Residential,Central AC,24.67,2519.21
23.39,1.0,40.17,16.65,Educational,Central AC,29.09,773.74
93.92,34.0,31.91,19.79,Office,Central AC,25.19,2962.25
162.61,36.0,31.1,13.41,Office,VRF,24.08,3842.81
66.38,16.0,28.15,25.71,Commercial,Central AC,24.25,1691.2
24.13,5.0,22.39,9.54,Office,Central AC,23.34,561.23
17.81,8.0,20.76,26.5,,Split AC,21.76,348.11
11.49,6.0,34.14,18.57,Office,Central AC,25.41,550.78
87.78,13.0,39.54,12.51,Residential,Split AC,27.82,2709.5
20.27,4.0,27.19,26.22,Educational,Heat Pump,25.01,232.98
62.95,7.0,34.65,10.98,Commercial,VRF,23.55,2112.47
147.33,27.0,37.99,13.65,Commercial,Heat Pump,25.54,4258.4
28.16,7.0,30.71,13.5,Residential,Central AC,24.81,614.6
11.29,5.0,28.9,10.05,Office,VRF,27.61,321.63
10.21,8.0,7.18,20.35,Commercial,Heat Pump,21.04,456.51
86.26,31.0,23.52,19.59,Residential,Central AC,23.22,1853.96
266.95,33.0,25.82,5.2,Commercial,Split AC,24.82,4960.6
14.562683497008761,111.0,25.07,20.22,Educational,Rooftop Unit,22.33,374.58
80.21,11.0,22.18,15.51,Office,Split AC,22.3,1293.36
27.95,6.0,38.91,18.82,Residential,Rooftop Unit,27.71,818.59
10.35,1.0,34.25,18.94,Commercial,Split AC,25.6,348.19
91.89,19.0,22.27,27.116473990848053,Educational,Split AC,21.95,9527.562084399882
91.46,39.0,16.58,17.9,Office,VRF,18.0,2222.45
47.47,17.0,13.93,13.04,Commercial,Split AC,23.03,1605.92
103.43,27.0,32.18,19.78,Residential,HEAT PUMP,23.8,2090.06
154.23,27.0,22.2,13.39,Residential,Central AC,20.95,2213.69
40.3,14.0,20.3,16.73,Commercial,Split AC,20.51,1116.52
38.53,13.0,20.55,12.58,Commercial,Split AC,20.87,953.25
10.88,4.0,27.41,9.98,Hospital,VRF,25.76,300.6
19.5,5.0,19.74,17.42,Commercial,Central AC,21.53,426.23
42.94,14.0,8.71,7.24,Office,Split AC,18.71,1843.76
11.21,1.0,,12.91,Residential,Central AC,19.57,107.17
125.03,37.0,33.71,7.69,Office,Rooftop Unit,25.76,5497.51
63.88,13.0,18.47,6.87,Residential,Split AC,20.69,1261.21
57.26,16.0,20.24,11.09,Residential,Heat Pump,20.98,799.42
13.14,6.0,22.03,17.9,Educational,Split AC,20.59,344.37
16.86,4.0,37.66,30.0,Commercial,Split AC,25.96,402.27
78.74,15.0,35.77,27.17,Hospital,Central AC,28.17,2361.03
15.02,2.0,25.42,16.63,Commercial,Split AC,23.89,313.42
26.39,5.0,27.04,11.27,Educational,Central AC,,578.44
76.68,9.0,-69.88244435724518,15.23,Office,Heat Pump,25.22,1207.03
23.04,4.0,26.33,29.11,Residential,Split AC ,24.6,252.24
21.0,2.0,15.13,11.85,Residential,Central AC,18.0,311.11
39.38,18.0,19.25,9.82,Residential,Split AC,21.04,1001.0
19.67,6.0,20.25,10.42,Residential,Heat Pump,23.41,343.45
14.98,7.0,25.48,22.27,Office,VRF,23.35,284.53
32.53,19.0,34.76,8.0,Office,Split AC,26.9,1564.1
25.48,1.0,20.06,23.11,Office,Heat Pump,22.48,177.42
285.96,54.0,30.68,6.78,Office,Split AC,23.18,8788.41
138.51,32.0,20.3,20.96,Commercial,Heat Pump,19.42,2186.15
43.4,20.0,25.36,8.63,Hospital,Split AC,25.1,1695.09
66.56,19.0,6.81,20.52,Residential,Rooftop Unit,18.0,1877.68
133.85,38.0,17.12,11.65,Office,Rooftop Unit,20.31,3782.55
206.6,49.0,31.92,10.87,Office,Split AC,24.49,6875.83
22.98,2.0,22.64,28.72,Residential,Rooftop Unit,22.96,184.78
62.11,12.0,24.58,7.1,Educational,Split AC,24.91,1154.25
17.09447731010821,95.0,15.8,29.59,Educational,Rooftop Unit,20.33,4905.15
66.33,18.0,15.66,15.7,Office,Rooftop Unit,20.01,1839.62
75.4,8.0,29.99,15.48,Office ,VRF,28.46,1005.24
53.87,14.0,26.41,13.55,Residential,Central AC,25.24,987.15
22.9,7.0,16.6,9.31,Educational,Central AC,19.53,437.97
40.32,5.0,34.9,14.55,Residential,Heat Pump,25.13,648.4
59.43,15.0,15.07,29.78,Office,Heat Pump,18.73,809.49
21.74,3.0,30.86,21.75,Residential,Central AC,24.61,333.27
78.3,9.0,35.7,24.68,Residential,Central AC,26.54,1354.28
70.44,8.0,7.94,10.27,Residential,Split AC,18.88,1749.03
29.53,1.0,5.63,14.45,Residential,Split AC,18.0,682.32
18.187541627652635,82.0,25.3,9.04,Residential,Split AC,24.82,1085.28
26.49,4.0,10.74,0.7800117181100643,Commercial,VRF,20.58,14408.651893594531
20.76,8.0,18.57,10.76,Residential,Split AC,20.71,498.56
90.82,16.0,47.074286795847655,11.4,Office,Split AC,21.94,1875.31
57.58,18.0,5.0,18.83,Residential,,21.01,1520.27
120.38,32.0,22.21,24.23,Commercial,Split AC,22.31,2413.63
165.36,26.0,,16.99,Residential,Central AC,27.54,2339.76
24.88,3.0,33.31,11.92,Office,Split AC,24.39,706.34
15.52,,19.05,19.96,Commercial,Split AC,19.26,439.95
28.79,6.0,25.54,12.85,Office,Central AC,23.9,624.6
49.66,18.0,19.49,22.82,Residential,Central AC,19.59,991.99
43.17,15.0,16.57,24.29,Residential,Central AC,18.27,944.92
79.19,9.0,5.0,0.36518155903357097,Educational,Split AC,18.0,8555.956891737946
180.34,14.0,30.35,8.53,Educational,Split AC,26.72,3593.3
57.55,15.0,29.02,24.07,Commercial,Split AC,27.11,1050.79
16.9,3.0,16.27,17.18,Commercial,VRF,20.26,253.13
47.89,17.0,8.36,7.97,Residential,Heat Pump,20.43,1368.18
49.22,11.0,28.78,11.27,Office,VRF,27.55,790.64
143.36,37.0,26.89,13.62,Commercial,Central AC,25.23,4509.08
25.97,3.0,28.63,10.73,Educational,Split AC,22.5,535.74
21.18,5.0,37.83,9.73,Hospital,Central AC,28.52,1513.89
47.81,14.0,5.15,8.82,Educational,Rooftop Unit,18.22,2030.3
31.31,14.0,22.68,13.46,Residential,Central AC,22.04,746.17
163.81,10.0,13.88,12.69,Office,CENTRAL AC,20.12,4154.5
14.67,3.0,21.43,12.4,Residential,Central AC,21.7,305.72
193.97,26.0,9.02,13.33,Educational,Heat Pump,20.34,4818.59
20.42,6.0,45.0,19.0,Residential,Split AC,29.57,791.33
54.2,7.0,38.5,12.54,Commercial,Split AC,,2337.07
45.23,12.0,14.38,15.96,Office,Heat Pump,20.4,943.93
62.39,7.0,14.76,15.34,Educational,Heat Pump,23.64,930.19
58.62,16.0,35.08,4.8,Residential,Central AC,27.65,1947.34
-26.498743503099547,14.0,6.84,13.68,Residential,Split AC,18.62,1443.94
13.1,8.0,17.1,9.72,Residential,Split AC,20.19,362.5
22.37,6.0,26.25,18.03,Residential,Central AC,-19.76998466685735,435.08
90.3,11.0,14.75,6.71,Office,Rooftop Unit,20.03,2568.58
23.18,2.0,22.05,18.77,Hospital,Central AC,21.65,452.46
56.74,18.0,26.72,23.93,Residential,Central AC,24.56,1072.53
225.56,20.0,22.05,21.21,Residential,VRF,24.58,1752.6
62.41,9.0,5.0,10.64,Educational,Central AC,18.21,2642.74
69.05,17.0,26.69,15.12,Residential,Split AC,25.0,1171.45
65.99,19.0,19.23,8.23,Office,Rooftop Unit ,22.18,2047.51
17.07,3.0,19.77,14.99,Office,Rooftop Unit,20.23,401.63
44.13,6.0,23.19,12.7,Educational,Split AC,21.48,744.67
46.08,5.0,32.91,11.71,Hospital,Rooftop Unit,25.42,1894.1
22.83,8.0,35.99,16.95,Educational,Rooftop Unit,27.59,987.63
123.04,40.0,16.13,13.94,Commercial,Central AC,18.51,3264.45
10.47,4.0,22.99,9.85,Educational,Central AC,22.05,320.3
17.79,3.0,29.2,24.89,Office,Split AC,24.64,323.7
169.18,17.0,34.84,10.51,Residential,Central AC,27.52,5194.12
41.64,17.0,17.08,21.45,Commercial,Heat Pump,18.56,967.37
168.96,17.0,13.76,6.32,Hospital,Heat Pump,19.86,5298.96
22.230805520532336,79.0,7.88,17.7,Educational,Central AC,19.85,646.37
34.18,20.0,16.49,10.54,Residential,Split AC,19.66,1012.07
17.53,5.0,17.63,23.68,Residential,VRF,19.37,284.1
27.97,7.0,9.01,15.41,Residential,Split AC,19.74,768.85
19.558870911582552,108.0,24.78,9.59,Office,Split AC,24.75,1116.44
26.77,8.0,22.68,14.78,Residential,Split AC,19.43,498.9
38.08,6.0,44.31,13.33,Commercial,Central AC,29.98,2298.4
327.58,27.0,26.06,14.43,Commercial,VRF,26.66,4037.87
142.13,15.0,25.64,19.58,Commercial,Rooftop Unit,24.5,2492.83
13.25,7.0,28.14,17.61,Hospital,,26.91,762.99
14.76,4.0,22.25,9.17,Commercial,Heat Pump,25.3,345.78
63.81,16.0,29.96,6.52,Office,Split AC,25.82,1777.76
44.42,-9.0,29.26,17.22,Residential,Split AC,26.6,988.82
76.27,15.0,24.69,17.55,Commercial,Split AC,24.33,1606.78
20.75,7.0,31.11,14.36,Commercial,Central AC,25.67,744.15
26.99,8.0,23.8,25.86,Residential,Central AC,23.54,399.98
49.53,1.0,16.08,22.7,Commercial,Central AC,18.92,11780.55855391407
153.51,35.0,16.36,10.82,Educational,VRF,19.01,2771.28
24.48,8.0,36.73,5.63,Residential,Central AC,28.25,979.83
43.0,13.0,31.59,8.26,Residential,Rooftop Unit,24.39,1333.52
26.45,2.0,31.81,9.3,Residential,VRF,24.06,
66.07,17.0,12.48,15.62,Office,Heat Pump,21.19,1363.23
311.69,47.0,23.96,17.24,Residential,Split AC,25.88,4160.36
75.02,9.0,30.09,12.83,Residential,VRF,21.74,1455.12
13.42,2.0,-51.86403799334883,4.29,Commercial,Central AC,27.69,626.88
17.77,4.0,12.55,8.37,Office,Central AC,18.0,666.27
334.65,32.0,13.91,24.38,Hospital,Heat Pump,22.29,5089.47
21.56,8.0,36.15,11.92,Residential,Heat Pump,24.08,580.19
62.94,10.0,7.16,13.64,Office,Heat Pump,19.08,1615.17
96.79,32.0,25.91,0.3933731923014687,Residential,Central AC,25.64,14219.5307272221
44.01,8.0,5.07,11.87,Commercial,Central AC,18.7,1988.64
21.95,2.0,24.14,11.36,Office,VRF,23.35,310.13
204.0,30.0,6.87,13.82,Residential,Central AC,18.0,5485.84
21.14,7.0,25.42,12.79,Residential,Heat Pump,21.72,274.36
57.1,9.0,7.41,7.12,Educational,VRF,19.3,1676.05
111.68,27.0,7.45,11.96,Residential,VRF,19.17,2885.73
39.05,10.0,28.34,11.11,Residential,Split AC,25.62,700.68
11.9,8.0,29.87,16.33,Office,Split AC,27.16,503.36
31.77,7.0,21.37,7.95,Commercial,Split AC,22.73,653.41
13.6,2.0,45.0,19.85,Office,Heat Pump,23.17,403.23
12.408892388760949,91.0,26.71,30.0,Office,Split AC,23.93,237.76
55.21,12.0,24.08,9.56,Educational,Central AC,22.38,1053.01
196.62973841306,6.0,28.64,17.55,Residential,Split AC,25.32,58.25413956463835
15.82,5.0,28.09,12.65,Educational,Heat Pump,26.69,216.22
133.85,38.0,17.12,11.65,Office,Rooftop Unit,20.31,3782.55
,38.0,28.9,10.59,Commercial,Central AC,26.18,5705.6
31.08,11.0,27.31,16.24,Office,Split AC,26.16,653.15
16.78,1.0,30.53,16.03,Residential,Split AC,23.87,262.41
68.84,13.0,22.32,4.21,Residential,Split AC,25.45,1351.01
242.68,29.0,30.56,8.58,Hospital,Heat Pump,21.32,7393.77
13.82,1.0,9.26,10.75,Commercial,Split AC,20.09,474.15
16.79,8.0,34.72,7.84,Office,VRF,22.55,569.61
72.79,11.0,32.72,13.21,Commercial,Split AC,24.52,2427.77
41.79,6.0,8.08,12.26,Residential,VRF,22.23,802.43
82.92,39.0,11.29,14.35,Educational,Central AC,20.52,3770.06
14.98,1.0,58.07065516163591,14.43,Residential,Heat Pump,21.06,134.6
35.02,16.0,18.97,19.37,Educational,VRF,19.59,711.48
54.98,7.0,83.51046948557278,7.32,Educational,Split AC,22.03,970.99
25.55,6.0,23.78,22.91,Educational,Central AC,23.07,522.72
15.710192173153008,105.0,9.48,23.01,Commercial,Central AC,18.03,4315.59
32.37,19.0,33.15,9.45,Residential,Split AC,24.22,1133.2
109.24,21.0,24.02,8.34,Residential,,24.88,1465.45
128.72,14.0,30.05,16.99,Educational,Rooftop Unit,26.09,2773.03
14.81,4.0,25.96,12.64,Office,VRF,21.23,323.29
12.63,8.0,12.05,12.18,,Rooftop Unit,18.0,545.59
22.59,6.0,34.51,14.22,Educational,VRF,25.14,541.44
16.04,7.0,23.28,8.79,Hospital,Central AC,24.55,814.33
27.44,4.0,23.26,25.32,Residential,Central AC,23.36,327.12
21.22,6.0,20.59,10.54,Residential,VRF,20.03,280.59
16.38518064950761,88.0,44.56,13.27,Educational,Rooftop Unit,29.32,1202.35
156.84,37.0,33.96,-7.942902423975541,Residential,Split AC,24.88,4180.94
145.97,24.0,24.54,16.56,Residential,Split AC,22.15,2037.25
50.46,20.0,18.67,19.37,Residential,Rooftop Unit,19.41,1293.5
122.58,32.0,40.11,20.82,Residential,Split AC,26.12,4110.51
121.11,21.0,21.49,11.19,Office,VRF,20.84,1544.61
56.07,8.0,31.72,14.22,Hospital,Split AC,25.53,1838.51
10.08,1.0,18.63,18.53,Office,HEAT PUMP,21.71,149.11
149.43,30.0,23.5,15.66, Educational,Central AC,22.95,2682.07
28.01,2.0,15.7,23.35,Office,Central AC,19.99,459.64
35.48,11.0,21.59,9.85,Hospital,Split AC,21.82,1222.71
109.46,10.0,26.16,16.54,Residential,VRF,24.17,952.81
64.61,6.0,20.05,11.34,Residential,Rooftop Unit,22.17,979.0
26.82,8.0,18.83,16.54,Hospital,Central AC,18.94,963.3
50.65,16.0,21.37,19.05,Office,Rooftop Unit,22.77,1228.57
51.97,7.0,28.96,21.71,Residential,Central AC,28.68,810.73
17.48,5.0,20.69,11.97,Educational,Heat Pump,19.44,251.48
177.99,17.0,23.84,15.46,Residential,Split AC,22.58,2331.09
28.15,-5.0,22.99,9.96,Commercial,Split AC,24.06,780.05
18.09,5.0,21.19,18.62,Office,Central AC,22.49,452.23
53.11,20.0,25.16,9.44,Commercial,Heat Pump,22.55,1217.53
46.47,7.0,19.11,12.77,Educational,Heat Pump,21.64,665.05
65.51,13.0,7.76,9.67,Office,Split AC,18.2,2493.86
50.87,5.0,18.98,9.27,Residential,Heat Pump,22.39,527.12
135.69,36.0,26.3,14.22,Residential,Rooftop Unit,24.36,2633.04
41.15,5.0,32.67,16.39,Educational,Split AC,23.69,857.06
48.39,15.0,29.17,9.1,Residential,Split AC,25.49,1199.59
52.71,-6.0,15.73,15.5,Educational,Heat Pump,18.6,526.94
29.47,2.0,21.85,,Residential,Central AC,23.2,339.31
21.483932323703428,108.0,27.18,30.0,Office,Heat Pump,24.68,623.69
27.91,6.0,53.24481242231545,9.59,Office,Central AC,24.77,771.94
278.2281412276534,18.0,24.1,13.08,Residential,Central AC,24.15,82.2602978848177
39.41,16.0,23.79,20.69,Residential,Split AC,24.85,653.66
187.31,28.0,21.84,15.21,Residential,Central AC,21.18,2511.16
23.41,4.0,31.8,24.18,Residential,Central AC,24.44,363.16
21.49,7.0,29.44,9.87,Educational,VRF,25.84,511.79
117.88,19.0,21.93,17.13,Office,Central AC,22.27,2470.5
-22.131163634155698,3.0,31.71,25.59,Commercial,Split AC,24.42,300.43
22.67,8.0,26.7,,Educational,Central AC,24.42,483.33
14.54,2.0,16.57,7.16,Residential,,18.45,290.68
51.14,7.0,6.8,27.99962221159679,Residential,VRF,20.1,9287.119881363356
16.08,5.0,41.38,6.58,Residential,Central AC,26.85,786.62
26.15,2.0,26.88,18.39,Residential,Central AC,-19.570304412669476,355.26
18.51,6.0,24.75,8.63,Hospital,Central AC,23.16,729.48
174.59,14.0,31.36,21.44,Commercial,VRF,,3283.95
72.84,7.0,27.1,13.58,Office,Central AC,25.08,1595.47
33.85,11.0,28.13,16.01,Office,Central AC,24.91,936.18
15.08,5.0,44.05,6.87,Hospital,Heat Pump,24.83,1004.53
77.92,7.0,9.58,17.26,Educational,Heat Pump,19.71,1264.95
48.24,6.0,16.54,20.72,Educational,Rooftop Unit,18.0,759.09
175.81,22.0,13.84,20.69,Residential,Central AC,,2667.86
62.79,13.0,12.54,4.3,Office,VRF,21.79,1399.56
72.25,9.0,29.09,11.42,,Rooftop Unit,27.35,1440.33
149.52,10.0,27.65,9.99,Residential,Central AC,24.21,2322.24
169.33,17.0,12.73,5.32,Office,Central AC,18.19,5732.29
11.12,2.0,8.03,9.39,Office,Rooftop Unit,18.0,444.03
79.36,19.0,21.08,16.56,Educational,Split AC,22.22,1437.86
71.45,15.0,28.88,8.84,Office,Split AC,27.38,1785.53
78.25,17.0,26.29,30.0,,VRF,24.4,732.79
10.03,4.0,53.54243057910258,20.25,Residential,VRF,28.18,155.13
70.36,17.0,14.93,-8.994342254326938,Hospital,Central AC,18.98,3192.91
14.6,,35.22,18.6,Educational,Split AC,24.65,536.22
180.0,35.0,48.364698616834126,9.37,Office,Split AC,25.5,3858.94
25.37,8.0,33.51,9.2,Commercial,Central AC,23.84,-254.0635865447018
67.07,10.0,25.09,18.48,Educational,Central AC,23.98,1072.33
14.9,3.0,22.47,30.0,Residential,Central AC,22.85,147.08
11.35,1.0,32.28,,Residential,Split AC,24.97,130.78
11.25,8.0,12.59,25.13,Residential,Rooftop Unit,18.01,447.39
22.03,4.0,27.96,16.0,Educational,Central AC,24.57,533.89
21.27,3.0,29.87,12.63,Commercial,VRF,25.78,300.84
59.59,15.0,26.66,17.99,Residential,Heat Pump,27.13,617.86
,13.0,18.29,12.77,Office,Central AC,18.34,1121.57
22.89,3.0,23.55,11.42,Commercial,Heat Pump,21.08,301.17
16.05,2.0,22.73,16.4,Residential,Split AC,22.0,165.23
58.85,6.0,30.44,18.44,Commercial,Split AC,24.31,1599.53
73.99,8.0,38.38,10.56,Residential,heat pump,25.27,1921.35
79.01,16.0,24.21,8.3,Commercial,Split AC,23.32,
10.54,5.0,23.27,20.08,Educational,Split AC,23.01,201.12
19.64,8.0,23.83,10.82,,Split AC,23.48,660.39
136.38,15.0,26.68,7.39,Office,Central AC,26.87,2722.47
14.07,8.0,22.65,8.47,,Split AC,22.37,447.05
36.18,14.0,-56.657941258854976,10.35,Residential,Heat Pump,21.2,517.0
338.88,39.0,27.62,13.51,Educational,VRF,25.31,5115.76
143.62,17.0,18.55,3.8,Residential,VRF,19.15,1617.76
243.90402024350635,6.0,25.35,14.61,Commercial,Heat Pump,22.79,142.90953993378395
70.94,5.0,31.16,11.52,,Rooftop Unit,23.11,2599.14
50.97,10.0,23.69,22.53,Educational,Heat Pump,22.73,582.06
28.57,8.0,19.45,24.97,Commercial,VRF,20.55,545.01
68.49,20.0,19.95,7.43,Office,VRF,22.52,1341.32
45.86,17.0,22.74,16.85,Residential,Split AC,23.23,1041.18
57.63,19.0,25.48,11.39,Residential,Heat Pump,24.33,952.69
71.39,9.0,23.49,12.3,Residential,Heat Pump,23.89,686.23
48.87,10.0,26.17,6.21,Residential,VRF,24.31,760.97
90.7,19.0,41.38,19.19,Office,Central AC,28.81,4161.15
59.63,18.0,30.75,15.46,Educational,Split AC,24.13,1674.2
161.25,12.0,33.88,9.37,Hospital,Split AC,26.74,4415.21
145.79,12.0,20.57,9.87,Educational,Rooftop Unit,22.95,2752.2
54.8,2.0,14.81,5.9,Office,Split AC,20.71,10880.699325760048
226.90066159898367,2.0,27.36,12.64,Educational,VRF,25.69,29.357212766226528
12.26,1.0,14.06,10.77,,Split AC,20.5,363.81
52.61,17.0,15.66,18.04,Hospital,VRF,19.45,1420.6
143.72,39.0,35.15,30.0,Hospital,Split AC,24.63,4716.02
35.78,12.0,28.38,13.43,Hospital,Central AC,26.46,1628.72
17.1,2.0,22.29,19.9,Office,Rooftop Unit,24.3,311.56
18.746711785596986,97.0,27.82,13.93,Residential,Heat Pump,26.62,251.03
15.49,3.0,-58.65403865294661,23.45,Educational,Central AC,25.74,242.46
80.95,27.0,21.94,10.69,Office,VRF,20.99,1495.51
231.82,54.0,42.9,24.82,Residential,Central AC,26.84,5992.54
13.83,6.0,31.43,0.7325515432624267,Educational,Central AC,23.27,14797.353236546272
15.52,7.0,28.8,8.17, Residential,Rooftop Unit,24.59,568.94
60.05,9.0,17.7,13.49,Commercial,Split AC,18.29,998.15
42.92,13.0,88.97553117875066,13.12,Office,Heat Pump,24.49,901.37
14.55,5.0,17.14,15.38,Office,Heat Pump,20.99,280.89
43.6,17.0,57.5995458661532,24.63,Educational,Heat Pump,22.97,749.73
17.77,3.0,12.55,8.37,Office,Central AC,18.0,666.27
13.13,3.0,28.86,30.0,Commercial,Central AC,27.54,313.56
12.7,8.0,27.81,20.28,Hospital,Heat Pump,,485.63
13.24,3.0,23.69,21.1,Residential,Rooftop Unit,22.89,225.18
251.88,29.0,26.47,23.92,Educational,Split AC,25.06,2991.31
48.18,,37.04,20.73,Residential,Central AC,27.99,1349.47
10.45,3.0,27.51,12.95,Commercial,Central AC,24.9,293.01
16.28,8.0,13.86,12.9,Educational,Heat Pump,21.87,415.21
331.7850086695665,3.0,18.89,21.1,Commercial,Split AC,18.82,174.22927257385163
60.24,20.0,5.95,9.33,Commercial,Central AC,18.0,3268.85
18.49,7.0,6.05,16.4,Office,VRF,21.27,634.49
16.68,4.0,34.2,25.13,Office,Split AC,25.09,431.76
144.12,22.0,12.24,15.48,Commercial,Heat Pump,19.84,3073.22
10.6,1.0,21.0,13.7,Commercial,Central AC,23.21,227.67
20.5,4.0,24.18,10.27,Residential,Split AC,24.09,263.48
69.58,15.0,,24.88,Residential,Central AC,28.39,1251.06
181.26,17.0,30.97,30.0,Residential,Split AC,24.83,2465.64
49.55,16.0,22.69,8.01,Hospital,Split AC,22.64,1838.19
65.82,7.0,7.09,5.04,Office,VRF,22.56,2188.65
50.0,10.0,23.76,30.0,Office,Split AC,23.27,606.58
75.75,20.0,21.58,10.46,Commercial,Rooftop Unit,21.06,1889.97
49.37,19.0,30.58,10.64,Residential,Heat Pump,24.75,885.94
59.06,15.0,10.76,11.38,Commercial,VRF,20.49,1695.42
13.961424438669626,81.0,16.23,8.83,Office,Central AC,18.33,321.98
18.63,1.0,28.64,10.96,Educational,Heat Pump,25.88,227.16
109.61,35.0,31.46,10.63,Residential,Central AC,25.99,2304.36
11.18,2.0,23.42,15.1,Hospital,Central AC,24.01,315.2
137.4,17.0,36.73,16.73,Office,Central AC,26.96,4790.44
151.49,10.0,35.79,14.39,Residential,Central AC,23.42,-141.68117998795168
29.13,4.0,30.1,21.82,Commercial,Central AC,24.85,610.95
58.71,20.0,27.31,20.69,Residential,Central AC,23.02,1182.11
40.58,15.0,33.18,30.0,Residential,Rooftop Unit,23.69,934.63
18.27,4.0,15.52,13.47,Educational,Central AC,18.0,409.85
176.89,19.0,26.71,14.98,Educational,Rooftop Unit,24.54,3321.24
29.58,4.0,14.93,6.78,Educational,Split AC,20.11,732.83
14.949074735095646,95.0,24.68,28.19,Educational,Split AC,22.89,2590.63
11.57,2.0,29.71,6.89,Office,Central AC,28.01,351.03
202.0691710643015,8.0,17.95,21.09,Residential,Central AC,20.57,139.73275526752104
58.27,14.0,23.7,29.7723009844932,Educational,VRF,21.5,12557.791344192236
50.12,16.0,31.4,21.31,Commercial,VRF,22.09,1362.54
85.89,19.0,24.68,11.24,Commercial,Central AC,25.97,1850.01
27.34,3.0,17.95,0.24166579813885625,Office,Split AC,18.0,9067.134645351249
-9.448872845923416,10.0,27.85,14.44,Commercial,Central AC,26.25,1287.62
17.79,7.0,18.39,14.38,Residential,Split AC,19.61,411.76
201.3,23.0,17.89,16.28,Office,VRF,19.36,2637.15
79.61,9.0,20.63,30.0,Office,Rooftop Unit,21.11,1074.43
45.7,8.0,21.64,9.4,Educational,VRF,21.04,510.57
49.6,19.0,23.93,12.77,Commercial,Heat Pump,23.3,1137.22
22.82,5.0,17.09,9.59,Residential,Split AC,20.07,454.26
25.85,3.0,24.66,8.63,Residential,Split AC,25.53,289.32
20.18,6.0,22.37,6.03,Commercial,Central AC,22.53,648.5
19.11,6.0,26.89,24.03,Hospital,VRF,26.71,382.11
42.02,6.0,49.49871358771273,26.39,Residential,Split AC,22.98,436.88
39.11,17.0,-68.03143667279495,11.12,Residential,Rooftop Unit,29.32,1832.74
29.57,2.0,18.32,23.79,Hospital,Heat Pump,19.3,306.58
66.92,12.0,35.4,13.86,Residential,Split AC,24.25,1635.24
43.63,17.0,27.12,6.52,Residential,VRF,26.17,783.54
40.47,17.0,26.65,16.77,Commercial,Central AC,25.34,1151.27
50.34,2.0,9.43,11.86,Hospital,Split AC,20.73,8677.91620177222
32.34,8.0,17.68,,Office,Central AC,18.0,597.33
64.41,10.0,20.89,8.58,Office,Central AC,23.65,1553.99
166.46,29.0,31.45,23.33,,Central AC,25.12,3369.17
22.46,7.0,25.82,18.64,Office,Rooftop Unit,25.67,520.82
145.67,19.0,22.93,11.69,,Split AC,20.74,2054.95
29.35,2.0,20.4,8.83,Commercial,Split AC,67.8354959965317,442.83
,7.0,39.0,10.99,Residential,Heat Pump,22.71,1494.32
32.21,5.0,15.63,13.54,Office,Rooftop Unit,18.0,764.21
49.15,9.0,20.54,10.11,Residential,Heat Pump,21.16,504.11
33.98,8.0,77.41342299167086,23.41,Residential,Heat Pump,21.36,594.95
36.43,6.0,19.81,5.36,Commercial,Rooftop Unit,20.42,864.48
17.77,1.0,14.11,-8.783117679140759,Residential,Rooftop Unit,20.35,287.63
16.89,6.0,20.12,16.43,Educational,Heat Pump,21.67,237.95
29.98,1.0,25.49,17.14,Commercial,VRF,24.92,302.12
219.41,40.0,85.88484029740745,12.3,Office,Split AC,18.37,6038.33
279.38,44.0,29.59,8.44,Residential,Central AC,25.2,
50.39,7.0,54.157456392599485,20.45,Residential,Split AC,22.58,599.79
115.45,16.0,17.09,15.43,Office,Central AC,18.0,1784.15
36.65,15.0,22.32,8.19,Commercial,Rooftop Unit,21.74,1549.79
24.47,3.0,25.35,6.5,Hospital,Heat Pump,22.26,488.89
20.064521627755887,88.0,12.59,13.14,Residential,Rooftop Unit,18.0,1387.85
66.86,12.0,21.23,8.76,Commercial,Central AC,23.59,1376.89
25.18,4.0,44.48,17.68,Hospital,Heat Pump,22.62,1215.15
106.84,37.0,21.22,17.06,Office,Split AC,21.68,2878.39
128.54,15.0,22.07,15.92,Office,Central AC,21.95,1779.67
130.13,40.0,19.17,10.85,Residential,VRF,20.92,2057.63
22.92,1.0,30.16,5.26,Office,Central AC,25.12,558.14
11.09,1.0,18.66,8.04,Hospital,Heat Pump,20.32,149.31
216.7087333326271,8.0,44.84,14.03,Commercial,Split AC,29.05,105.12055554011258
17.9,4.0,12.4,7.33,Residential,Central AC,19.21,441.21
25.37,2.0,21.37,8.94,Hospital,Rooftop Unit,23.31,603.44
224.51304503637772,20.0,26.11,16.27,Office,VRF,28.81,173.04908399452643
55.5,14.0,41.32,23.1,Residential,Split AC,26.46,1523.01
10.45,5.0,27.33,13.92,Office,Central AC,24.83,381.91
50.28,8.0,21.42,7.83,Residential,Split AC,23.93,865.97
205.32,54.0,26.18,9.37,Educational,Central AC,24.02,4647.34
95.18,18.0,35.18,15.5,Hospital,VRF,23.46,3281.62
51.15,15.0,27.6,24.23,Office,central ac,25.9,1166.59
14.117322836364126,104.0,20.98,12.45,Residential,Split AC,21.97,1511.47
120.58,,22.54,12.4,Educational,Central AC,24.65,2153.24
78.67,6.0,27.7,11.86,Office,VRF,25.38,1216.68
,7.0,31.03,9.33,Residential,Central AC,24.32,382.76
24.29,6.0,39.66,13.35,Office,Heat Pump,21.62,753.97
150.3336658439156,1.0,44.09,16.19,Hospital,Heat Pump,23.47,49.03271888226433
65.24,8.0,22.96,17.31,Residential,Heat Pump,21.49,652.07
120.43,30.0,21.29,12.1,Hospital,VRF,22.36,2791.73
27.71,2.0,7.56,24.9,Office,Split AC,20.89,700.29
22.01,6.0,21.16,13.73,Educational,Split AC,22.04,431.43
,9.0,14.23,20.41,Commercial,Central AC,18.93,1512.0
21.82,6.0,8.42,19.51,Residential,Heat Pump,21.29,408.09
84.33,14.0,29.75,12.11,Residential,Heat Pump,,1091.4
61.14,18.0,30.11,7.76,Office,VRF,22.71,1815.09
91.24,35.0,22.03,14.87,Hospital,Central AC,22.09,3373.91
11.27,2.0,17.26,13.72,Office,Split AC,19.93,241.28
279.82887102630224,8.0,32.44,10.2,Commercial,Split AC,25.26,79.06759899809819
109.25,30.0,18.68,29.47,Commercial,Split AC,19.7,1884.8
108.77,19.0,25.5,7.61,Hospital,Central AC,23.62,3697.27
57.49,20.0,44.85,13.33,Residential,VRF,26.58,2004.83
209.54,-1.0,5.52,11.18,Office,Split AC,19.27,9373.04
57.47,6.0,25.1,10.02,Educational,Central AC,22.15,1123.64
37.7,19.0,8.99,10.25,Office,Heat Pump,19.71,1327.63
,33.0,20.63,20.49,Office,Split AC,21.23,2740.93
27.62,5.0,18.5,6.28,Commercial,Split AC,18.23,619.23
48.23,5.0,41.38,7.51,Residential,Rooftop Unit,28.36,2169.06
27.73,5.0,24.39,13.11,Residential,VRF,25.09,276.31
69.05,19.0,22.93,20.99,Office,Split AC,22.11,1239.26
66.27,13.0,33.69,7.92,Residential,Heat Pump,23.47,1466.21
29.82,6.0,19.4,10.9,Residential,VRF,18.92,326.95
125.03,37.0,33.71,7.69,Office,Rooftop Unit,25.55,5497.51
27.21,5.0,21.81,11.59,,Split AC,22.02,548.7
107.23,30.0,36.56,20.66,Residential,Rooftop Unit,26.64,-424.56881437365536
15.23,8.0,24.03,14.25,Residential,Rooftop Unit,23.47,373.21
42.05,19.0,12.1,22.32,Educational,Central AC,19.49,1328.19
64.5,15.0,24.68,18.52,Office,VRF,26.1,1018.77
12.59,7.0,14.72,12.25,Commercial,Split AC,22.05,595.83
26.91,4.0,14.48,9.74,Residential,Central AC,20.84,624.99
158.53,30.0,32.26,15.42,Educational,Central AC,25.67,3707.48
26.26,7.0,17.04,16.03,,Rooftop Unit,18.4,528.39
18.37,2.0,24.16,7.99,Commercial,Central AC,23.84,380.82
15.37,6.0,25.55,25.33,Office,VRF,23.57,291.74
298.5,25.0,14.91,14.37,Residential,Split AC,20.95,5690.64
104.18,11.0,25.65,23.72,Office,Rooftop Unit,23.02,1237.44
32.55,10.0,19.59,24.06,Educational,Central AC,20.33,662.71
12.02,4.0,20.85,10.31,Hospital,Split AC,22.38,445.25
,39.0,11.41,18.52,Office,Rooftop Unit,18.69,4602.91
26.97,8.0,8.57,7.79,Office,Central AC,18.0,1253.62
16.66,2.0,36.59,30.0,Educational,Split AC,22.12,244.15
58.41,15.0,25.43,12.56,Residential,SPLIT AC,23.97,989.17
34.55,18.0,8.01,28.47, Residential,Heat Pump,20.77,749.19
20.69,2.0,9.24,8.97,Educational,Split AC,18.84,565.76
53.99,13.0,29.17,17.62,Commercial,Central AC,26.11,1711.98
11.42,3.0,6.42,24.77,Office,Heat Pump,19.81,249.87
20.02,3.0,22.61,14.46,Educational,Split AC,21.3,337.18
157.95,22.0,14.33,19.72,Commercial,Central AC,20.36,3573.16
190.08,20.0,20.31,20.08,Commercial,Split AC,21.5,2926.17
101.29,14.0,22.94,11.51,Office,Central AC,20.56,2045.28
11.73,8.0,35.7,15.81,Commercial,Central AC,26.73,846.58
13.21,8.0,38.18,12.52,Office,Central AC,29.0,760.03
65.1,16.0,9.6,10.84,Commercial,VRF,22.02,2603.64
71.38,10.0,27.42,11.03,Residential,SPLIT AC,24.87,1232.45
56.89,14.0,40.11,30.0,Residential,Central AC,26.21,1300.6
14.09,4.0,26.17,17.46,Office,Central AC,27.35,289.39
20.57,8.0,30.56,18.91,Residential,Split AC,22.3,599.27
73.79,16.0,5.45,22.98,Commercial,Rooftop Unit,18.0,3284.82
46.44,10.0,79.49512472591805,16.61,Office,Split AC,26.06,1025.22
76.71,10.0,23.29,13.74,Office,Split AC,22.88,1156.67
74.83,9.0,42.65,30.0,Office,Rooftop Unit,30.0,1651.88
68.06,20.0,18.88,13.29,Residential,Split AC,,1524.51
28.21,3.0,32.62,9.76,Residential,Split AC,25.48,677.83
15.442842875442237,125.0,34.4,16.52,Commercial,Split AC,26.97,4694.21
113.57,13.0,34.55,7.97,Hospital,Split AC,24.81,5186.45
119.56,20.0,18.58,8.5,Hospital,VRF,18.74,2628.7
75.28,10.0,23.99,10.94,commercial,Rooftop Unit,23.65,1765.01
192.55,23.0,22.15,17.99,Office,Heat Pump,78.0507709424457,2052.17
23.11,4.0,35.18,14.93,Hospital,Rooftop Unit,27.35,1295.47
,12.0,6.75,10.17,Office,Rooftop Unit,18.0,2515.8
23.89,1.0,23.51,18.46,Educational,Central AC,23.49,223.22
27.08,8.0,15.93,20.79,Office,Central AC,19.79,644.94
46.68,15.0,25.38,11.0,Commercial,Split AC,23.95,1133.64
66.56,20.0,12.88,8.76,Residential,Split AC,19.07,1733.32
16.19,3.0,33.74,11.22,Office,Central AC,26.58,396.84
234.15,1.0,34.57,13.45,Residential,Central AC,25.67,11298.231833585613
-20.007943791536412,6.0,16.72,25.84,Residential,Central AC,20.1,770.25
82.68,30.0,27.52,14.02,,Central AC,24.85,2833.59
35.85,5.0,10.74,16.38,Residential,Heat Pump,18.68,671.96
-48.083588490725155,7.0,24.16,8.15,Office,Rooftop Unit,22.78,1657.15
27.78,4.0,17.55,18.36,Residential,Split AC,20.44,405.04
119.13,13.0,14.06,19.27,Commercial,Central AC,18.0,2732.97
65.33,16.0,36.79,11.35,Educational,Heat Pump,24.19,1738.41
69.79,8.0,33.93,7.31,Office,Central AC,26.27,2295.81
62.24,5.0,17.55,21.08,Office,Central AC,19.95,867.36
48.43,19.0,37.64,13.77,Residential,Split AC,26.31,1822.78
18.7,4.0,29.62,11.35,Residential,Central AC,27.02,324.82
,31.0,23.14,12.96,Office,VRF,23.28,1547.84
49.86,12.0,29.61,30.0,Hospital,Split AC,29.54,1153.4
30.96,16.0,21.88,6.75,Commercial,Heat Pump,23.31,854.79
27.5,5.0,9.83,12.56, Residential,Heat Pump,23.25,520.81
157.53,39.0,19.89,14.06,Office,Rooftop Unit,19.58,-281.031273173442
161.36,17.0,46.62182543830761,15.07,Residential,Heat Pump,25.37,1221.45
59.4,12.0,40.33,17.38,Residential,Split AC,27.45,1873.49
28.89,8.0,6.14,12.01,Residential,Split AC,18.0,890.66
15.76,6.0,16.68,19.38,Residential,HEAT PUMP,20.06,217.02
25.06,7.0,23.24,19.14,Commercial,Split AC,22.34,585.77
14.12,6.0,20.69,23.18,Educational,Rooftop Unit,23.01,395.26
12.16,6.0,22.35,16.53,Commercial,Split AC,22.77,353.9
30.05,9.0,22.88,12.38,Educational,VRF,21.84,382.87
11.22,7.0,21.97,13.15,Commercial,Rooftop Unit,20.72,486.78
21.902058457885087,109.0,7.95,11.9,Commercial,Split AC,20.6,4984.72
35.35,15.0,33.02,17.23,Hospital,Heat Pump,23.07,1501.72
349.15,31.0,32.17,7.0,Residential,Central AC,22.61,7649.18
224.93,37.0,23.81,14.4,Office,Central AC,23.38,4096.29
46.36,18.0,26.83,22.61,Hospital,VRF,23.27,1245.35
10.52,2.0,29.05,8.4,Educational,Rooftop Unit,25.3,211.84
77.92,11.0,21.1,14.37,Office,Rooftop Unit,22.41,1587.94
123.26,24.0,39.23,15.35,Commercial,VRF,24.46,4327.93
50.76,18.0,17.65,7.37,Commercial,VRF,20.25,1312.86
12.11,6.0,12.51,10.39,Residential,Split AC,19.55,406.97
45.4,11.0,37.6,17.2,,Central AC,28.97,1347.26
27.85,6.0,24.64,23.21,Residential,Split AC,26.46,380.16
25.46,6.0,21.74,9.3,Educational,VRF,22.92,411.82
20.7,8.0,32.22,15.44,Residential,Central AC,22.82,553.2
71.32,19.0,13.55,18.1,Office,Heat Pump,23.48,1276.1
15.87,2.0,37.17,26.87,Office, Central AC,26.09,413.63
49.93,20.0,29.92,10.99,Residential,Central AC,26.75,1378.09
12.33,1.0,29.42,8.97,Educational,Central AC,28.0,188.22
27.29,2.0,8.01,14.66,Commercial,Split AC,21.27,-454.8147079118448
162.58,25.0,21.66,8.39,Office,Central AC,23.61,3853.31
196.24,16.0,5.0,13.37,Office,VRF,22.49,6047.68
10.11,8.0,20.06,18.71,Hospital,Heat Pump,20.87,439.65
57.7,19.0,21.01,7.9,Residential,Central AC,19.49,1314.2
74.27,7.0,10.23,14.28,Residential,Split AC,21.05,2069.79
77.58,17.0,32.66,,Residential,Split AC,23.7,2086.16
69.8,6.0,15.91,22.45,Office,Central AC,18.75,1065.3
74.11,6.0,20.98,5.65,Hospital,Central AC,,2056.96
58.4,5.0,14.15,8.9,Residential,Split AC,21.11,1151.63
19.09,7.0,24.93,11.9,Residential,Heat Pump,23.34,235.74
17.92,5.0,30.34,9.63,Residential,Heat Pump,21.78,316.33
24.34,3.0,16.77,-9.53578011122869,Residential,Central AC,19.1,414.48
27.09,6.0,24.76,9.39,Residential,Heat Pump,24.61,356.52
62.78,7.0,26.93,6.45,Residential,Split AC,24.98,815.79
36.36,20.0,28.49,24.54,Residential,Rooftop Unit,25.49,1052.55
63.84,10.0,50.37073699108939,9.11,Residential,Central AC,20.4,857.66
29.04,8.0,35.52,19.01,Educational,Central AC,26.34,1035.48
58.06,12.0,20.83,18.83,Office,Split AC,22.2,914.42
56.27,8.0,21.89,10.59,Residential,Split AC,23.09,819.83
71.15,12.0,29.95,14.63,Office,Split AC,27.62,1537.08
21.1,7.0,22.31,8.39,Residential,Heat Pump,20.2,421.78
12.480094600423072,93.0,21.02,20.19,Office,VRF,23.97,725.07
65.94,8.0,29.69,11.59,Educational,Split AC,27.01,1067.69
29.2,6.0,20.59,26.07,Office,Split AC,21.86,495.6
191.37,37.0,27.27,16.84,Residential,Rooftop Unit,25.93,3505.78
79.51,19.0,27.44,5.68,Educational,Central AC,27.21,1811.59
102.28,34.0,7.93,10.46,Residential,Central AC,18.0,3458.28
182.72,33.0,22.06,7.38,Residential,Rooftop Unit,23.11,3294.02
43.07,7.0,36.51,7.11,Office,VRF,23.27,1388.67
27.52,8.0,12.0,8.66,Residential,VRF,22.21,868.13
157.85,39.0,38.11,16.57,Commercial,Central AC,28.44,7247.99
68.15,11.0,6.57,10.4,Office,Split AC,18.0,2352.82
120.27,32.0,22.18,11.39,Office,Heat Pump,20.88,2199.06
124.87,27.0,18.03,24.35,Commercial,Rooftop Unit,22.71,3211.49
26.91,7.0,39.5,19.61,Residential,VRF,23.26,-190.42321038471107
12.06,7.0,24.98,17.38,Commercial,Split AC,22.78,434.85
28.44,2.0,30.79,15.7,Hospital,Heat Pump,23.42,702.97
147.85,38.0,25.23,17.66,Residential,Central AC,24.5,2519.21
48.43,19.0,31.22,12.22,Commercial,Heat Pump,22.84,1355.12
40.96,19.0,17.27,16.89,Residential,Rooftop Unit,19.0,965.84
75.54,12.0,40.76,13.26,Office,Split AC,26.3,2641.07
22.24,3.0,30.24,12.65,Residential,Split AC,23.07,384.77
180.35,19.0,22.67,17.05,Residential,Split AC,20.93,1862.22
32.93,13.0,20.41,6.28,Commercial,VRF,21.52,907.54
20.02,1.0,22.61,10.29,Office,Central AC,22.98,297.9
40.72,1.0,22.1,6.29,Office,Split AC,23.98,10219.340852302488
19.65,2.0,26.05,0.2818700444318776,Office,Central AC,25.13,9825.96759119715
29.01,4.0,19.81,10.75,Residential,Central AC,21.49,571.93
145.74,36.0,17.37,18.28,Office,Rooftop Unit,20.79,3552.26
37.65,19.0,17.29,15.04,Office,Central AC,19.79,1179.15
154.56,12.0,26.49,15.29,Educational,Rooftop Unit,25.69,1792.91
23.35,4.0,29.31,8.16,Office,Central AC,25.46,637.07
24.52,5.0,19.0,11.14,Educational,Central AC,20.0,415.23
21.05,2.0,22.24,18.99,Office,VRF,20.9,284.25
13.21,8.0,23.31,14.4,Educational,VRF,25.05,354.86
69.7,14.0,15.59,25.89, Commercial,Split AC,20.95,1418.99
19.64,6.0,22.93,11.46,Residential,Central AC,23.37,352.73
35.1,20.0,25.07,25.63,Office,Split AC,23.08,1148.05
190.0,31.0,36.12,14.02,Office,Split AC,25.81,5286.7
190.58,39.0,27.19,6.18,Hospital,Heat Pump,24.13,4705.87
14.9,2.0,5.7,8.24,Commercial,Split AC,19.77,748.6
26.0,7.0,23.22,11.08,Residential,VRF,21.96,254.36
36.47,-8.0,28.04,19.16,Residential,Central AC,27.22,593.77
18.48,2.0,17.31,17.5,Educational,Split AC,19.19,208.38
17.84,4.0,15.6,18.66,Commercial,Split AC,18.12,468.14
69.61,19.0,27.26,27.58,Office,Split AC,27.05,1180.5
257.75368825991234,1.0,26.41,13.66,Residential,Heat Pump,25.08,48.30649131268265
183.7405349890273,7.0,15.91,13.23,Educational,Central AC,18.23,83.84248150619354
43.0,7.0,13.16,14.57,Educational,Central AC,18.65,992.07
13.5,4.0,22.07,20.81,Residential,Split AC,21.72,122.38
33.49,7.0,29.53,18.21,Commercial,VRF,26.57,675.25
58.06,12.0,20.83,18.83,Office,Split AC,22.2,914.42
78.66,12.0,50.20261549029475,24.35,Residential,VRF,24.22,679.74
25.15,2.0,14.01,14.11,Office,Split AC,21.32,11062.722762654324
188.0,19.0,23.95,9.06,Commercial,Heat Pump,23.4,2494.51
63.89,7.0,19.04,0.744856956173206,Residential,Heat Pump,21.28,12286.424319309086
18.334192316328096,94.0,12.99,30.0,Educational,Split AC,19.35,313.45
13.44,2.0,15.34,8.09,Office,Rooftop Unit,18.0,395.64
48.69,12.0,29.77,28.06,Office,Split AC,26.8,870.46
28.08,6.0,29.79,19.94,Educational,VRF,24.81,480.85
58.04,14.0,,9.59,Residential,VRF,20.31,777.64
74.78,6.0,23.19,8.45,Educational,Central AC,22.42,1084.32
57.65,9.0,22.09,8.36,Residential,Central AC,21.78,798.5
50.57,1.0,28.17,9.38,Residential,VRF,24.26,8288.563055781948
13.851244101367199,117.0,20.0,19.1,Educational,Central AC,20.55,243.52
50.55,7.0,23.92,17.06,Residential,Central AC,25.07,762.26
27.27,4.0,29.46,14.41,Commercial,Central AC,26.53,694.5
11.28,4.0,12.85,12.15,Hospital,Heat Pump,21.23,397.12
50.56,16.0,21.08,,Hospital,VRF,22.78,1392.94
53.95,19.0,28.38,8.5,Office,Split AC,26.05,1262.57
11.86,1.0,21.1,,Office,VRF,21.74,129.57
39.81,6.0,27.93,,Office,Heat Pump,25.54,613.65
89.18,14.0,27.12,14.06,Residential,VRF,24.01,1218.48
51.38,19.0,22.53,17.15,Residential,Heat Pump,22.65,712.0
28.83,3.0,23.44,11.43,Commercial,Rooftop Unit,22.88,496.46
15.1,2.0,28.41,12.83,Residential,Central AC,25.42,238.54
20.14,5.0,28.62,22.58,Educational, Split AC,27.17,348.42
23.28,7.0,24.55,18.32,Hospital,Central AC,20.45,919.18
223.74,41.0,12.31,15.05,Residential,Central AC,18.15,5477.73
327.43,27.0,24.53,8.43,Residential,Central AC,23.81,4132.16
12.96,8.0,28.24,30.0,Educational,Heat Pump,25.61,279.94
43.3,7.0,33.63,15.37,Commercial,VRF,23.9,1158.8
11.92,7.0,24.72,7.8,Residential,Split AC,24.06,300.64
14.81,4.0,22.51,18.08,Educational,Split AC,23.38,303.86
36.64,14.0,24.41,13.97,Educational,Rooftop Unit,21.55,886.73
20.1,6.0,21.56,15.28,Hospital,Split AC,22.83,-351.2163044002537
69.62,17.0,28.11,6.84,Commercial,Central AC,25.34,2297.46
14.04,8.0,16.95,7.94,Hospital,Split AC,19.32,789.58
25.05,3.0,-61.29187553097516,13.43,Commercial,VRF,19.96,292.37
,2.0,36.48,10.58,Residential,Central AC,28.17,703.4
75.87,8.0,27.96,7.74,,Heat Pump,26.6,788.72
65.19,14.0,25.52,23.48,Educational,Central AC,24.85,1001.15
77.38,20.0,9.6,9.84,Hospital,Split AC,18.45,3582.34
296.97,52.0,33.52,17.23,Residential,Rooftop Unit,23.71,6892.73
74.37,9.0,19.07,11.96,Educational,Rooftop Unit,22.12,
37.37,9.0,27.51,20.38,Residential,Rooftop Unit,23.8,676.88
63.39,19.0,19.58,23.63,Hospital,Rooftop Unit,18.64,2019.84
68.21,10.0,23.22,6.02,Hospital,Rooftop Unit,23.11,1990.56
85.66,15.0,21.29,25.83,Educational,Central AC,20.79,1404.94
65.07,18.0,36.94,12.04,hospital,Heat Pump,23.94,3032.13
148.45,10.0,6.97,19.43,Office,Heat Pump,20.33,2838.89
55.2,10.0,5.87,29.29140716027164,Residential,Split AC,18.0,12308.973199691352
24.16,1.0,26.75,10.41,Residential,VRF,25.62,218.55
22.56,1.0,31.82,12.5,Educational,VRF,21.75,440.5
161.21622175580725,8.0,43.62,8.76,Residential,Split AC,27.88,102.81533448679588
338.74,30.0,18.29,6.04,Educational,Split AC,19.6,4209.09
67.26,17.0,30.42,5.21,Educational,SPLIT AC,23.83,2263.98
19.59,7.0,40.25,17.61,Office,Central AC,27.68,850.98
57.0,15.0,38.39,13.98,Office,Central AC,27.79,2324.27
38.63,9.0,42.87,15.18,Residential,Central AC,28.31,1460.67
87.86,25.0,19.33,16.05,Hospital,Split AC ,20.15,2690.92
54.83,7.0,16.2,11.01,Commercial,Rooftop Unit,19.21,1113.43
108.61,25.0,15.82,14.26,Commercial,Central AC,19.17,3015.13
158.9,20.0,29.75,30.0,Educational,Split AC,29.35,1825.87
63.89,19.0,25.98,14.73,Hospital,Split AC,26.19,1442.38
32.84,7.0,40.61,20.4,Educational,Split AC,25.75,1019.31
33.96,12.0,17.37,12.69,Commercial,Heat Pump,18.13,706.34
27.74,1.0,30.56,11.81,Office,Heat Pump,21.72,407.0
16.76,7.0,41.86,9.1,Residential,Split AC,28.69,732.46
44.79,13.0,28.29,7.52,Hospital,Rooftop Unit,26.16,1927.45
31.4,14.0,38.76,11.27,Commercial,Central AC,28.54,2036.26
13.13,8.0,13.92,12.6,Residential,Split AC,21.65,398.84
16.87,1.0,12.73,9.45,Commercial,VRF,21.75,498.77
34.36,14.0,26.41,11.17,Commercial,VRF,26.08,797.61
197.08,19.0,26.88,9.29, Residential,Split AC,24.27,3237.56
10.85,4.0,29.45,11.01,Hospital,Split AC,26.64,486.93
79.99,19.0,36.63,26.32,Residential,Split AC,26.48,1563.06
26.29,1.0,26.77,13.91,Educational,Heat Pump,24.17,225.48
26.01,5.0,19.71,13.32,Commercial,VRF,20.79,309.89
20.27,1.0,35.58,17.07,Residential,Split AC,26.42,332.65
57.17,1.0,35.98,14.81,Educational,Rooftop Unit,26.22,12445.169673047647
46.76,7.0,6.89,6.25,Residential,Split AC,19.78,1734.93
63.62,16.0,23.36,14.93,Residential,VRF,24.36,771.11
101.11,22.0,16.49,10.9,Office,Split AC,19.37,2208.17
18.69,5.0,23.14,11.92,Hospital,VRF,22.13,488.31
79.06,15.0,23.53,13.69,Commercial,Split AC,23.17,1501.22
56.12,17.0,29.84,26.65,Hospital,Central AC,27.08,1634.5
,4.0,44.47,12.6,Residential,Split AC,28.25,1020.61
47.1,20.0,42.16,10.43,Commercial,Split AC,27.78,2729.64
122.01,37.0,26.62,30.0,Hospital,Central AC,25.35,3707.72
19.71,8.0,22.46,11.02,Office,Rooftop Unit,21.72,564.56
55.47,14.0,15.69,15.38,Commercial,Split AC,20.04,1426.9
19.79,8.0,25.28,11.84,Educational,Central AC,24.71,546.51
16.65,3.0,14.48,26.18,Office,Split AC,20.89,258.66
20.84,2.0,32.19,12.68,Office,Central AC,25.0,-144.88065582456264
21.45,2.0,11.32,14.83,Office,Rooftop Unit,18.0,616.55
20.58,1.0,42.76,16.37,Residential,Split AC,26.63,581.44
34.68,10.0,12.98,19.76,Commercial,Central AC,18.87,1241.78
78.67,8.0,37.43,14.99,Hospital,Split AC,25.89,2950.78
24.81,7.0,39.32,,Residential,Split AC,28.53,454.45
66.74,18.0,21.62,7.08,Educational,Central AC,23.25,1513.12
146.34,10.0,19.75,14.93,Commercial,Central AC,23.86,2603.39
143.37,39.0,20.03,11.92,Office,VRF,22.43,2926.85
10.93,1.0,24.49,17.97,Commercial,Central AC,23.92,148.32
58.77,8.0,11.89,19.63,Residential,Split AC,22.49,1218.67
105.42,18.0,32.99,0.7040503799073389,Educational,Heat Pump,23.05,11750.19956318093
267.31,49.0,21.38,19.96,Office,VRF,24.81,3989.17
26.09,1.0,15.89,13.43,Office,Central AC,18.0,422.18
98.87,33.0,24.54,14.34,Commercial,Rooftop Unit,24.93,3140.07
76.97,10.0,8.55,7.81,Educational,VRF,20.82,2031.54
55.73,1.0,13.79,26.57,Hospital,VRF,19.74,8319.798116835376
37.6,6.0,43.67,6.11,Residential,VRF,24.9,1072.04
268.0375563866541,5.0,27.8,7.84,Residential,Split AC,23.78,20.61848846576752
21.95,5.0,12.45,30.0,Residential,Rooftop Unit,20.82,461.96
126.82,33.0,32.47,15.77,Commercial,Split AC,26.9,3980.55
18.16,7.0,28.08,20.34,Residential,Central AC,25.01,398.36
54.45,20.0,11.12,20.09,Educational,Rooftop Unit,18.58,1781.11
12.29,8.0,23.64,22.19,Educational,Heat Pump,23.41,271.06
16.34,7.0,24.17,8.7,Residential,Rooftop Unit,25.04,517.21
11.78,8.0,27.4,13.53,Educational,Heat Pump,23.35,305.55
43.86,16.0,34.98,13.8,,Split AC,24.85,1233.11
61.2,15.0,10.01,8.41,Commercial,Split AC,22.0,2859.38
25.46,5.0,19.54,9.85,Commercial,Split AC,20.33,545.86
29.75,2.0,24.4,21.15,Hospital,Heat Pump,23.53,431.62
10.929719944702052,17.0,24.72,18.1,Office,Split AC,26.46,13245.683300725119
12.46,3.0,17.85,19.16,Educational,Rooftop Unit,18.71,254.07
22.12,7.0,30.73,9.5,Residential ,Rooftop Unit,24.73,568.51
237.46,42.0,16.31,15.27,Educational,Central AC,18.0,4654.71
271.49,51.0,34.42,13.96,Educational,VRF,23.97,6245.69
285.8794558420804,15.0,18.35,9.42,Office,Rooftop Unit,19.09,37.42362916481284
39.7,19.0,23.9,9.59,Residential,Split AC,21.53,-384.8111153332659
10.63,1.0,15.6,18.37,Educational,Central AC,20.3,141.37
349.15,31.0,32.17,7.0,Residential,Central AC,22.61,7649.18
50.08,8.0,30.43,13.96,Hospital,Split AC,24.87,1941.3
64.72,13.0,15.84,11.66,Hospital,Heat Pump,18.0,1511.72
14.81,7.0,33.94,9.87,Hospital,Rooftop Unit,26.91,963.56
21.0,4.0,14.99,16.09,Hospital,,24.43,619.19
55.64,6.0,,13.75,Residential,Heat Pump,24.04,1194.13
64.05,17.0,33.96,15.37,Educational,Central AC,25.81,1845.38
29.04,1.0,17.17,10.08,Office,Rooftop Unit,18.51,433.51
35.28,16.0,27.8,10.17,Residential,Split AC,25.86,756.44
29.8,2.0,10.89,7.16,Educational,Rooftop Unit,18.0,668.46
76.49,19.0,12.38,12.64,Residential,Heat Pump,21.5,1546.92
21.95,2.0,32.45,16.36,Residential,Split AC,25.12,367.77
164.9062706220581,5.0,18.46,9.19,Hospital,Heat Pump,22.2,99.73794260452009
59.32,8.0,28.89,11.45,Commercial,Central AC,25.54,1535.4
43.56,15.0,45.0,16.71,Office,VRF,23.61,1709.78
20.56,4.0,30.68,21.63,Residential,Rooftop Unit,26.42,495.56
135.49,35.0,32.28,15.49,Residential,Split AC,25.24,3595.46
40.41,8.0,27.78,7.72,Educational,Split AC,25.84,944.71
65.42,5.0,28.21,9.47,Educational,Central AC,25.95,1164.62
78.89,9.0,30.51,30.0,Residential,Split AC,26.21,871.39
11.18,8.0,26.49,9.89,Residential,Rooftop Unit,25.08,400.35
92.92,16.0,32.03,10.27,Residential,Central AC,25.2,2446.7
154.23,27.0,22.2,13.39,Residential,Central AC,20.95,2213.69
11.62,-3.0,40.02,19.2,Office,Split AC,25.97,465.33
24.366548354378168,73.0,36.8,17.67,Residential,Heat Pump,23.62,999.02
16.66,4.0,28.4,7.11,Office,Split AC,26.26,344.51
13.17,3.0,33.67,4.74,Educational,Split AC,25.24,402.17
25.72,2.0,21.31,9.35,Commercial,Split AC,24.02,605.14
16.86,3.0,25.38,10.03,Office,Heat Pump,23.11,205.39
43.01,8.0,21.38,20.49,Residential,Central AC,22.48,672.2
32.78,17.0,31.85,22.35,Residential,Split AC,27.3,895.73
52.78,11.0,36.25,15.46,Office,Central AC,26.62,1680.99
37.29,9.0,39.43,20.75,Residential,Central AC,28.64,943.34
59.67,16.0,,30.0,Residential,VRF,23.58,864.04
-8.641969007755403,24.0,23.68,11.39,Office,VRF,23.47,1672.72
52.96,20.0,34.28,24.5,Educational,Split AC,26.1,1563.92
41.7,10.0,20.54,13.88,Commercial,Split AC,21.52,984.97
46.41,13.0,28.0,10.63,Residential,Rooftop Unit,27.16,1071.48
65.57,19.0,12.49,11.09,Residential,Rooftop Unit,19.27,1798.97
10.6,1.0,21.0,13.7,Commercial,Central AC,23.21,227.67
11.6,8.0,26.53,9.34,Educational,Rooftop Unit,23.48,402.92
42.93,6.0,34.65,28.15,hospital,Split AC,26.52,1075.31
12.89,1.0,20.24,13.45,Residential,Heat Pump,21.4,11302.97227846027
20.04,6.0,21.86,24.7,Residential,Split AC,23.31,290.5
42.4,6.0,25.78,0.17640734756682958,Residential,Split AC,24.65,9465.343463161178
34.59,16.0,24.41,12.61,Residential,Central AC,25.16,847.91
14.82,5.0,41.36,0.3130911462314228,Educational,Central AC,29.03,12311.05844881445
98.38,32.0,9.21,9.09,Commercial,Split AC,20.56,4686.73
31.28,20.0,36.91,12.91,Commercial,Heat Pump,23.97,1457.67
49.31,9.0,-59.299055211500146,7.38,Office,Split AC,23.62,1131.1
18.29,3.0,23.03,21.57,Residential,Split AC,23.98,242.56
13.79,2.0,27.11,16.4,Educational,Rooftop Unit,25.11,233.09
12.33,6.0,40.15,22.7,Residential,Split AC,25.24,305.14
20.53,5.0,26.13,10.02,Commercial,Rooftop Unit,25.16,541.27
47.93,2.0,42.82,5.23,Residential,Split AC,28.53,11305.072142470715
14.61,4.0,27.66,28.96863939928692,Educational,Rooftop Unit,25.85,9593.207764131264
23.63,1.0,13.76,10.96,Commercial,Rooftop Unit,19.2,564.76
40.74,15.0,17.84,7.45,Hospital,Central AC,18.76,2056.65
26.21,2.0,,8.95,Educational,Central AC,27.34,624.23
29.62,6.0,26.86,10.43,Commercial,Heat Pump,25.69,531.23
124.13,36.0,25.04,8.0,Office,VRF,23.89,2322.35
71.27,14.0,27.53,18.87,Commercial,Central AC,26.79,1447.59
49.64,12.0,25.0,20.39,Office,Rooftop Unit,24.1,1083.13
54.54,14.0,32.02,11.56,Residential,Central AC,23.51,1610.77
54.01,16.0,21.98,13.78,Office,Central AC,23.11,1194.94
36.29,16.0,26.17,30.0,Educational,Split AC,26.02,688.28
174.68,27.0,27.7,8.82,Residential,Split AC,26.06,2411.41
77.26,18.0,27.38,30.0,Residential,Heat Pump,27.18,791.6
13.773390658157442,103.0,15.77,11.12,Residential,VRF,18.0,293.29
76.43,6.0,21.86,12.81,Office,Rooftop Unit,23.74,1322.31
182.89,36.0,24.14,12.6,Commercial,Central AC,23.73,3980.52
59.13,13.0,33.76,18.95,Educational,Split AC,-5.077506457945759,1546.64
17.738431990693492,86.0,36.5,12.66,Residential,Heat Pump,25.08,1091.96
56.17,2.0,23.11,13.47,Residential,VRF,21.44,9409.432490091689
284.31,36.0,30.39,22.35,Residential,,25.44,5365.61
186.4,36.0,12.39,7.86,Commercial,ROOFTOP UNIT,18.97,8320.91
18.22,1.0,-51.522405542701975,10.74,Office,Split AC,26.35,204.74
284.64,45.0,37.6,14.16,Residential,Heat Pump,24.84,6298.64
28.01,8.0,14.8,17.08,,Heat Pump,21.05,381.19
24.18,6.0,37.92,17.97,Commercial,Rooftop Unit,26.55,967.27
16.75,5.0,32.11,29.14,Educational,Split AC,25.28,412.97
18.23,5.0,25.68,17.66,Educational,Central AC,25.73,369.08
28.34,1.0,23.22,11.79,Educational,Split AC,22.74,304.25
74.87,10.0,29.42,21.41,Office,Central AC,27.87,1350.54
13.34,6.0,22.42,17.36,Residential,Central AC,24.23,365.45
57.0,16.0,24.78,12.29,Commercial,Split AC,23.5,1608.65
21.19,6.0,35.3,11.76,Residential,VRF,25.03,547.97
121.64,13.0,16.45,6.64,Hospital,Split AC,20.06,3436.42
12.06,6.0,33.3,21.87,Residential,Split AC,25.86,294.52
42.11,12.0,17.91,11.51,Residential,Split AC,20.99,782.08
22.647083266392418,34.0,19.68,12.39,Office,Central AC,21.36,12044.767511412698
71.6,5.0,18.6,17.36,Residential,Split AC,18.0,814.18
72.01,16.0,24.12,24.28,Office,VRF,25.07,890.86
58.56,8.0,18.6,13.16,Educational,Split AC,19.43,856.06
13.39,2.0,27.65,5.41,Office,VRF,24.95,11488.950009493085
83.81,30.0,23.76,15.17,Office,Split AC,23.96,1899.47
36.88,11.0,12.63,9.94,Residential,VRF,20.43,821.62
170.44,37.0,15.68,11.44,Office,Central AC,19.27,4620.99
31.4,16.0,27.78,13.13,Educational,Central AC,25.32,950.78
75.69,16.0,29.57,12.94,Office,Central AC,26.99,2122.11
13.65,6.0,40.88,19.41,Residential,Rooftop Unit,28.26,537.03
65.64,6.0,11.22,8.73,Residential,VRF,19.92,1248.51
107.62,24.0,19.88,14.93,Hospital,Heat Pump,21.1,2237.08
10.36,1.0,21.7,16.29,Commercial,Central AC,22.36,174.29
15.14,1.0,28.1,11.8,Office,Split AC,25.53,228.88
152.38,30.0,14.63,10.4,Office,Central AC,18.04,3205.51
17.240462261019857,5.0,39.68,14.58,Hospital,VRF,22.5,15475.675986140966
53.21,8.0,28.25,16.32,Hospital,Split AC,27.0,1227.56
78.83,10.0,27.67,14.61,Commercial,Split AC,25.48,1725.98
173.35,26.0,12.65,30.0,Commercial,Rooftop Unit,19.73,3750.44
28.24,5.0,25.64,15.13,Hospital,Split AC,24.98,714.22
16.389792686731173,75.0,31.17,22.57,Educational,VRF,24.39,358.27
18.54,5.0,7.83,19.28,Educational,Central AC,18.0,569.86
63.11,6.0,27.01,13.83,Commercial,Split AC,22.88,1488.07
193.97,23.0,22.28,8.73,Office,Heat Pump,20.94,2388.6
221.46,32.0,23.97,21.14,Hospital,Central AC,24.81,5564.52
71.24,5.0,32.6,0.24317062051901817,Residential,VRF,24.26,12698.74541073939
84.17,40.0,14.5,0.3544819025445466,Hospital,Rooftop Unit,18.09,12206.10890678455
230.7,53.0,15.77,15.3,Commercial,Split AC,20.26,6434.05
15.01,7.0,24.15,8.6,Commercial,VRF,22.78,416.09
27.49,1.0,23.74,20.05,educational,Split AC,22.32,257.63
199.89,11.0,18.27,14.93,Commercial,Split AC,18.55,3099.61
21.11,5.0,22.55,8.17,Office,Split AC,24.58,528.61
11.70510714760018,15.0,16.54,22.18,Office,Rooftop Unit,21.12,13986.110265588755
22.06,5.0,27.62,13.52,Commercial,Central AC,24.98,679.56
22.88,1.0,24.88,4.82,Educational,Central AC,23.21,354.49
125.41,12.0,37.75,21.08,Educational,VRF,25.11,2491.74
70.93,6.0,20.87,14.19,Commercial,heat pump,21.05,773.2
62.92,10.0,21.77,20.13,Hospital,Central AC,19.32,1947.66
49.34,14.0,11.67,13.62,Office,Central AC,18.93,1888.59
12.47,1.0,5.41,30.0,Residential,VRF,21.65,138.14
83.5,29.0,32.78,30.0,Office,Split AC,23.77,1995.42
75.14,14.0,25.0,19.84,Hospital,Heat Pump,24.38,1169.03
18.623999774130368,96.0,25.06,16.45,Residential,Heat Pump,23.44,97.01
58.33,9.0,28.85,13.18,Office,Central AC,29.01,1011.53
63.6,9.0,21.72,17.34,Residential,Split AC,22.02,656.97
76.98,11.0,35.79,9.75,,Split AC,23.94,3547.86
21.35,3.0,35.41,9.51,Residential,Heat Pump,22.77,434.45
42.25,15.0,26.58,24.09,Residential,Heat Pump,23.26,461.14
23.62,3.0,26.47,25.85,Residential,Central AC,25.92,237.33
46.54,19.0,20.69,13.3,Educational,Split AC,20.43,1076.49
16.82,5.0,17.95,22.89,Office,split ac,20.36,304.74
44.06,10.0,18.8,11.39,Residential,VRF,23.56,608.72
167.63,28.0,21.24,23.08,Educational,Heat Pump,23.16,1562.98
75.32,12.0,18.61,9.32,Office,Rooftop Unit,,1815.34
10.38,2.0,32.39,15.59,Hospital,Heat Pump,22.04,366.57
12.99,4.0,23.49,-2.9865906904236112,Office,Split AC,23.57,291.12
43.35,5.0,34.61,15.78,Residential,VRF,21.74,775.14
27.16,3.0,30.41,,Commercial,Split AC,25.67,501.04
18.87,7.0,37.47,6.16,Residential,Split AC,24.74,666.51
64.63,16.0,32.2,9.35,Commercial,Rooftop Unit,23.88,2780.04
39.13,13.0,32.62,8.75,Hospital,Central AC,23.68,1939.69
12.22,8.0,20.19,,Residential,Central AC,22.72,367.47
17.15,8.0,20.54,15.58,Residential,Central AC,22.97,468.7
21.95,7.0,33.93,9.15,Educational,Split AC ,24.57,719.99
52.53,10.0,13.93,28.19,Residential,Rooftop Unit,18.0,860.46
76.45,7.0,30.29,23.15,Residential,Split AC,24.25,1342.38
22.11,6.0,23.72,7.48,Hospital,Central AC,20.92,664.07
59.46,8.0,28.4,8.99,Residential,VRF,26.66,817.94
48.94,5.0,9.7,,Residential,VRF,19.73,1074.44
97.73,40.0,21.28,17.46,Residential,VRF,21.58,1665.34
43.23,15.0,27.19,5.89,Educational,Heat Pump,24.03,1024.37
61.69,20.0,19.9,6.1,Residential,VRF,20.19,966.68
12.41,3.0,,13.69,Residential,Heat Pump,19.98,235.8
111.98,35.0,,11.25,Hospital,Rooftop Unit,21.59,3989.35
14.215125129122193,116.0,18.61,8.63,Commercial,Heat Pump,20.56,1022.46
173.33,11.0,35.5,11.99,Residential,Rooftop Unit,27.06,
47.39,12.0,31.34,22.04,Residential,Rooftop Unit,27.98,1112.47
139.24,29.0,7.36,22.08,Hospital,Rooftop Unit,20.22,6019.52
15.83,8.0,43.11,23.18,Residential,Rooftop Unit,29.98,703.85
181.38,27.0,13.46,6.49,Residential,Split AC,18.0,4141.1
-38.56902024719167,2.0,23.54,18.27,Hospital,Central AC,24.29,315.41
11.26,7.0,22.26,5.69,Hospital,Heat Pump,22.67,428.06
174.57,17.0,37.95,9.56,Hospital,Rooftop Unit,30.0,9135.82
166.89,27.0,10.2,3.36,Hospital,Rooftop Unit,18.0,11540.99
190.3,14.0,29.38,7.11,Office,Split AC,27.98,3694.1
76.98,7.0,17.76,5.91,Office,Rooftop Unit,18.52,1491.39
41.73,18.0,41.75,14.41,Educational,Central AC,27.98,1818.95
13.88,4.0,20.33,11.79,Commercial,Split AC,21.64,412.2
160.94,16.0,12.24,6.94,Office,Split AC,21.55,4885.33
264.80789982966587,30.0,20.0,17.22,Residential,VRF,22.53,102.80721115351406
11.6,6.0,15.85,12.54,Residential,VRF,19.66,296.31
22.02,1.0,28.27,11.42,Residential,VRF,25.73,232.16
27.94,4.0,34.45,6.8,Office,Central AC,25.03,1079.62
,18.0,18.22,9.11,Educational,Split AC,21.12,2801.87
61.85,13.0,20.04,27.02,Commercial,Central AC,20.93,1315.74
15.59,6.0,21.85,16.16,Residential,Split AC,21.87,267.69
23.21,1.0,27.3,12.77,Commercial,Heat Pump,25.34,278.35
34.51,14.0,26.96,15.83,Office,Split AC,24.24,854.89
38.68,10.0,15.98,13.44,Commercial,VRF,19.46,871.99
18.65,6.0,33.89,4.43,Residential,Split AC,23.74,683.88
65.51,7.0,21.02,14.39,Educational,Central AC,19.53,1011.59
-33.91529025921197,6.0,33.75,20.82,Educational,Rooftop Unit,25.28,708.24
72.08,10.0,25.97,21.23,Residential,Split AC,23.79,821.28
191.35,18.0,25.32,20.68,Residential,Split AC,23.73,1996.28
13.39,8.0,24.71,9.82,Commercial,VRF,24.36,310.09
15.75,1.0,24.8,17.26,Educational,Split AC,24.49,259.6
17.215805075756606,96.0,20.98,18.22,Office,Split AC,21.46,505.71
75.2,18.0,21.83,23.21,Commercial,Split AC,22.74,1471.92
43.9,16.0,30.0,7.53,Office,Central AC,24.25,1509.09
37.84,17.0,36.41,15.76,Commercial,Split AC,25.8,1818.98
26.92,6.0,9.54,16.82,Office,Central AC,19.34,881.99
60.7,5.0,10.57,6.15,Office,VRF,22.37,1673.44
75.14,18.0,16.13,19.35,Residential,Split AC,19.51,1659.96
68.96,2.0,11.39,11.8,Residential,Split AC,19.52,9448.11236519427
61.4,8.0,21.0,12.29,Commercial,Split AC,20.41,1050.48
41.06,19.0,16.96,16.25,Office,Split AC,18.56,1070.03
13.01562064045049,82.0,26.54,9.27,Residential,Split AC,24.73,398.65
78.54,16.0,21.11,17.18,Residential,VRF,20.16,834.59
17.35,6.0,26.91,23.46,Commercial,Heat Pump,26.85,351.61
176.42,29.0,27.33,14.2,Residential,VRF,25.72,2107.76
11.92,2.0,15.36,10.6,Educational,VRF,18.0,174.68
13.48,3.0,22.14,7.05,Office,Rooftop Unit,22.84,338.13
63.57,14.0,10.67,9.23,Commercial,Rooftop Unit,-13.267417303186916,2903.98
12.79,8.0,41.82,18.86,Hospital,VRF,25.2,851.82
40.64,11.0,39.94,16.34,Commercial,VRF,26.06,1324.56
17.85,2.0,32.87,8.42,Commercial,Heat Pump,23.76,9503.357806805401
33.7,19.0,41.77,10.74,Residential,Rooftop Unit,28.74,1696.74
60.8,19.0,23.25,19.44,Office,Central AC,23.92,1307.85
58.87,10.0,23.47,8.14,Educational,Split AC,22.84,806.8
13.553040234072931,109.0,22.68,9.85,Office,Central AC,21.87,417.48
28.95,3.0,11.49,14.44,,Central AC,21.03,809.73
62.62,16.0,45.0,16.98,Residential,Central AC,29.44,-452.42104983844763
35.61,14.0,31.37,10.75,Office,Heat Pump,24.83,963.86
29.15,7.0,7.97,12.53,Residential,Heat Pump,21.17,722.48
224.2468758834129,36.0,35.51,10.8,Office,Central AC,27.57,56.6956658099198
18.052320002989553,93.0,18.99,22.08,Office,Split AC,19.72,259.12
79.84,2.0,5.45,15.86,Commercial,Central AC,18.0,12774.654050254769
56.6,6.0,36.53,14.26,Hospital,VRF,23.76,1895.54
239.45000840531418,2.0,23.34,13.26,Office,Central AC,23.34,38.97171934187287
13.57,7.0,,5.32,Commercial,Split AC,25.68,848.76
31.7,20.0,23.38,28.29272585811177,Hospital,Central AC,23.7,11997.322812250073
37.27,5.0,23.14,12.58,Hospital,Split AC,23.41,707.56
28.75,1.0,39.35,22.16,Residential,Heat Pump,23.05,471.84
114.41,15.0,19.9,27.56,Residential,VRF,20.92,897.4
132.61,14.0,17.37,20.19,Residential,VRF,18.0,1042.57
15.42,1.0,32.07,8.57,Residential,Heat Pump,22.94,259.23
26.29,6.0,18.11,16.43,Educational,Split AC,20.44,
196.8,14.0,25.43,22.58,Hospital,Split AC,25.35,-87.14473766149823
72.56,16.0,26.5,22.03,Educational,Split AC,24.67,1466.9
,14.0,23.32,20.12,Hospital,VRF,23.12,1143.73
17.84,7.0,17.29,20.12,Hospital,Heat Pump,19.79,450.71
12.072321799755752,122.0,35.07,7.21,Residential,Split AC,26.86,634.93
31.09,8.0,34.72,16.94,Educational,Split AC,26.32,1004.76
290.2034891924976,13.0,17.81,13.03,Office,VRF,19.55,199.81299608204463
17.12453960348576,120.0,10.14,7.82,Commercial,Central AC,18.16,550.07
215.99367480102694,20.0,29.77,14.75,Residential,Central AC,25.59,103.66417458213503
34.37,6.0,33.41,16.39,Office,Split AC,,1039.58
27.63,8.0,20.51,11.56,Commercial,,21.71,492.92
169.53,10.0,38.83,16.47,Commercial,Split AC,27.61,5444.15
20.47,8.0,36.46,7.74,Office,VRF,24.76,963.08
14.68,2.0,15.69,17.47,Residential,Heat Pump,18.0,178.28
195.43,12.0,32.91,8.72,Educational,Central AC,26.11,4602.95
36.37,13.0,17.74,16.46,Educational,VRF,18.32,548.59
19.08,3.0,,8.76,Residential,Central AC,19.54,313.95
115.42,18.0,33.58,22.81,Office,Central AC,26.25,2335.6
29.9,3.0,13.83,11.8,Educational,Split AC,19.7,504.49
50.92,11.0,22.27,30.0,Commercial,Split AC,22.69,769.17
17.72,6.0,56.758512525448054,6.27,Residential,Rooftop Unit,19.48,759.72
13.05,2.0,10.89,11.14,Residential,Split AC,20.61,319.27
69.6,15.0,23.04,15.43,Hospital,VRF,23.25,1403.65
57.69,16.0,22.08,13.42,Office,Central AC,22.4,1162.99
22.17,4.0,19.35,30.0,Commercial,Rooftop Unit,20.36,422.3
129.48,12.0,14.7,8.87,Commercial,Central AC,,3921.05
222.97,37.0,39.89,11.27,Commercial,Split AC,27.05,10555.02
123.78,21.0,20.07,16.98,Office,Central AC,20.4,2270.68
59.8,5.0,19.99,24.05,Educational,Central AC,19.2,529.25
49.56,6.0,24.33,8.76,Office,Split AC,22.43,764.9
11.92,5.0,32.77,15.82,Residential,Central AC,27.07,407.0
15.32,8.0,40.85,7.89,Office,Rooftop Unit,29.87,1041.39
33.25,15.0,11.41,10.36,Office,VRF,22.47,1067.29
277.28,41.0,18.48,10.26,Commercial,Split AC,20.38,5589.9
73.9,16.0,30.2,12.38,Hospital, Split AC,23.24,2457.08
40.62,13.0,26.6,12.39,Office,Central AC,26.08,1103.19
66.2,13.0,24.74,22.66,Residential,VRF,24.69,700.38
14.92737770637374,99.0,16.13,9.1,Office,Heat Pump,19.71,344.9
167.73,35.0,6.04,26.654744428599134,Residential,Central AC,18.0,10462.925329331218
22.25,5.0,12.69,24.16,Residential,VRF,21.1,330.29
95.99,38.0,33.33,14.73,Office,Split AC,26.32,3096.68
53.14,7.0,29.63,13.58,Residential ,Heat Pump,25.68,813.55
32.39,9.0,22.76,11.31,Office,Central AC,23.96,946.04
77.44,16.0,27.4,26.451186939111,Residential,VRF,27.03,10210.96492099162
43.03,5.0,24.59,19.34,Commercial,Central AC,22.58,625.29
53.09,20.0,31.21,8.32,Commercial,Split AC,23.9,2155.3
22.76,2.0,27.84,0.36192559089132303,Commercial,Central AC,23.97,11463.965821295073
18.486901528398636,6.0,22.9,9.41,Office,Heat Pump,24.45,12376.985101481638
14.065206183884293,7.0,13.37,29.39,Commercial,Rooftop Unit,18.65,13270.378363289452
34.87,-1.0,15.46,8.46,Residential,Heat Pump,18.26,785.24
43.68,5.0,26.94,14.5,Educational,Split AC,24.82,701.77
133.89,12.0,26.35,10.45,Residential,Rooftop Unit,26.04,1834.35
26.93,4.0,28.09,9.6,Hospital,Heat Pump,26.75,498.27
214.11,24.0,20.25,8.62,Office,Central AC,21.0,3907.68
11.5,2.0,27.0,24.1,Office,Split AC,25.27,219.97
74.86,13.0,17.05,12.69,Office,Rooftop Unit,20.36,1601.44
31.94,6.0,24.01,13.22,Residential,Rooftop Unit ,23.21,648.87
21.46,3.0,23.22,28.43,Commercial,Heat Pump,23.16,203.77
11.34683664404153,7.0,12.14,18.59,Residential,Split AC,19.8,13007.673705621366
14.176684237804222,100.0,25.99,7.61,Office,Rooftop Unit,24.5,1811.13
13.68,7.0,17.48,30.0,Residential,VRF,20.43,250.53
181.97,26.0,23.84,30.0,Residential,Split AC,23.42,1603.3
12.45,2.0,21.19,15.41,Residential,Split AC,23.01,124.16
29.82,5.0,36.98,7.69,Residential,Rooftop Unit,26.95,1020.29
38.37,7.0,12.7,7.76,Residential,Split AC,21.06,-189.21116438946322
74.6,6.0,23.78,28.618508808953745,Commercial,Split AC,22.88,12270.78948320213
17.51,3.0,43.67,10.04,Educational,Heat Pump,23.74,522.69
42.92,17.0,20.12,13.78,Residential,VRF,19.44,631.31
115.91,38.0,19.34,8.24,Residential,VRF,21.11,2040.26
39.73,11.0,16.71,12.68,Office,Central AC,20.13,1188.59
193.8,33.0,24.23,15.97,Commercial,Central AC,23.64,3657.89
10.75,5.0,11.16,13.55,Commercial,Split AC,19.22,431.2
189.5,14.0,30.06,16.55,Commercial,,23.46,3094.15
173.32,33.0,23.08,14.45,Residential,Rooftop Unit,24.65,3504.63
156.61,31.0,6.79,7.25,Residential,Heat Pump,20.18,3932.83
52.54,17.0,8.33,12.12,Residential,Split AC,18.0,1619.17
41.49,9.0,17.99,24.53,Hospital,Central AC,19.35,1046.64
291.0432401374905,10.0,15.91,13.29,Office,Central AC,18.55,127.48984484094359
20.77,2.0,29.83,15.18,Hospital,Split AC,25.45,-276.1413757422754
-27.919271207716577,13.0,28.32,15.4,Educational,Heat Pump,26.33,942.1
41.86,17.0,20.23,9.99,Commercial,Central AC,20.67,1190.64
39.78,19.0,18.56,5.23,Hospital,Central AC,19.98,1926.39
102.99,28.0,29.75,28.32,Commercial,Rooftop Unit,27.68,2558.9
51.75,19.0,30.74,13.7,Commercial,Rooftop Unit,25.64,2385.92
22.33,2.0,21.19,11.75,Commercial,Central AC,22.07,367.31
18.14,4.0,31.08,5.31,Residential,Split AC,23.95,550.58
75.75,18.0,19.0,10.73,Educational,Split AC,19.95,1246.29
34.17,7.0,31.97,16.04,Commercial,Rooftop Unit,25.02,1360.05
78.38,9.0,21.8,17.07,Educational,Heat Pump,20.65,785.01
66.92,17.0,11.61,12.11,Office,Central AC,18.71,2404.9
16.56,6.0,26.29,16.99,office,Central AC,26.53,424.68
152.69,21.0,26.7,18.31,Commercial,Split AC,25.29,2657.72
22.79,3.0,16.43,23.23,Residential,Central AC,18.0,300.4
62.47,10.0,37.74,14.1,Educational,Rooftop Unit,29.33,1866.11
27.81,2.0,28.26,16.89,Commercial,VRF,24.82,437.96
74.24,19.0,21.77,10.54,Residential,Split AC,23.02,1349.25
44.68,20.0,21.58,22.49,Commercial,VRF,19.63,1083.45
136.97,26.0,13.75,13.47,Residential,Split AC,18.41,2209.17
20.0,8.0,30.92,15.64,Office,Central AC,23.13,814.41
126.05,13.0,7.47,13.32,Commercial,Central AC,18.23,4755.27
-19.705497241603165,35.0,26.4,17.43,Commercial,VRF,23.45,4486.76
14.2,6.0,21.06,24.52,Office,VRF,22.86,316.22
63.62,6.0,26.56,18.56,Office,,24.9,1022.84
80.84,35.0,17.01,15.64,Hospital,Rooftop Unit,19.51,2940.96
65.27,17.0,18.24,18.98,Commercial,VRF,19.88,-421.8157208510643
172.58,39.0,21.0,,Commercial,Rooftop Unit,20.42,4141.35
19.271620879198366,6.0,33.68,23.97,Educational,Heat Pump,23.66,15743.782119809015
76.8,9.0,24.84,8.99,Hospital,VRF,23.0,1441.61
23.17,2.0,29.03,30.0,Residential,Rooftop Unit,27.65,275.53
89.89,26.0,21.37,10.16,Commercial,Heat Pump,20.48,1713.55
46.75,16.0,16.82,13.46,Educational,VRF,19.71,818.05
28.63,2.0,16.94,12.95,Residential,Central AC,20.15,394.64
28.2,3.0,41.75,15.35,Residential,Split AC,29.11,799.59
10.11,5.0,20.48,30.0,Hospital,Split AC,19.98,446.04
93.1,15.0,29.63,9.24,Educational,Split AC,26.7,1893.08
140.14,19.0,14.19,11.37,Office,Split AC,20.39,3247.98
17.14,1.0,25.56,23.48,Residential,Central AC,24.39,175.34
28.95,2.0,30.25,18.96,Office,Heat Pump,24.97,302.07
289.22,20.0,39.72,12.71,Educational,Central AC,27.96,8385.42
13.42,8.0,22.49,8.03,Residential,Split AC,21.08,312.95
99.5,16.0,26.32,27.51,Residential,Central AC,26.55,1475.8
54.23,5.0,28.47,7.64,Commercial,Split AC,27.2,1180.86
56.23,5.0,40.92,16.6,Residential,Heat Pump,24.6,1083.41
78.43,8.0,27.92,15.87,Educational,Central AC,24.42,1324.95
24.06,5.0,14.71,14.91,Office,Split AC,21.09,579.41
-49.96744951727659,7.0,23.17,27.26,Office,Central AC,23.78,344.92
12.493773710090684,104.0,5.26,10.58,Residential,Heat Pump,20.37,456.25
74.28,12.0,20.73,7.82,Commercial,Central AC,21.55,1591.0
12.67,1.0,26.97,10.55,Office,Central AC,24.26,291.48
58.69,7.0,28.51,10.42,Educational,Heat Pump,24.28,864.72
15.701155980442266,80.0,6.72,6.33,Educational,VRF,22.35,2060.88
23.79,4.0,23.67,13.37,Residential,Heat Pump,22.34,225.21
72.66,20.0,23.92,4.88,Commercial,Split AC,22.8,1933.03
21.26,6.0,15.9,-2.138686593638699,Residential,Heat Pump,18.0,306.5
118.6,17.0,32.35,17.54,Residential,Heat Pump,24.87,1522.05
-10.090799135537186,3.0,27.46,20.0,Hospital,VRF,25.67,372.13
66.96,11.0,19.69,14.75,Commercial,Central AC,22.37,1690.07
61.28,7.0,18.99,7.01,Office,Rooftop Unit,19.21,1282.34
62.49,9.0,22.74,13.02,Commercial,Central AC,23.57,1085.29
17.09,5.0,10.73,12.87, Office,Split AC,18.91,632.05
28.36,1.0,19.49,13.56,Residential,Central AC,20.57,320.54
10.3,3.0,36.42,11.24,Residential,Split AC,24.64,343.48
23.13,4.0,8.09,19.43,Residential,Split AC,20.24,581.24
135.67,14.0,22.74,19.14,Residential,VRF,22.48,1220.36
47.89,8.0,19.46,11.51,Office,Central AC,22.43,904.31
15.00632907754025,73.0,15.97,17.59,Commercial,Split AC,18.0,534.6
24.852040243475464,87.0,25.72,15.08,Educational,Split AC,24.77,412.11
23.11,7.0,39.6,15.82,Office,Split AC,27.59,1063.67
207.5559252014654,6.0,22.7,14.58,Residential,Central AC,24.96,85.46901187858043
68.96,,5.06,10.61,Residential,Rooftop Unit,18.0,2465.1
11.63,6.0,17.52,14.37,Commercial,Central AC,18.83,373.79
44.66,20.0,32.92,23.45,Residential,Central AC,25.87,1255.83
18.45,6.0,26.68,18.29,Residential,Split AC,23.07,308.59
73.3,13.0,9.32,16.64,Residential,Heat Pump,22.71,1365.13
82.42,40.0,19.2,17.89,Office,Heat Pump,22.94,1801.74
198.18,38.0,22.22,9.93,Commercial,Split AC,20.83,5191.8
49.45,15.0,10.2,13.45,Residential,VRF,20.02,1047.46
35.82,10.0,29.73,17.09,Office,Heat Pump,24.22,659.78
100.15,28.0,26.28,13.7,Commercial,Central AC,23.89,2867.57
72.98,12.0,-69.18862916797565,4.45,Educational,Split AC,23.65,1380.92
77.21,8.0,35.18,9.64,Residential,Central AC,27.24,2275.35
51.34,13.0,69.00335910949543,4.67,Office,Split AC,21.98,1370.12
19.39,2.0,35.11,14.87,Commercial,Split AC,23.8,608.2
23.97,7.0,26.9,13.75,Residential,Central AC,23.26,348.28
139.26,12.0,35.76,13.75,Office,VRF,23.9,3310.14
13.2,4.0,24.03,8.95,Office,Central AC,19.92,442.28
21.78,8.0,31.07,12.02,Commercial,Heat Pump,22.0,690.83
29.25,3.0,16.75,27.53,Residential,Heat Pump,19.72,194.19
-13.817531836742049,3.0,12.79,9.26,Residential,VRF,22.7,547.57
21.41,8.0,16.13,14.86,Hospital,Central AC,18.0,858.75
22.05,5.0,25.2,10.77,Office,Heat Pump,27.23,330.33
77.9,17.0,7.02,13.1,Office,Split AC,18.0,2843.55
,7.0,14.6,4.26,Educational,Split AC,18.98,1490.67
23.02,7.0,14.67,13.66,Residential,Split AC,20.07,462.84
29.81,7.0,34.6,16.81,Residential,VRF,23.05,511.79
92.91,18.0,8.31,4.2,Office,Rooftop Unit,18.75,3826.19
19.56,1.0,37.71,10.83,Commercial,Central AC,24.95,953.51
147.04,12.0,11.07,,Commercial,Central AC,19.06,4699.41
29.78,7.0,33.87,18.0,Hospital,Central AC,25.82,1559.36
191.96,33.0,17.94,12.63,Educational,Split AC,21.76,3465.15
15.35,7.0,27.24,13.18,Educational,Heat Pump,26.51,318.16
63.66,20.0,40.39,9.02,Office,VRF,24.53,2521.64
65.53,13.0,23.41,11.5,Hospital,Central AC,21.73,-334.99730520111007
125.6,16.0,33.59,18.41,Residential,VRF,25.82,2410.92
77.25,17.0,24.05,17.25,Residential,Heat Pump,23.58,781.07
17.03,8.0,8.62,6.32,Commercial,VRF,20.63,778.16
286.21,34.0,28.75,10.9,Commercial,Heat Pump,24.75,5007.5
18.68,6.0,41.97,11.25,Residential,Heat Pump,25.98,504.76
197.89,16.0,6.36,,Residential,Heat Pump,21.43,4560.86
24.7,1.0,21.55,11.86,Educational,Split AC,20.58,252.84
42.79,8.0,36.98,21.9,Residential,VRF,26.95,926.87
67.57,12.0,22.7,9.2,Residential,Central AC,22.0,1136.42
144.98,16.0,22.85,4.97,Residential,Central AC,22.8,2014.42
24.33,1.0,28.67,29.91,Office,Central AC,25.67,304.8
26.47,2.0,26.95,23.5,Commercial,VRF,26.41,333.1
72.35,10.0,20.0,20.61,Office,Heat Pump,21.02,670.24
69.18,6.0,35.97,16.43,Educational,Heat Pump,24.25,1203.85
13.48,4.0,26.11,19.98,Educational,Split AC,24.06,300.46
39.01,7.0,33.32,11.32,Office,VRF,22.62,1023.2
13.36,1.0,29.81,17.8,Office,Split AC,25.97,342.79
17.86,8.0,16.63,12.5,Educational,Split AC,18.42,494.35
27.53,5.0,18.94,23.35,Educational,Central AC,80.83949122404294,485.1
98.27,25.0,12.96,19.38,Office,Heat Pump,20.0,2027.45
230.20702597607897,11.0,22.84,20.32,Residential,VRF,21.36,177.650143485823
-25.65708935326802,18.0,26.31,6.16,Hospital,Central AC,23.61,2537.03
21.3,4.0,26.18,8.23,Office,Central AC,24.9,412.43
331.66,40.0,28.4,6.05,Commercial,Central AC ,25.2,11548.98
31.83,17.0,31.22,11.81,Commercial,Central AC,23.74,1632.67
13.27,8.0,34.44,16.26,Residential,VRF,28.48,290.53
173.5,32.0,31.69,30.0,Educational,Central AC,-1.8823733205789566,2391.4
23.91,7.0,27.35,21.17,Office,Heat Pump,26.01,368.3
18.328122938856,81.0,6.48,6.09,Office,Rooftop Unit,18.0,7453.72
48.84,15.0,20.56,13.81,Commercial,Heat Pump,22.63,965.95
30.3,6.0,27.16,24.55,Residential,Split AC,23.62,346.63
233.82,39.0,19.24,12.67,Residential,Split AC,19.6,3406.94
15.92,7.0,29.74,8.68,Educational,Rooftop Unit,26.72,693.04
152.48,15.0,34.45,5.02,Office,Rooftop Unit,28.36,5238.16
122.93,21.0,35.4,12.05,Residential,Split AC,24.35,3773.52
12.350140526041814,83.0,33.91,16.54,Office,Split AC,25.74,802.0
132.25,13.0,13.5,17.9,Educational,VRF,21.71,1863.11
19.43,2.0,26.04,16.41,Hospital,Heat Pump,24.84,9852.4798861272
20.19,2.0,31.94,24.3, Residential,Central AC,24.76,308.32
54.82,15.0,14.84,21.6,Commercial,Split AC,21.21,1827.05
26.72,6.0,20.94,12.78,Commercial,Central AC,20.23,795.13
109.1,,29.09,5.9,Office,Split AC,24.7,2551.9
11.73,5.0,29.42,5.48,Residential,Heat Pump,26.53,218.91
178.4,31.0,27.82,15.76,Hospital,Heat Pump,24.58,4316.55
216.61,26.0,21.69,19.4,Residential,Central AC,21.48,2764.72
12.64,5.0,29.26,7.45,Commercial,Heat Pump,27.64,388.79
21.94,5.0,27.2,10.02,Residential,Split AC,23.42,457.77
17.15,5.0,7.28,5.69,Commercial,Split AC,19.44,800.24
85.89,19.0,24.52,11.24,Commercial,Central AC,25.97,1850.01
25.94,1.0,26.44,13.94,Residential,Heat Pump,24.81,232.44
43.58,11.0,20.3,14.06,Office,VRF,20.52,669.1
114.79,22.0,22.65,9.97,Commercial,Rooftop Unit,22.83,3306.93
20.5,6.0,25.07,7.2,Educational,Split AC,22.73,477.96
27.4,4.0,19.2,21.03,Residential,VRF,21.49,266.73
167.62,25.0,26.12,19.38,Educational,Central AC,25.27,2748.55
57.36,18.0,18.52,16.13, Office,Heat Pump,21.37,1067.55
22.3,6.0,36.84,10.44,Educational,Split AC,27.22,773.86
36.61,15.0,17.37,12.76,Educational,VRF,18.75,821.6
-47.97205314057165,17.0,26.64,8.12,Residential,Central AC,23.77,1431.48
57.47,6.0,25.1,10.02,Educational,Central AC,22.15,1123.64
12.99,1.0,35.36,9.13,Residential,Rooftop Unit,27.0,9581.121430874195
42.29,17.0,18.47,12.34,Residential,Central AC,-9.77227042232096,1047.4
96.44,38.0,25.54,14.7,Educational,VRF,24.23,1727.48
32.73,5.0,23.14,6.57,Educational,Heat Pump,22.38,435.48
36.81,15.0,43.8,16.05,Commercial,Heat Pump,24.19,1619.62
62.41,15.0,13.89,22.2,Office,VRF,19.6,1129.14
48.87,5.0,13.35,14.76,Residential,Central AC,21.27,1047.62
55.0,9.0,22.33,13.54,Residential,Rooftop Unit,22.65,779.77
75.31,13.0,24.8,8.69,Hospital,VRF,23.4,1710.99
21.51,4.0,28.11,16.8,Residential,Rooftop Unit,26.53,382.64
79.73,12.0,31.03,10.11,Residential,Central AC,25.83,1667.49
227.69,40.0,11.0,15.06,Residential,Central AC,19.73,5705.88
159.67,13.0,20.13,15.42,Educational,Split AC,23.92,1766.2
33.17,20.0,20.18,24.36,Commercial,Split AC,21.75,1186.13
13.088205921694284,37.0,26.83,9.82,Commercial,VRF,24.05,14388.357012216558
153.23,25.0,14.82,8.28,Residential,Split AC,18.72,2893.55
29.33,2.0,29.34,8.6,Office,Split AC,28.99,492.77
179.39,26.0,43.17,13.78,Commercial,Central AC,29.21,8778.64
13.6,-9.0,15.76,11.68,Educational,Split AC,19.22,278.69
56.57,13.0,27.96,26.89,Residential,Split AC,25.42,693.07
195.2,16.0,23.39,21.75,Residential,Heat Pump,21.67,1439.83
10.15,3.0,24.96,8.69,Educational,VRF,23.48,182.3
230.32,27.0,32.46,19.65,Residential,Split AC,25.82,4536.87
252.79644886836053,31.0,25.11,19.84,Educational,Central AC,24.67,102.70701289734028
64.3,20.0,24.39,8.53,Educational,Heat Pump,25.1,938.17
317.06153391948925,3.0,34.08,30.0,Office,VRF,23.83,57.69684666336719
88.34,21.0,19.57,25.79,,Rooftop Unit,22.82,2058.34
27.55,1.0,17.01,23.73,Commercial,VRF,20.46,207.44
22.15,2.0,29.1,23.94,Commercial,VRF,27.19,222.18
267.89,35.0,44.13,,Hospital,VRF,26.33,9826.98
23.92,1.0,20.41,11.45,Office,Split AC,20.18,375.3
195.49,22.0,27.95,20.13,Residential,Split AC,25.96,2525.76
17.67,5.0,74.53677840240714,12.17,Commercial,VRF,21.05,363.86
36.39,5.0,25.17,19.56,Educational,Rooftop Unit,24.8,535.5
10.93,4.0,23.95,7.22,Residential,Split AC,24.56,240.22
94.45,39.0,25.75,20.62,Commercial,VRF,25.02,1812.92
22.81,4.0,10.18,13.75,Hospital,Central AC,18.99,1057.45
141.32,31.0,17.91,7.64,Educational,Heat Pump,20.1,2106.6
165.73,13.0,16.47,21.98,Residential,Heat Pump,19.99,1288.28
75.22,5.0,16.07,8.86,Residential,Central AC,18.0,1111.66
72.43,11.0,21.24,0.3863471382801851,Residential,Central AC,21.42,10737.073448247325
44.01,8.0,19.29,13.35,Office,VRF,20.52,700.09
18.9,4.0,31.24,9.02,Office,Heat Pump,23.42,539.32
20.85,4.0,16.22,7.11,Residential,Central AC,19.82,446.96
39.09,15.0,52.93327077279739,14.06,Educational,Split AC,25.01,936.09
58.32,5.0,28.19,13.51,Residential,Split AC,24.8,901.49
32.62,7.0,24.6,11.7,Residential,Heat Pump,24.54,406.05
76.89,14.0,25.63,11.58,Hospital,VRF,24.0,1674.29
26.09,4.0,28.44,21.63,Residential,Central AC,25.86,395.7
284.01,-8.0,37.38,10.99,Residential,Split AC,24.67,7103.31
12.97,5.0,44.4,13.35,Residential,Split AC,27.72,615.33
53.15,20.0,12.41,8.77,Commercial,VRF,21.89,1888.39
107.77,15.0,12.37,23.48,Residential,VRF,23.12,1284.79
14.68,1.0,24.51,14.71,Residential,Central AC,24.39,8952.368182695915
39.76,15.0,23.88,6.59,Educational,Heat Pump,25.34,710.87
21.85,2.0,19.73,,Residential,Split AC,21.51,346.81
11.15,2.0,25.65,12.83,Residential,VRF,24.26,83.58
122.27,34.0,39.34,14.16,Residential,VRF,24.93,3323.2
64.11,20.0,,10.58,Educational,Split AC,25.86,1423.27
71.28,14.0,20.35,3.55,Residential,Central AC,19.79,
58.93,10.0,40.24,16.27,Residential,Rooftop Unit,28.54,1863.06
12.41,7.0,20.42,14.77,Residential,Heat Pump,20.57,218.21
30.12,8.0,32.46,20.87,Hospital,Heat Pump,24.42,813.8
45.92,9.0,58.356311455818556,16.68,Office,Split AC,23.92,1183.05
62.58,5.0,16.92,17.08,Office,Heat Pump,20.52,779.18
18.95,6.0,54.192546825538855,11.24,Residential,Rooftop Unit,30.0,815.44
28.37,2.0,26.28,13.1,Residential,central ac,25.34,308.69
59.85,9.0,44.71,17.28,Residential,Central AC,28.73,1953.04
26.45,3.0,20.85,8.8,Educational,Rooftop Unit,75.51837228927512,388.82
26.37,5.0,21.51,9.54,Educational,Heat Pump,22.15,294.57
12.57,1.0,31.28,20.9,Residential,Rooftop Unit,25.85,211.22
40.75,17.0,23.66,7.99,Commercial,VRF,22.94,1153.94
21.01,4.0,38.69,7.06,Office, Central AC,24.68,1112.04
298.33,34.0,34.65,3.08,Commercial,Split AC,28.19,13317.95
34.08,15.0,12.02,22.59,Office,Split AC,18.69,1216.0
153.85,11.0,17.93,12.18,Commercial,Heat Pump,19.1,-310.2881838627016
77.33,9.0,17.77,9.26,Educational,Central AC,21.3,1327.37
147.57,13.0,35.63,20.31,Educational,VRF,21.58,2739.4
47.84,18.0,27.09,12.53,Commercial,VRF,25.5,931.89
140.66,33.0,32.72,15.64,Office,Split AC,26.94,3845.48
231.51,32.0,21.69,14.73,Residential,VRF,21.7,2318.95
55.45,8.0,19.5,11.71,Office,Central AC,20.23,1250.3
160.07,,7.34,6.74,Residential,Heat Pump,19.69,3424.93
21.26,2.0,18.72,20.82,Commercial,Central AC,20.19,308.36
27.27,3.0,41.69,13.43,Educational,Rooftop Unit,29.17,968.12
37.12,15.0,19.01,5.84,Residential,Central AC,20.32,849.09
24.43,4.0,42.09,13.97,Office,VRF,23.45,909.28
250.33,20.0,38.1,21.61,Office,Split AC,24.95,6834.9
19.58,5.0,26.58,17.21,Educational,Central AC,23.69,384.59
293.06,33.0,28.71,23.75,Residential,VRF,28.02,2775.29
67.6,14.0,29.32,10.42,Residential,Central AC,28.64,1289.61
26.56,1.0,28.41,9.74,Residential,Split AC,25.74,377.97
212.48115419636798,15.0,27.49,14.26,Hospital,Central AC,24.67,132.12393452028167
75.14,19.0,10.55,30.0,Office,Rooftop Unit,18.45,2002.23
33.96,5.0,30.44,14.23,Residential,Rooftop Unit,26.45,688.33
22.24,3.0,,11.31,Commercial,VRF,26.63,356.67
56.77,18.0,29.18,28.621727832812574,Educational,Split AC,27.56,10129.934690516255
301.6448938403777,4.0,18.77,16.08,Residential,Central AC,19.52,81.54721359776862
10.52,2.0,29.05,8.4,Educational,Rooftop Unit,25.2,211.84
20.12,7.0,10.56,23.28,Residential,Central AC,18.4,548.56
70.47,14.0,33.52,11.72,Commercial,Split AC,25.93,2360.22
19.03,1.0,31.99,6.49,Office,VRF,21.55,484.89
28.6,3.0,15.98,19.64,Residential,Central AC,18.65,440.89
65.78,17.0,40.54,11.54,Residential,heat pump,24.52,2141.07
13.68,7.0,17.48,30.0,Residential,VRF,20.43,250.53
26.41,3.0,36.4,22.48,Residential,Heat Pump,25.31,416.1
63.31,19.0,18.43,23.9,Hospital,VRF,20.99,1549.76
186.43,36.0,17.25,9.24,Commercial,Central AC,19.4,4629.11
13.23,4.0,30.14,,Residential,Central AC,24.55,301.89
79.96,19.0,15.01,10.58,Office,Central AC,18.64,2272.21
21.93,8.0,38.05,10.36,Residential,Split AC,27.94,822.44
12.48,2.0,19.38,22.76,Commercial,Heat Pump,19.72,166.98
62.66,15.0,25.49,16.62,Hospital,Central AC,24.96,1825.67
11.22,5.0,18.61,12.15,Hospital,Split AC,18.89,460.57
17.19,7.0,,12.97,Commercial,VRF,18.73,386.35
266.5364659244322,17.0,9.62,7.53,Educational,Split AC,19.84,34.730970864467025
268.26,35.0,18.02,12.09,Residential,Rooftop Unit,19.28,3692.51
48.28,11.0,41.4,22.78,Hospital,VRF,23.45,1825.18
15.05,3.0,18.21,16.37,Residential,Split AC,19.26,238.98
12.65,3.0,11.2,8.82,Office,Split AC,18.49,451.65
37.1,12.0,28.4,11.83,Residential,VRF,26.24,543.11
67.56,16.0,26.76,27.218349730049223,Residential,VRF,25.1,12514.062138649177
25.27,2.0,26.91,15.07,Residential,Split AC,23.58,361.33
77.63,6.0,12.22,6.12,Residential,Central AC,18.0,1653.47
24.16,2.0,17.95,22.47,Residential,CENTRAL AC,20.53,317.69
71.21,19.0,30.78,11.5,Commercial,Heat Pump,25.32,1813.7
280.11,21.0,33.58,18.95,Residential,split ac,26.45,4447.51
63.03,14.0,10.6,,Residential,Split AC,21.39,1495.1
17.17,6.0,40.22,30.0,Residential,Split AC,24.63,429.25
12.67,8.0,16.56,12.25,Hospital,Split AC,18.0,541.44
26.74,5.0,18.91,9.26,Residential,Central AC,20.4,484.53
169.41,12.0,23.56,16.02,Office,Rooftop Unit,,2607.43
18.56,5.0,21.35,0.8442326626105247,Commercial,Central AC,21.44,10718.785164425939
70.13,6.0,29.29,14.19,Hospital,Heat Pump,27.11,1531.92
101.31,12.0,19.06,11.75,Office,Central AC,20.6,1816.33
59.93,17.0,28.84,22.99,Residential,Split AC,24.17,971.66
69.9,19.0,9.77,-5.95860508381454,Commercial,Central AC,20.35,3198.69
28.3,1.0,23.16,8.07,Hospital,Central AC,22.51,570.13
19.11,3.0,34.8,29.8,Hospital,VRF,22.75,464.91
40.44,6.0,16.06,15.32,Commercial,Central AC,18.78,1141.52
64.33,9.0,57.65570914577879,20.08,Office,Split AC,20.44,1181.44
249.4860622695193,12.0,29.05,11.28,Office,Rooftop Unit,26.37,151.1269766540346
10.48,7.0,64.46454937169983,28.82,Residential,Split AC,19.85,180.6
48.45,15.0,9.09,18.45,Office,VRF,21.4,
22.97,4.0,36.68,10.09,Educational,Central AC,28.28,762.79
106.43,29.0,16.11,22.23,Educational,Rooftop Unit,18.47,2436.32
55.04,6.0,19.25,9.07,Office,Central AC,22.12,1272.45
142.59,32.0,30.61,19.54,Residential,Rooftop Unit,22.92,3489.88
102.34,32.0,25.18,6.15,Residential,Heat Pump,24.95,1210.39
75.45,13.0,5.0,16.49,Residential,Central AC,18.0,2165.41
71.17,20.0,27.12,16.93,Residential,Heat Pump,23.76,958.27
128.25,29.0,25.57,7.5,Office,Split AC,22.83,2562.32
35.42,9.0,16.35,21.39,Office,Split AC,19.77,717.24
24.23,2.0,9.12,,Office,Central AC,18.0,771.73
29.38,8.0,19.3,19.88,Office,Split AC,21.89,649.45
121.47,40.0,17.21,12.28,Residential,Split AC,19.23,2325.82
17.68,7.0,27.08,19.68,Commercial,Split AC,23.92,459.61
43.9,16.0,30.0,7.53,Office,Central AC,24.25,1509.09
139.44,10.0,19.13,5.5,Residential,VRF,20.55,1415.19
17.01,8.0,30.45,12.65,Hospital,Heat Pump,23.4,620.12
135.39,36.0,24.91,17.46,Commercial,Heat Pump,24.31,2034.5
24.92,1.0,35.97,12.4,Residential,Rooftop Unit,28.8,546.99
16.96,3.0,56.16799779404467,10.09,Educational,Central AC,23.17,347.54
23.94,4.0,29.92,5.98,Hospital,Rooftop Unit,28.47,1085.43
-28.558002273859962,13.0,21.42,24.81,Educational,Split AC,25.75,618.88
179.24,28.0,27.13,17.4,Educational,Split AC,24.41,2600.59
77.37,10.0,17.42,24.2,Commercial,VRF,18.1,1098.25
114.66,16.0,33.93,16.17,Commercial,VRF,24.82,3323.3
55.74,8.0,24.52,30.0,Commercial,Central AC,25.85,
24.46,4.0,31.1,10.44,Educational,Central AC,25.41,719.73
35.7,15.0,6.28,23.78,Educational,Central AC,18.0,1114.85
77.2,19.0,17.29,0.6050769413664924,Residential,Split AC,20.96,8769.216542185963
30.68,17.0,22.43,17.02,Commercial,Heat Pump,21.83,768.47
33.09,12.0,41.54,11.64,Residential,VRF,24.2,1261.33
79.91,17.0,27.05,7.33,Residential,Split AC,24.38,1509.5
44.8,15.0,16.9,20.09,Residential,Rooftop Unit,18.0,991.94
29.04,1.0,17.17,10.08,Office,Rooftop Unit,18.51,433.51
74.6,12.0,44.34,,Commercial,VRF,23.48,2206.35
48.93,16.0,30.55,16.25,Office,Split AC,,1249.44
40.34,11.0,32.92,11.16,Commercial,VRF,26.54,1174.39
17.29,4.0,25.81,12.03,Commercial,Split AC,27.0,401.69
17.14,2.0,28.03,19.07,Office,VRF,25.2,234.92
14.38,3.0,18.12,12.56,Office,Central AC,20.25,295.22
214.26,35.0,22.43,7.36,Educational,Heat Pump,24.01,3075.32
130.94,31.0,19.09,11.86,Residential,Heat Pump,21.29,1604.17
44.44,12.0,31.73,20.95,Residential,,26.34,1161.74
63.42,18.0,30.89,9.12,Hospital,Heat Pump,23.51,2020.49
35.98,5.0,24.06,14.23,Hospital,Central AC,23.19,865.54
233.81,43.0,19.33,9.75,Office,Split AC,20.76,3772.8
87.91,20.0,35.33,14.87,Hospital,Split AC,27.5,4196.52
208.5,27.0,20.16,15.0,Office,Central AC,20.49,3881.22
25.85,7.0,38.86,30.0,Office,Split AC,26.59,541.36
58.11,8.0,33.7,16.81,Commercial,VRF,21.31,1519.7
41.63,12.0,12.61,20.85,Commercial,Split AC,18.99,1088.76
169.68,26.0,16.53,11.36,Commercial,VRF,19.65,3697.64
75.11,15.0,58.34832544399018,8.36,Commercial,Split AC,22.64,1498.61
10.75,8.0,15.0,30.0,Commercial,Split AC,19.5,443.97
78.9,12.0,34.62,14.8,Office,central ac,24.39,2526.23
20.35,4.0,7.4,26.73,Office,Split AC,18.0,491.61
22.13206473130785,110.0,36.53,23.01,Commercial,Split AC,26.49,1924.53
308.7487837752484,8.0,29.81,9.18,Residential,VRF,25.75,181.4634122360199
28.42,2.0,28.54,14.26,Commercial,Heat Pump,25.57,499.1
15.63,5.0,19.34,24.85,Residential,Central AC,19.78,230.39
149.94,,24.9,13.8,Residential,Heat Pump,24.58,1110.07
10.08,2.0,10.67,28.54603633380883,Educational,Split AC,18.31,12807.119959259053
15.89,8.0,20.27,11.81, Commercial,VRF,20.69,455.35
50.42,15.0,25.9,13.56,Residential,VRF,25.09,674.74
63.4,13.0,26.02,11.65,Residential,VRF,24.82,843.15
22.290543037259262,81.0,6.59,11.72,Residential,Central AC,18.0,650.86
22.61,4.0,40.61,10.54,Educational,Split AC,24.11,879.87
42.55,18.0,39.5,12.95,Residential,Split AC,26.46,1650.48
123.74,14.0,18.43,17.58,Educational,VRF,21.3,1140.14
71.92,15.0,36.3,11.81,Commercial,Central AC,28.48,3278.44
13.47,7.0,26.4,17.79,Residential,Heat Pump,27.14,177.33
196.91,27.0,21.72,15.12,Residential,Split AC,23.31,2416.19
78.0,13.0,27.06,8.67,Residential,Central AC,24.11,1624.06
18.35923370362819,4.0,40.53,17.9,Residential,Central AC,27.35,15801.842309516252
36.09,12.0,19.62,-9.02615289188098,Office,Split AC,20.17,642.5
143.01,20.0,18.59,11.9,Hospital,Split AC,19.27,3005.57
12.6,8.0,26.26,14.95,Hospital,Rooftop Unit,23.81,836.92
58.4,5.0,14.15,8.9,Residential,Split AC,21.11,1151.63
20.52,6.0,,17.71,Hospital,Central AC,27.37,667.53
29.0,7.0,26.62,16.76,Office,Split AC,25.28,678.58
148.55,12.0,34.31,23.13,Office,Central AC,27.99,3278.38
17.28,1.0,9.48,28.33,Office,VRF,22.09,-326.3524669387806
55.03,19.0,39.18,18.11,Residential,Central AC,28.0,1885.64
79.13,17.0,26.18,13.51,Residential,Rooftop Unit,25.37,1407.86
10.25,5.0,5.48,14.36,Office,VRF,23.97,462.77
13.09,5.0,24.11,16.15,Residential,Central AC,25.93,378.03
26.12,7.0,13.06,25.08,Educational,Rooftop Unit,20.09,574.08
17.7,7.0,18.35,14.96,Educational,Split AC,21.81,431.91
41.11,14.0,23.6,13.65,Residential,Central AC,24.79,
37.23,19.0,17.99,13.35,Office,Rooftop Unit,21.42,-199.3701863535087
74.0,18.0,18.08,8.79,Educational,Split AC,20.45,1472.43
21.5,5.0,24.01,10.8,Educational,Heat Pump,24.82,252.6
14.08,8.0,23.87,8.48,Hospital,Heat Pump,23.78,537.25
42.05,8.0,24.17,8.78,Hospital,Split AC,21.88,1018.88
72.83,13.0,29.05,11.01,Hospital,Split AC,27.46,2227.83
48.95,19.0,23.18,12.97,Educational,Central AC,23.96,1198.63
22.09,,14.21,20.42,Office,Split AC,20.85,643.77
54.1,20.0,8.7,22.19,Residential,Split AC,21.32,1424.11
15.108706547932098,108.0,29.01,14.62,Residential,Central AC,24.8,2046.85
20.96,8.0,24.24,20.08,Residential,VRF,24.13,400.81
-39.65941767445834,45.0,10.99,11.84,Residential,VRF,23.75,5761.17
206.87037482080856,3.0,15.28,12.95,Office,VRF,18.42,122.38928156083118
-7.817639813493635,7.0,12.99,9.58,Residential,Central AC,18.0,1095.26
171.56,28.0,38.26,7.89,Hospital,VRF,23.94,8092.86
17.348540805245385,11.0,27.34,8.52,Educational,Split AC,23.23,15702.792644202169
50.87,9.0,36.63,24.42,Commercial,Split AC,27.21,1398.32
106.97,36.0,26.54,15.68,Residential,Split AC,23.43,2378.23
79.7,18.0,34.42,14.93,Educational,Rooftop Unit,25.93,-251.16952986622525
26.03,4.0,9.4,14.18,Educational,Split AC,19.01,814.78
13.85,3.0,21.2,18.73,Office,Rooftop Unit,20.26,304.36
50.16,16.0,21.87,8.5,Educational,VRF,23.4,770.2
43.84,5.0,24.66,12.28,Residential,Heat Pump,20.34,498.68
32.96,19.0,12.73,15.77,Residential,Rooftop Unit,18.69,1266.47
22.5,1.0,13.06,13.96,Residential,Rooftop Unit,18.0,448.76
106.33,14.0,32.54,9.51,Office,Split AC,23.79,3915.21
22.1,6.0,28.3,22.47,Residential,Heat Pump,26.75,215.25
24.547007231419084,6.0,35.49,11.84,Office,Rooftop Unit,27.91,9066.480561915705
47.89,17.0,8.36,7.97,Residential,Heat Pump,20.43,1368.18
,2.0,21.54,15.73,Residential,Split AC,21.26,195.69
46.77,16.0,33.48,6.68,Commercial,VRF,20.17,2284.56
22.27,5.0,27.32,11.61,Office,Split AC,24.78,425.23
21.61,8.0,32.36,15.59,Office,Central AC,23.12,797.31
346.47,34.0,20.89,7.66,Educational,Heat Pump,20.71,3386.08
237.9,50.0,19.1,16.53,Residential,Central AC,21.26,4039.05
63.73,16.0,28.45,17.89,Residential,VRF,25.57,697.28
220.15,36.0,15.27,13.64,Residential,Central AC,18.0,4041.63
196.24,25.0,20.42,15.24,Hospital,Central AC,22.21,4386.37
14.62,5.0,26.56,17.24,Commercial,Split AC,24.98,389.92
173.01,14.0,24.45,11.92,Residential,Central AC,22.45,2516.39
46.36,18.0,23.52,10.95,Office,Split AC,21.99,1172.41
281.0405972820066,6.0,15.64,23.18,Office,Central AC,18.59,111.49524826639909
18.64,2.0,31.05,8.96,Educational,Central AC,23.59,9639.385664736377
96.5,20.0,21.36,8.26,Office,Central AC,21.8,2272.4
-11.285889754992375,5.0,17.67,8.54,Residential,Split AC,19.61,641.11
21.57,2.0,35.86,0.8690564208692437,Office,Heat Pump,23.04,12110.15244898271
138.8,38.0,8.73,10.12,Residential,VRF,20.45,3735.91
19.88,8.0,22.53,19.61,Commercial,VRF,23.99,436.9
13.69,1.0,19.41,25.980429827064217,Educational,Central AC,20.11,12729.238529951597
66.16,7.0,17.67,10.64,Residential,Central AC,20.44,1027.81
135.53,19.0,18.43,21.05,Commercial,VRF,21.73,
50.62,17.0,34.91,7.17,Residential,Central AC,26.79,1934.35
88.77,39.0,25.5,30.0,Office,Heat Pump,74.29524186738891,1484.82
22.026863689964728,105.0,21.76,14.54,Office,Split AC,22.01,869.04
63.84,20.0,36.72,20.12,Commercial,Split AC,26.54,2556.78
48.54,16.0,32.23,8.96,Educational,Heat Pump,23.8,1013.38
78.36,10.0,54.43990819447132,10.65,Residential,VRF,19.23,882.71
18.94,-1.0,23.6,23.07,Office,Central AC,25.33,547.43
139.52,29.0,15.47,6.59,Residential,Central AC,18.0,2804.26
166.0,34.0,32.49,17.79,Office,Split AC,26.19,4000.55
20.56,6.0,27.1,12.92,Residential,Split AC,26.19,382.85
30.39,7.0,22.43,9.48,Office,Rooftop Unit,19.54,779.33
169.95,25.0,31.79,21.45,Residential,Central AC,26.61,3359.23
324.0971770978057,3.0,42.57,16.68,Commercial,Central AC,28.21,141.77626919118413
29.52,5.0,20.92,11.43,Residential,VRF,20.66,344.13
76.1,20.0,7.47,9.56,,Central AC,18.0,3705.74
20.28,2.0,17.4,15.6,Office,Split AC,19.49,303.66
20.19,3.0,20.34,20.1,Educational,Split AC,20.97,244.13
20.2,5.0,19.93,18.5,Office,Central AC,20.73,329.24
27.58,3.0,18.35,13.89,Residential,Heat Pump,20.9,265.76
26.51,4.0,22.58,23.48,Residential,VRF,23.2,172.29
289.23,34.0,30.41,7.54,Residential,Split AC,24.6,5910.96
130.49,11.0,19.64,27.78,Residential,Heat Pump,20.89,710.47
54.17,12.0,32.77,13.82, Commercial,VRF,21.93,1768.49
100.09,16.0,31.19,8.47,Residential,Split AC,23.11,2722.7
39.77,18.0,29.19,11.94,Residential,Split AC,27.61,896.06
41.95,14.0,20.01,12.34,Educational,Split AC,20.28,941.9
23.42,8.0,9.66,9.76,Commercial,Split AC,20.8,1259.81
330.1796762156499,1.0,5.0,27.22,Commercial,Central AC,18.11,130.61277687920966
159.14,16.0,26.1,16.72,Commercial,Heat Pump,25.43,1832.6
18.37,5.0,23.12,5.93,Office,Central AC,24.65,520.01
61.43,12.0,17.91,5.81,Residential,Rooftop Unit,74.1285268480912,1516.06
51.9,16.0,21.84,10.27,Commercial,Central AC,21.34,1487.44
30.26,6.0,28.59,13.48,Residential,Central AC,25.36,559.1
78.23,14.0,18.15,12.07,Commercial,Rooftop Unit,20.64,1905.29
157.52,25.0,25.89,11.11,Residential,VRF,26.87,1759.77
51.12,15.0,10.71,30.0,Hospital, Central AC,19.12,1707.29
40.64,6.0,24.55,16.93,Residential,Rooftop Unit,23.88,533.21
23.6,2.0,18.0,29.904233981256315,Residential,Rooftop Unit,21.42,9676.76888686599
-47.026502019125964,16.0,41.36,9.68,Commercial,Split AC,28.34,4083.01
73.95,19.0,12.68,15.38,Commercial,VRF,24.2,1910.39
16.79,4.0,8.55,22.59,Office,Rooftop Unit,18.0,481.63
76.59,12.0,23.8,12.17,Residential,Central AC,22.65,1156.66
59.66,13.0,12.9,17.3,Residential,Heat Pump,20.73,748.75
56.98,21.0,24.3,12.37,Office,Central AC,20.78,2034.06
58.93,19.0,18.6,9.75,Office,Rooftop Unit,-12.117528659362222,1489.23
51.14,12.0,31.92,15.05,Residential,Central AC,26.79,1394.71
39.29,17.0,29.24,4.22,Residential,Split AC,28.25,-108.56446375257651
112.99,25.0,25.99,15.94,Educational,,23.25,2365.69
26.37,3.0,14.63,15.94,Residential,VRF,21.92,332.81
25.15,1.0,27.34,13.67,Residential,VRF,23.89,213.63
26.6,6.0,28.77,10.22,Educational,Rooftop Unit,26.32,721.44
75.42,17.0,24.56,16.23,Residential,Split AC,22.63,944.26
349.68063671142045,49.0,33.77,10.51,Commercial,Split AC,25.72,137.86733922515677
93.57,30.0,24.1,12.58,Office,Split AC,21.92,2147.77
68.46,17.0,23.14,17.0,Educational,Rooftop Unit,21.64,1326.02
106.08,24.0,6.91,20.71,Residential,Heat Pump ,23.14,1866.44
18.87,3.0,12.51,13.54,Residential,Central AC,18.0,386.62
41.12,11.0,13.31,7.19,Residential,Split AC,18.83,1172.1
16.41,5.0,28.65,7.36,Residential,VRF,25.45,333.45
57.27,20.0,31.92,4.86,Commercial,Split AC,22.33,2241.23
22.972562545155505,19.0,22.7,13.72,Commercial,Heat Pump,22.94,14328.513547777364
22.04,6.0,23.0,26.74,Educational,Central AC,20.75,362.9
10.337991227447484,101.0,28.87,9.48,Office,VRF,26.36,965.59
64.5,20.0,29.48,9.89,Office,Split AC,27.67,1915.65
46.89,2.0,40.79,12.45,Office,Split AC,28.59,9915.059442452428
23.439024999905577,21.0,12.22,28.54,Commercial,Rooftop Unit,19.52,14295.662420643625
27.46,7.0,30.85,17.17,Office,Heat Pump,25.67,621.81
,20.0,25.33,20.27,Commercial,Heat Pump,22.55,827.25
143.02,36.0,32.02,13.8,Residential,Central AC,25.08,3786.48
55.22,9.0,19.46,6.63,Commercial,Central AC,21.9,1493.89
25.67,6.0,19.05,0.9853011775281376,Residential,Central AC,19.73,12125.553312600023
27.35,3.0,35.08,11.18,Residential,Split AC,25.54,673.78
30.51,17.0,17.83,9.33,Residential,Split AC,21.4,900.7
12.45,2.0,36.38,10.92,Hospital,VRF,21.69,629.67
21.4,5.0,22.9,8.92,Residential,Rooftop Unit,22.74,416.38
88.81,,26.72,9.21,Commercial,Rooftop Unit,26.62,2806.68
27.05,8.0,16.95,15.82,Commercial,VRF,19.92,
21.37,5.0,16.19,14.59,Hospital,Central AC,20.49,699.95
19.73,2.0,44.97,14.48,Residential,Heat Pump,26.9,551.94
168.67,23.0,27.77,25.188879161604643,Office,Central AC,26.05,12230.76914203979
18.2,1.0,37.22,16.15,Office,Split AC,26.07,10158.213626772455
64.3,5.0,25.11,19.08,Office,Split AC,23.46,897.06
157.21,12.0,26.13,19.57,Residential,Split AC,24.08,1835.84
19.720481888454337,80.0,28.55,12.67,Office,Central AC,26.62,1704.74
37.13,20.0,18.48,27.267772400504036,Residential,Split AC,19.9,10791.51063618593
58.32,6.0,31.59,-5.146148666070208,Educational,Split AC,26.76,1111.62
65.39,18.0,23.69,14.53,OFFICE,Central AC,22.45,1615.27
13.84,6.0,28.63,19.5,Educational,Split AC,25.7,312.07
199.03,39.0,22.89,17.84,Commercial,Central AC,21.05,4153.4
74.02,17.0,27.74,10.81,Office,VRF,24.78,1374.32
36.26,15.0,5.0,,Commercial,Heat Pump,20.58,1445.9
29.72,7.0,44.87,30.0,Commercial,VRF,22.2,765.2
25.54,8.0,35.29,9.49,Educational,Split AC,23.93,947.19
-47.509467276769485,1.0,36.42,8.51,Residential,Central AC,25.69,392.79
35.16,18.0,28.46,12.3, Residential,Rooftop Unit,27.74,1160.41
17.54,6.0,15.28,15.11,Office,Heat Pump,18.46,355.41
94.06,30.0,22.15,17.4,Residential,Central AC,22.5,1893.84
45.97,10.0,20.37,25.24,Residential,Split AC,20.27,518.64
23.86,4.0,34.42,27.44,Office,Rooftop Unit,27.94,448.78
79.39,14.0,30.07,11.85,Residential,Split AC,23.93,1678.87
133.84,14.0,25.64,17.33,Educational,Rooftop Unit,21.33,2005.08
39.65,17.0,14.62,21.68,Residential,VRF,22.93,727.34
12.12,-6.0,40.8,14.8,Hospital,Central AC,26.95,1120.6
23.02,3.0,23.43,13.38,Residential,Rooftop Unit,22.0,406.84
67.84,14.0,20.46,12.49,Residential,Central AC,21.82,1077.04
40.12,11.0,7.55,8.83,Educational,Central AC,18.0,2098.19
29.18,8.0,14.73,15.46,Office,Central AC,19.53,872.05
59.62,10.0,34.49,16.63,Commercial,Central AC,27.5,2154.58
57.21,5.0,20.4,9.43,Office,Split AC,20.15,822.76
15.54,5.0,35.04,9.55,Commercial,Central AC,27.82,676.02
15.21,3.0,17.73,8.06,Residential,Heat Pump,21.32,177.52
65.18,16.0,19.25,15.0,Commercial,Central AC,18.98,1508.08
78.33,12.0,44.36,21.54,Office,Split AC,28.46,2478.26
24.42,3.0,11.19,30.0,Office,Central AC,20.41,358.35
64.7,12.0,16.55,4.77,Residential,Central AC,19.59,1547.32
128.01,36.0,27.16,-7.83725709918873,Residential,Heat Pump,25.93,1838.09
71.4,20.0,18.34,21.02,Residential,Split AC,20.54,835.23
13.56,4.0,24.76,11.86,Hospital,Central AC,23.92,406.23
22.0,8.0,12.25,10.87,Hospital,Central AC,18.88,1113.55
56.8,19.0,21.35,0.6047111283544017,Residential,Rooftop Unit,20.72,10014.084013237349
126.51,13.0,34.62,7.4,Commercial,Central AC,24.8,5124.94
58.37,14.0,27.05,10.08,Residential,Split AC,22.84,1327.05
52.39,20.0,35.83,13.95,Office,Rooftop Unit,26.21,2806.7
106.94,39.0,31.35,18.96,Educational,Rooftop Unit,26.19,3833.52
11.75,1.0,16.07,19.8,Office,Split AC,79.78792525472858,169.49
62.96,13.0,30.36,12.38,Educational,Central AC,24.59,
346.4193589671146,3.0,14.77,7.46,Residential,Split AC,20.43,106.84255627203238
27.63,5.0,26.77,19.94,Residential,Split AC,25.81,367.92
44.9,18.0,14.44,12.51,Hospital,VRF,20.82,1811.67
16.45,2.0,24.63,14.4,Office,VRF,21.57,240.21
23.97,3.0,26.92,-1.0043425433214,Hospital,VRF,24.92,493.0
152.99,20.0,19.31,8.2,Hospital,Rooftop Unit,20.06,3881.87
33.95,-1.0,28.63,10.72,Office,Heat Pump,26.18,661.68
275.57,43.0,25.82,16.55,Hospital,Central AC,27.51,6464.78
71.26,15.0,22.71,18.18,Commercial,VRF,21.95,1060.01
36.37,7.0,16.44,11.88,Residential,Central AC,18.0,743.53
17.41,3.0,18.19,7.37,Commercial,Central AC,20.31,472.86
21.89,2.0,17.37,6.67,Office,Split AC,20.71,462.9
38.88,9.0,22.84,7.01,Educational,Split AC,22.34,718.03
243.38,35.0,23.8,13.7,Commercial,Rooftop Unit,22.97,-436.5485424561198
23.32,1.0,19.31,3.63,Commercial,VRF,22.58,395.5
31.34,18.0,23.67,7.92,Commercial,Split AC,23.06,1111.82
148.56,26.0,12.7,14.36,Residential,Central AC,18.6,3481.11
21.26,2.0,18.72,20.82,Commercial,Central AC,20.19,308.36
13.109014772886962,108.0,25.03,15.69,Residential,VRF,23.76,1437.45
306.62,40.0,28.97,17.34,Hospital,Central AC,28.02,7410.37
20.13,8.0,26.79,18.82,Residential,VRF,24.21,334.82
16.92,1.0,22.57,-8.318041753821944,Office,Heat Pump,20.92,117.38
38.8,15.0,56.43882253573338,14.06,Office,Split AC,25.03,840.24
20.21,3.0,35.11,12.34,Office,VRF,23.41,532.79
12.8,6.0,11.49,22.33,Residential,Central AC,18.0,
13.26,2.0,26.42,-1.402313675477593,Residential,Heat Pump,23.95,139.18
89.24,30.0,26.95,30.0,Commercial,Split AC,24.3,1858.86
12.51,1.0,21.6,20.37,Residential,VRF,21.39,50.0
50.52,15.0,26.86,10.91,Residential,VRF,24.44,732.73
173.2,37.0,14.49,4.96,Residential,Central AC,20.56,4695.2
200.09,39.0,26.77,5.28,Residential,Split AC,25.8,3401.07
19.510127374690864,123.0,35.32,7.71,Hospital,Rooftop Unit,26.03,1708.18
145.29,-6.0,21.03,15.78,Commercial,Split AC,22.39,2651.39
25.94,1.0,26.44,13.94,Residential,Heat Pump,24.81,232.44
98.1,32.0,21.35,15.88,Residential,Heat Pump,21.19,1411.67
31.79,6.0,33.44,27.224180363832048,Office,Heat Pump,24.03,12970.17894862264
,19.0,29.95,11.65,Residential,Split AC,27.72,1485.1
25.4,4.0,17.72,13.39,Office,Split AC,19.62,467.66
14.7,6.0,17.15,10.94,Office,Split AC,18.0,441.09
16.9,5.0,22.34,7.08,Residential,Rooftop Unit,21.57,391.65
26.27,8.0,12.98,13.47,Educational,Split AC,20.83,801.55
24.04,8.0,25.66,27.06,Residential,Split AC,25.15,436.75
19.36,9.0,31.56,13.32,Office,VRF,24.47,553.45
17.77,2.0,20.84,14.89,Commercial,VRF,20.82,186.05
16.17383374086633,78.0,18.95,9.46,Office,VRF,21.38,235.68
23.64,7.0,38.33,17.48,Educational,VRF,22.77,617.93
167.23,36.0,28.81,16.28,Commercial,VRF,27.89,3232.99
20.98,2.0,43.3,18.99,Residential,Split AC,28.96,452.9
166.17,40.0,24.73,8.24,Educational,Central AC,23.46,3251.07
142.03,37.0,27.18,10.38,Residential,Split AC,27.48,2157.26
48.84,16.0,20.56,13.81,Commercial,Heat Pump,22.63,965.95
25.21,1.0,5.0,12.54,Residential,Rooftop Unit,18.0,889.8
78.88,18.0,43.62,10.42,,VRF,25.49,2673.75
78.68,18.0,17.81,19.14,,Split AC,21.09,1384.66
14.43,,21.62,16.98,Office,Central AC,22.03,204.43
76.58,16.0,24.77,16.57,Hospital,Central AC,22.49,2090.43
333.69,49.0,27.52,20.57,Residential,VRF,27.1,2398.54
22.92395549259837,45.0,37.88,28.32,Residential,VRF,22.22,15498.534093304992
177.3,18.0,28.56,30.0,Residential,Split AC,,1543.16
199.39,35.0,11.67,5.75,Residential,VRF,20.1,4295.13
30.01,2.0,23.47,5.49,Educational,Rooftop Unit,24.19,8584.720148336568
12.72,4.0,29.01,10.23,Commercial,Split AC,26.33,390.69
12.1,5.0,,14.07,Educational,Split AC,18.6,439.89
42.56,10.0,37.16,24.69,Residential,Split AC,-3.471728221816253,1022.88
38.38,7.0,7.0,15.37,Educational,VRF,20.61,883.75
13.91,4.0,35.61,13.3,Commercial,Split AC,27.28,617.0
27.24,1.0,13.25,18.42,Educational,Central AC,19.3,413.14
14.39,3.0,24.25,16.37,Commercial,VRF,22.7,230.66
27.68,7.0,29.06,9.4,Residential,Rooftop Unit,23.99,691.09
75.31,17.0,35.8,17.1,Residential,Split AC,25.05,2086.26
20.301024429620938,104.0,25.04,18.93,Educational,VRF,22.53,231.09
73.47,6.0,42.32,15.56,Office,Heat Pump,26.71,2278.75
19.576554449919417,110.0,13.61,25.77,Commercial,Central AC,20.22,6103.17
163.76,19.0,24.93,21.2,Residential,VRF,23.76,
18.11282156606952,74.0,24.33,10.65,Residential,VRF,21.39,1047.12
14.28,3.0,15.1,21.54,Office,Split AC,19.49,301.37
18.77,6.0,26.17,7.28,Residential,Heat Pump,25.3,294.98
45.71,10.0,32.87,14.45,Commercial,VRF,22.57,1400.72
28.18,4.0,31.52,11.42,Office,Split AC,26.45,795.02
19.72,5.0,24.0,12.87,Commercial,Split AC,22.98,426.13
30.72,17.0,16.29,14.47, Office,Split AC,18.49,1126.97
59.9,15.0,19.22,11.72,Residential,Split AC,22.09,1133.66
17.62,5.0,27.98,9.21,Residential,VRF,25.63,229.99
29.24,8.0,22.1,9.45,Office,Split AC,20.93,724.18
46.07,6.0,21.4,14.86,Residential,VRF,21.05,527.25
22.8,3.0,33.22,12.3,Residential ,Heat Pump,21.89,458.08
39.98,9.0,10.79,21.01,Office,Rooftop Unit,18.0,1440.39
10.19,5.0,24.15,14.69,Commercial,Heat Pump,21.53,288.74
43.01,13.0,6.44,8.61,Commercial,Split AC,18.0,2274.6
24.56,1.0,35.25,11.45,Office,Central AC,29.73,675.18
10.07,8.0,12.48,16.63,Commercial,Rooftop Unit,18.53,542.33
20.14,-5.0,22.56,11.34,Hospital,Rooftop Unit,24.09,824.31
24.33,3.0,40.13,18.04,Commercial,Split AC,28.17,895.99
23.16,3.0,40.84,14.0,Commercial,Central AC,29.29,1068.02
151.09,29.0,28.73,6.27,Hospital,Central AC,-15.688001491957296,5385.59
20.43,2.0,13.71,6.81,residential,Heat Pump,21.95,345.77
35.77,15.0,25.43,12.47,Residential,VRF,22.37,606.35
21.06,4.0,18.45,6.56,Residential,VRF,21.87,433.6
14.45466366788391,127.0,38.85,16.55,Commercial,VRF,27.24,794.38
16.54,6.0,18.86,24.27,Residential,Split AC,20.27,227.03
23.11,6.0,32.54,20.88,Residential,Split AC,25.79,433.74
15.33,8.0,10.93,12.61,Office,Central AC,19.86,621.31
19.12,3.0,23.53,17.22,Residential,VRF,22.87,231.52
24.19,3.0,43.15,16.14,Educational,Split AC,28.2,860.28
36.46,8.0,15.14,17.36,Residential,VRF ,18.0,573.6
29.93,,34.46,19.67,Educational,Central AC,26.62,738.4
69.18,15.0,23.86,10.41,Educational,Central AC,22.94,1433.16
18.48,5.0,19.76,23.23,Hospital ,Central AC,20.89,564.49
86.9,10.0,15.96,17.33,Educational,Rooftop Unit,21.09,
74.81,19.0,33.33,10.57,Hospital,Split AC,25.86,3571.24
28.22,7.0,24.86,9.36,Hospital,VRF,25.17,690.9
28.25,5.0,6.25,21.54,Hospital,Rooftop Unit,18.0,1211.84
49.62,13.0,25.42,15.84,Office,Split AC,24.16,792.72
